scenario_id,category,theta,rho,alpha,rep_idx,seed,num_partitions,detected,K_true,K_hat,rf1,ppv,tpr,s_triad,j_snp,runtime_ms
power_theta10_rho0,power,10.0,0.0,-1.0,12,20011132,1,False,0,0,1.0,1.0,1.0,1.0,1.0,20.670166999999907
power_theta10_rho0,power,10.0,0.0,-1.0,5,20011125,1,False,0,0,1.0,1.0,1.0,1.0,1.0,16.017583000000002
power_theta10_rho0,power,10.0,0.0,-1.0,8,20011128,1,False,0,0,1.0,1.0,1.0,1.0,1.0,20.293040999999956
power_theta10_rho0,power,10.0,0.0,-1.0,11,20011131,1,False,0,0,1.0,1.0,1.0,1.0,1.0,16.27362499999996
power_theta10_rho0,power,10.0,0.0,-1.0,10,20011130,1,False,0,0,1.0,1.0,1.0,1.0,1.0,20.67020800000008
power_theta10_rho0,power,10.0,0.0,-1.0,15,20011135,1,False,0,0,1.0,1.0,1.0,1.0,1.0,16.739457999999985
power_theta10_rho0,power,10.0,0.0,-1.0,14,20011134,1,False,0,0,1.0,1.0,1.0,1.0,1.0,30.859083000000066
power_theta10_rho0,power,10.0,0.0,-1.0,7,20011127,1,False,0,0,1.0,1.0,1.0,1.0,1.0,16.646374999999992
power_theta10_rho0,power,10.0,0.0,-1.0,0,20011120,1,False,0,0,1.0,1.0,1.0,1.0,1.0,16.73454200000002
power_theta10_rho0,power,10.0,0.0,-1.0,4,20011124,1,False,0,0,1.0,1.0,1.0,1.0,1.0,16.697416000000075
power_theta10_rho0,power,10.0,0.0,-1.0,18,20011138,1,False,0,0,1.0,1.0,1.0,1.0,1.0,8.715999999999946
power_theta10_rho0,power,10.0,0.0,-1.0,17,20011137,1,False,0,0,1.0,1.0,1.0,1.0,1.0,8.767458000000005
power_theta10_rho0,power,10.0,0.0,-1.0,16,20011136,1,False,0,0,1.0,1.0,1.0,1.0,1.0,9.267000000000024
power_theta10_rho0,power,10.0,0.0,-1.0,19,20011139,1,False,0,0,1.0,1.0,1.0,1.0,1.0,9.237332999999959
power_theta10_rho0,power,10.0,0.0,-1.0,20,20011140,1,False,0,0,1.0,1.0,1.0,1.0,1.0,7.481874999999971
power_theta10_rho0,power,10.0,0.0,-1.0,1,20011121,1,False,0,0,1.0,1.0,1.0,1.0,1.0,16.476874999999946
power_theta10_rho0,power,10.0,0.0,-1.0,22,20011142,1,False,0,0,1.0,1.0,1.0,1.0,1.0,8.364458000000074
power_theta10_rho0,power,10.0,0.0,-1.0,21,20011141,1,False,0,0,1.0,1.0,1.0,1.0,1.0,8.574209000000055
power_theta10_rho0,power,10.0,0.0,-1.0,23,20011143,1,False,0,0,1.0,1.0,1.0,1.0,1.0,7.8323750000000025
power_theta10_rho0,power,10.0,0.0,-1.0,3,20011123,1,False,0,0,1.0,1.0,1.0,1.0,1.0,20.71104200000007
power_theta10_rho0,power,10.0,0.0,-1.0,24,20011144,1,False,0,0,1.0,1.0,1.0,1.0,1.0,8.996832999999981
power_theta10_rho0,power,10.0,0.0,-1.0,2,20011122,1,False,0,0,1.0,1.0,1.0,1.0,1.0,16.571833999999953
power_theta10_rho0,power,10.0,0.0,-1.0,9,20011129,1,False,0,0,1.0,1.0,1.0,1.0,1.0,20.657291000000022
power_theta10_rho0,power,10.0,0.0,-1.0,27,20011147,1,False,0,0,1.0,1.0,1.0,1.0,1.0,9.679957999999989
power_theta10_rho0,power,10.0,0.0,-1.0,26,20011146,1,False,0,0,1.0,1.0,1.0,1.0,1.0,9.918208999999955
power_theta10_rho0,power,10.0,0.0,-1.0,28,20011148,1,False,0,0,1.0,1.0,1.0,1.0,1.0,9.513333000000014
power_theta10_rho0,power,10.0,0.0,-1.0,29,20011149,1,False,0,0,1.0,1.0,1.0,1.0,1.0,9.80649999999994
power_theta10_rho0,power,10.0,0.0,-1.0,30,20011150,1,False,0,0,1.0,1.0,1.0,1.0,1.0,8.801749999999942
power_theta10_rho0,power,10.0,0.0,-1.0,6,20011126,1,False,0,0,1.0,1.0,1.0,1.0,1.0,21.04941699999996
power_theta10_rho0,power,10.0,0.0,-1.0,32,20011152,1,False,0,0,1.0,1.0,1.0,1.0,1.0,8.690499999999934
power_theta10_rho0,power,10.0,0.0,-1.0,33,20011153,1,False,0,0,1.0,1.0,1.0,1.0,1.0,8.882124999999963
power_theta10_rho0,power,10.0,0.0,-1.0,31,20011151,1,False,0,0,1.0,1.0,1.0,1.0,1.0,8.982166000000014
power_theta10_rho0,power,10.0,0.0,-1.0,13,20011133,1,False,0,0,1.0,1.0,1.0,1.0,1.0,20.823833000000015
power_theta10_rho0,power,10.0,0.0,-1.0,34,20011154,1,False,0,0,1.0,1.0,1.0,1.0,1.0,9.92241699999996
power_theta10_rho0,power,10.0,0.0,-1.0,35,20011155,1,False,0,0,1.0,1.0,1.0,1.0,1.0,9.008000000000017
power_theta10_rho0,power,10.0,0.0,-1.0,25,20011145,1,False,0,0,1.0,1.0,1.0,1.0,1.0,7.64104099999996
power_theta10_rho0,power,10.0,0.0,-1.0,39,20011159,1,False,0,0,1.0,1.0,1.0,1.0,1.0,151.21675000000002
power_theta10_rho0,power,10.0,0.0,-1.0,40,20011160,1,False,0,0,1.0,1.0,1.0,1.0,1.0,151.13695900000002
power_theta10_rho0,power,10.0,0.0,-1.0,48,20011168,1,False,0,0,1.0,1.0,1.0,1.0,1.0,155.965833
power_theta10_rho0,power,10.0,0.0,-1.0,49,20011169,1,False,0,0,1.0,1.0,1.0,1.0,1.0,154.32337500000003
power_theta10_rho0,power,10.0,0.0,-1.0,47,20011167,1,False,0,0,1.0,1.0,1.0,1.0,1.0,159.7775
power_theta10_rho0,power,10.0,0.0,-1.0,36,20011156,1,False,0,0,1.0,1.0,1.0,1.0,1.0,9.208415999999996
power_theta10_rho0,power,10.0,0.0,-1.0,53,20011173,1,False,0,0,1.0,1.0,1.0,1.0,1.0,9.009499999999893
power_theta10_rho0,power,10.0,0.0,-1.0,52,20011172,1,False,0,0,1.0,1.0,1.0,1.0,1.0,9.79624999999995
power_theta10_rho0,power,10.0,0.0,-1.0,44,20011164,1,False,0,0,1.0,1.0,1.0,1.0,1.0,161.737208
power_theta10_rho0,power,10.0,0.0,-1.0,43,20011163,1,False,0,0,1.0,1.0,1.0,1.0,1.0,170.5739169999999
power_theta10_rho0,power,10.0,0.0,-1.0,46,20011166,1,False,0,0,1.0,1.0,1.0,1.0,1.0,160.15037500000005
power_theta10_rho0,power,10.0,0.0,-1.0,42,20011162,1,False,0,0,1.0,1.0,1.0,1.0,1.0,178.36170800000005
power_theta10_rho0,power,10.0,0.0,-1.0,38,20011158,1,False,0,0,1.0,1.0,1.0,1.0,1.0,9.32524999999995
power_theta10_rho0,power,10.0,0.0,-1.0,57,20011177,1,False,0,0,1.0,1.0,1.0,1.0,1.0,9.543250000000004
power_theta10_rho0,power,10.0,0.0,-1.0,58,20011178,1,False,0,0,1.0,1.0,1.0,1.0,1.0,9.503499999999999
power_theta10_rho0,power,10.0,0.0,-1.0,61,20011181,1,False,0,0,1.0,1.0,1.0,1.0,1.0,6.263459000000027
power_theta10_rho0,power,10.0,0.0,-1.0,56,20011176,1,False,0,0,1.0,1.0,1.0,1.0,1.0,6.836834000000014
power_theta10_rho0,power,10.0,0.0,-1.0,60,20011180,1,False,0,0,1.0,1.0,1.0,1.0,1.0,8.82545899999998
power_theta10_rho0,power,10.0,0.0,-1.0,54,20011174,1,False,0,0,1.0,1.0,1.0,1.0,1.0,9.418625000000013
power_theta10_rho0,power,10.0,0.0,-1.0,55,20011175,1,False,0,0,1.0,1.0,1.0,1.0,1.0,8.708333000000067
power_theta10_rho0,power,10.0,0.0,-1.0,64,20011184,1,False,0,0,1.0,1.0,1.0,1.0,1.0,9.572041999999946
power_theta10_rho0,power,10.0,0.0,-1.0,63,20011183,1,False,0,0,1.0,1.0,1.0,1.0,1.0,9.29650000000004
power_theta10_rho0,power,10.0,0.0,-1.0,41,20011161,1,False,0,0,1.0,1.0,1.0,1.0,1.0,182.51454099999998
power_theta10_rho0,power,10.0,0.0,-1.0,65,20011185,1,False,0,0,1.0,1.0,1.0,1.0,1.0,8.905374999999992
power_theta10_rho0,power,10.0,0.0,-1.0,59,20011179,1,False,0,0,1.0,1.0,1.0,1.0,1.0,7.1719590000000055
power_theta10_rho0,power,10.0,0.0,-1.0,66,20011186,1,False,0,0,1.0,1.0,1.0,1.0,1.0,8.898167000000011
power_theta10_rho0,power,10.0,0.0,-1.0,68,20011188,1,False,0,0,1.0,1.0,1.0,1.0,1.0,9.202040999999994
power_theta10_rho0,power,10.0,0.0,-1.0,62,20011182,1,False,0,0,1.0,1.0,1.0,1.0,1.0,8.921207999999957
power_theta10_rho0,power,10.0,0.0,-1.0,69,20011189,1,False,0,0,1.0,1.0,1.0,1.0,1.0,8.177583000000045
power_theta10_rho0,power,10.0,0.0,-1.0,70,20011190,1,False,0,0,1.0,1.0,1.0,1.0,1.0,8.226292000000024
power_theta10_rho0,power,10.0,0.0,-1.0,67,20011187,1,False,0,0,1.0,1.0,1.0,1.0,1.0,8.355917000000046
power_theta10_rho0,power,10.0,0.0,-1.0,72,20011192,1,False,0,0,1.0,1.0,1.0,1.0,1.0,6.882208000000056
power_theta10_rho0,power,10.0,0.0,-1.0,71,20011191,1,False,0,0,1.0,1.0,1.0,1.0,1.0,8.687042000000034
power_theta10_rho0,power,10.0,0.0,-1.0,73,20011193,1,False,0,0,1.0,1.0,1.0,1.0,1.0,8.266291999999954
power_theta10_rho0,power,10.0,0.0,-1.0,78,20011198,1,False,0,0,1.0,1.0,1.0,1.0,1.0,6.827917000000072
power_theta10_rho0,power,10.0,0.0,-1.0,76,20011196,1,False,0,0,1.0,1.0,1.0,1.0,1.0,9.471708000000078
power_theta10_rho0,power,10.0,0.0,-1.0,75,20011195,1,False,0,0,1.0,1.0,1.0,1.0,1.0,9.537791000000073
power_theta10_rho0,power,10.0,0.0,-1.0,74,20011194,1,False,0,0,1.0,1.0,1.0,1.0,1.0,8.036374999999985
power_theta10_rho0,power,10.0,0.0,-1.0,80,20011200,1,False,0,0,1.0,1.0,1.0,1.0,1.0,8.205000000000018
power_theta10_rho0,power,10.0,0.0,-1.0,79,20011199,1,False,0,0,1.0,1.0,1.0,1.0,1.0,8.731083000000028
power_theta10_rho0,power,10.0,0.0,-1.0,82,20011202,1,False,0,0,1.0,1.0,1.0,1.0,1.0,7.839083999999996
power_theta10_rho0,power,10.0,0.0,-1.0,81,20011201,1,False,0,0,1.0,1.0,1.0,1.0,1.0,8.431874999999977
power_theta10_rho0,power,10.0,0.0,-1.0,77,20011197,1,False,0,0,1.0,1.0,1.0,1.0,1.0,8.267583000000078
power_theta10_rho0,power,10.0,0.0,-1.0,88,20011208,1,False,0,0,1.0,1.0,1.0,1.0,1.0,6.37191700000006
power_theta10_rho0,power,10.0,0.0,-1.0,83,20011203,1,False,0,0,1.0,1.0,1.0,1.0,1.0,9.729832999999966
power_theta10_rho0,power,10.0,0.0,-1.0,86,20011206,1,False,0,0,1.0,1.0,1.0,1.0,1.0,8.361541999999943
power_theta10_rho0,power,10.0,0.0,-1.0,85,20011205,1,False,0,0,1.0,1.0,1.0,1.0,1.0,8.552541999999995
power_theta10_rho0,power,10.0,0.0,-1.0,92,20011212,1,False,0,0,1.0,1.0,1.0,1.0,1.0,7.60291599999996
power_theta10_rho0,power,10.0,0.0,-1.0,94,20011214,1,False,0,0,1.0,1.0,1.0,1.0,1.0,7.5409579999999865
power_theta10_rho0,power,10.0,0.0,-1.0,84,20011204,1,False,0,0,1.0,1.0,1.0,1.0,1.0,8.7394999999999
power_theta10_rho0,power,10.0,0.0,-1.0,93,20011213,1,False,0,0,1.0,1.0,1.0,1.0,1.0,7.310124999999945
power_theta10_rho0,power,10.0,0.0,-1.0,87,20011207,1,False,0,0,1.0,1.0,1.0,1.0,1.0,6.815165999999984
power_theta10_rho0,power,10.0,0.0,-1.0,96,20011216,1,False,0,0,1.0,1.0,1.0,1.0,1.0,6.114417000000039
power_theta10_rho0,power,10.0,0.0,-1.0,91,20011211,1,False,0,0,1.0,1.0,1.0,1.0,1.0,8.442792000000088
power_theta10_rho0,power,10.0,0.0,-1.0,95,20011215,1,False,0,0,1.0,1.0,1.0,1.0,1.0,7.6384999999999925
power_theta10_rho0,power,10.0,0.0,-1.0,97,20011217,1,False,0,0,1.0,1.0,1.0,1.0,1.0,8.619999999999962
power_theta10_rho0,power,10.0,0.0,-1.0,90,20011210,1,False,0,0,1.0,1.0,1.0,1.0,1.0,8.153624999999941
power_theta10_rho0,power,10.0,0.0,-1.0,98,20011218,1,False,0,0,1.0,1.0,1.0,1.0,1.0,7.575582999999941
power_theta10_rho0,power,10.0,0.0,-1.0,99,20011219,1,False,0,0,1.0,1.0,1.0,1.0,1.0,5.988499999999952
power_theta10_rho0,power,10.0,0.0,-1.0,89,20011209,1,False,0,0,1.0,1.0,1.0,1.0,1.0,8.274166999999943
power_theta10_rho1,power,10.0,1.0,-1.0,1,20021121,3,False,3,0,0.0,0.0,0.0,0.0,0.0,7.720124999999967
power_theta10_rho1,power,10.0,1.0,-1.0,4,20021124,2,False,1,0,0.0,0.0,0.0,0.0,0.0,6.707624999999995
power_theta10_rho1,power,10.0,1.0,-1.0,0,20021120,4,False,0,0,1.0,1.0,1.0,1.0,1.0,8.780166999999949
power_theta10_rho1,power,10.0,1.0,-1.0,9,20021129,2,False,1,0,0.0,0.0,0.0,0.0,0.0,6.821333999999957
power_theta10_rho1,power,10.0,1.0,-1.0,7,20021127,3,False,0,0,1.0,1.0,1.0,1.0,1.0,8.57450000000004
power_theta10_rho1,power,10.0,1.0,-1.0,6,20021126,5,False,2,0,0.0,0.0,0.0,0.0,0.0,9.900958000000015
power_theta10_rho1,power,10.0,1.0,-1.0,5,20021125,5,False,1,0,0.0,0.0,0.0,0.0,0.0,9.760000000000101
power_theta10_rho1,power,10.0,1.0,-1.0,2,20021122,6,False,0,0,1.0,1.0,1.0,1.0,1.0,9.966041999999952
power_theta10_rho1,power,10.0,1.0,-1.0,3,20021123,7,False,5,0,0.0,0.0,0.0,0.0,0.0,8.983709000000006
power_theta10_rho1,power,10.0,1.0,-1.0,10,20021130,4,False,0,0,1.0,1.0,1.0,1.0,1.0,9.10808299999999
power_theta10_rho1,power,10.0,1.0,-1.0,12,20021132,2,False,0,0,1.0,1.0,1.0,1.0,1.0,9.854833000000118
power_theta10_rho1,power,10.0,1.0,-1.0,13,20021133,3,False,0,0,1.0,1.0,1.0,1.0,1.0,9.700625000000018
power_theta10_rho1,power,10.0,1.0,-1.0,18,20021138,1,False,0,0,1.0,1.0,1.0,1.0,1.0,7.171041999999961
power_theta10_rho1,power,10.0,1.0,-1.0,8,20021128,10,False,0,0,1.0,1.0,1.0,1.0,1.0,10.12141699999991
power_theta10_rho1,power,10.0,1.0,-1.0,19,20021139,3,False,0,0,1.0,1.0,1.0,1.0,1.0,7.304916999999911
power_theta10_rho1,power,10.0,1.0,-1.0,17,20021137,2,False,1,0,0.0,0.0,0.0,0.0,0.0,9.330832999999927
power_theta10_rho1,power,10.0,1.0,-1.0,16,20021136,4,False,0,0,1.0,1.0,1.0,1.0,1.0,10.430458999999948
power_theta10_rho1,power,10.0,1.0,-1.0,11,20021131,9,False,1,0,0.0,0.0,0.0,0.0,0.0,10.391084000000106
power_theta10_rho1,power,10.0,1.0,-1.0,15,20021135,5,False,1,0,0.0,0.0,0.0,0.0,0.0,9.28949999999995
power_theta10_rho1,power,10.0,1.0,-1.0,14,20021134,7,False,3,0,0.0,0.0,0.0,0.0,0.0,8.766207999999942
power_theta10_rho0,power,10.0,0.0,-1.0,50,20011170,1,False,0,0,1.0,1.0,1.0,1.0,1.0,311.94483299999996
power_theta10_rho1,power,10.0,1.0,-1.0,21,20021141,5,False,1,0,0.0,0.0,0.0,0.0,0.0,11.096458000000142
power_theta10_rho0,power,10.0,0.0,-1.0,51,20011171,1,False,0,0,1.0,1.0,1.0,1.0,1.0,332.058458
power_theta10_rho1,power,10.0,1.0,-1.0,22,20021142,6,False,0,0,1.0,1.0,1.0,1.0,1.0,8.77574999999986
power_theta10_rho1,power,10.0,1.0,-1.0,20,20021140,6,False,0,0,1.0,1.0,1.0,1.0,1.0,10.140459000000046
power_theta10_rho1,power,10.0,1.0,-1.0,23,20021143,5,False,2,0,0.0,0.0,0.0,0.0,0.0,9.38762500000001
power_theta10_rho1,power,10.0,1.0,-1.0,24,20021144,4,False,4,0,0.0,0.0,0.0,0.0,0.0,9.69862499999996
power_theta10_rho0,power,10.0,0.0,-1.0,45,20011165,1,False,0,0,1.0,1.0,1.0,1.0,1.0,341.26608400000003
power_theta10_rho1,power,10.0,1.0,-1.0,29,20021149,4,False,0,0,1.0,1.0,1.0,1.0,1.0,7.178582999999961
power_theta10_rho1,power,10.0,1.0,-1.0,25,20021145,4,False,0,0,1.0,1.0,1.0,1.0,1.0,10.230957999999957
power_theta10_rho1,power,10.0,1.0,-1.0,30,20021150,4,False,0,0,1.0,1.0,1.0,1.0,1.0,8.885707999999992
power_theta10_rho1,power,10.0,1.0,-1.0,27,20021147,5,False,1,0,0.0,0.0,0.0,0.0,0.0,6.8855000000001
power_theta10_rho1,power,10.0,1.0,-1.0,31,20021151,6,False,4,0,0.0,0.0,0.0,0.0,0.0,9.007583000000041
power_theta10_rho1,power,10.0,1.0,-1.0,28,20021148,4,False,1,0,0.0,0.0,0.0,0.0,0.0,9.013124999999844
power_theta10_rho1,power,10.0,1.0,-1.0,26,20021146,5,False,2,0,0.0,0.0,0.0,0.0,0.0,8.739625000000029
power_theta10_rho0,power,10.0,0.0,-1.0,37,20011157,1,False,0,0,1.0,1.0,1.0,1.0,1.0,10.326374999999999
power_theta10_rho1,power,10.0,1.0,-1.0,38,20021158,1,False,0,0,1.0,1.0,1.0,1.0,1.0,10.491166999999857
power_theta10_rho1,power,10.0,1.0,-1.0,32,20021152,10,True,4,1,0.0,0.0,0.0,0.004400586359529685,0.0,10.105207999999921
power_theta10_rho1,power,10.0,1.0,-1.0,35,20021155,2,False,0,0,1.0,1.0,1.0,1.0,1.0,9.241208000000167
power_theta10_rho1,power,10.0,1.0,-1.0,37,20021157,3,False,2,0,0.0,0.0,0.0,0.0,0.0,8.20966699999981
power_theta10_rho1,power,10.0,1.0,-1.0,33,20021153,6,False,0,0,1.0,1.0,1.0,1.0,1.0,9.050958999999859
power_theta10_rho1,power,10.0,1.0,-1.0,36,20021156,4,False,2,0,0.0,0.0,0.0,0.0,0.0,8.73470799999998
power_theta10_rho1,power,10.0,1.0,-1.0,45,20021165,1,False,0,0,1.0,1.0,1.0,1.0,1.0,10.076375000000137
power_theta10_rho1,power,10.0,1.0,-1.0,43,20021163,1,False,0,0,1.0,1.0,1.0,1.0,1.0,7.824542000000045
power_theta10_rho1,power,10.0,1.0,-1.0,44,20021164,1,False,0,0,1.0,1.0,1.0,1.0,1.0,7.151874999999919
power_theta10_rho1,power,10.0,1.0,-1.0,46,20021166,2,False,0,0,1.0,1.0,1.0,1.0,1.0,7.186082999999899
power_theta10_rho1,power,10.0,1.0,-1.0,34,20021154,10,False,2,0,0.0,0.0,0.0,0.0,0.0,9.266875000000008
power_theta10_rho1,power,10.0,1.0,-1.0,42,20021162,5,False,0,0,1.0,1.0,1.0,1.0,1.0,9.268540999999964
power_theta10_rho1,power,10.0,1.0,-1.0,39,20021159,7,False,1,0,0.0,0.0,0.0,0.0,0.0,8.694250000000014
power_theta10_rho1,power,10.0,1.0,-1.0,41,20021161,4,False,0,0,1.0,1.0,1.0,1.0,1.0,9.721042000000013
power_theta10_rho1,power,10.0,1.0,-1.0,40,20021160,5,False,0,0,1.0,1.0,1.0,1.0,1.0,9.559749999999978
power_theta10_rho1,power,10.0,1.0,-1.0,48,20021168,2,False,0,0,1.0,1.0,1.0,1.0,1.0,10.202083000000028
power_theta10_rho1,power,10.0,1.0,-1.0,52,20021172,1,False,0,0,1.0,1.0,1.0,1.0,1.0,9.416541
power_theta10_rho1,power,10.0,1.0,-1.0,50,20021170,4,False,0,0,1.0,1.0,1.0,1.0,1.0,8.28587500000011
power_theta10_rho1,power,10.0,1.0,-1.0,47,20021167,5,False,2,0,0.0,0.0,0.0,0.0,0.0,9.472165999999893
power_theta10_rho1,power,10.0,1.0,-1.0,49,20021169,3,False,1,0,0.0,0.0,0.0,0.0,0.0,10.557667000000048
power_theta10_rho1,power,10.0,1.0,-1.0,55,20021175,2,False,0,0,1.0,1.0,1.0,1.0,1.0,9.88287500000018
power_theta10_rho1,power,10.0,1.0,-1.0,59,20021179,2,False,1,0,0.0,0.0,0.0,0.0,0.0,8.561582999999873
power_theta10_rho1,power,10.0,1.0,-1.0,60,20021180,2,False,0,0,1.0,1.0,1.0,1.0,1.0,9.428041000000054
power_theta10_rho1,power,10.0,1.0,-1.0,57,20021177,3,False,0,0,1.0,1.0,1.0,1.0,1.0,9.754124999999947
power_theta10_rho1,power,10.0,1.0,-1.0,51,20021171,7,True,1,1,0.00021972596413055324,0.00021972596413055327,0.00021972596413055327,0.00021972596413055327,1.0,9.804541999999916
power_theta10_rho1,power,10.0,1.0,-1.0,61,20021181,3,False,0,0,1.0,1.0,1.0,1.0,1.0,8.970750000000027
power_theta10_rho1,power,10.0,1.0,-1.0,56,20021176,3,False,1,0,0.0,0.0,0.0,0.0,0.0,8.851166999999993
power_theta10_rho1,power,10.0,1.0,-1.0,62,20021182,3,False,1,0,0.0,0.0,0.0,0.0,0.0,10.002459000000075
power_theta10_rho1,power,10.0,1.0,-1.0,53,20021173,7,False,1,0,0.0,0.0,0.0,0.0,0.0,9.597042
power_theta10_rho1,power,10.0,1.0,-1.0,58,20021178,3,False,3,0,0.0,0.0,0.0,0.0,0.0,9.580708000000104
power_theta10_rho1,power,10.0,1.0,-1.0,65,20021185,3,False,0,0,1.0,1.0,1.0,1.0,1.0,9.318709000000203
power_theta10_rho1,power,10.0,1.0,-1.0,63,20021183,5,False,0,0,1.0,1.0,1.0,1.0,1.0,7.658082999999927
power_theta10_rho1,power,10.0,1.0,-1.0,54,20021174,10,False,4,0,0.0,0.0,0.0,0.0,0.0,9.655333999999849
power_theta10_rho1,power,10.0,1.0,-1.0,64,20021184,4,False,0,0,1.0,1.0,1.0,1.0,1.0,8.934083999999842
power_theta10_rho1,power,10.0,1.0,-1.0,68,20021188,2,False,0,0,1.0,1.0,1.0,1.0,1.0,10.550542000000052
power_theta10_rho1,power,10.0,1.0,-1.0,67,20021187,3,False,1,0,0.0,0.0,0.0,0.0,0.0,9.380165999999912
power_theta10_rho1,power,10.0,1.0,-1.0,72,20021192,1,False,0,0,1.0,1.0,1.0,1.0,1.0,8.937082999999957
power_theta10_rho1,power,10.0,1.0,-1.0,74,20021194,1,False,0,0,1.0,1.0,1.0,1.0,1.0,9.620249999999997
power_theta10_rho1,power,10.0,1.0,-1.0,69,20021189,4,False,2,0,0.0,0.0,0.0,0.0,0.0,10.460375000000077
power_theta10_rho1,power,10.0,1.0,-1.0,75,20021195,2,False,0,0,1.0,1.0,1.0,1.0,1.0,8.105624999999783
power_theta10_rho1,power,10.0,1.0,-1.0,66,20021186,5,False,2,0,0.0,0.0,0.0,0.0,0.0,9.806250000000016
power_theta10_rho1,power,10.0,1.0,-1.0,71,20021191,4,False,1,0,0.0,0.0,0.0,0.0,0.0,9.14908400000014
power_theta10_rho1,power,10.0,1.0,-1.0,70,20021190,3,False,0,0,1.0,1.0,1.0,1.0,1.0,9.072292000000148
power_theta10_rho1,power,10.0,1.0,-1.0,73,20021193,4,False,0,0,1.0,1.0,1.0,1.0,1.0,9.846167000000072
power_theta10_rho1,power,10.0,1.0,-1.0,78,20021198,3,False,0,0,1.0,1.0,1.0,1.0,1.0,8.516375000000131
power_theta10_rho1,power,10.0,1.0,-1.0,79,20021199,2,False,0,0,1.0,1.0,1.0,1.0,1.0,7.037583999999875
power_theta10_rho1,power,10.0,1.0,-1.0,76,20021196,3,False,1,0,0.0,0.0,0.0,0.0,0.0,9.205957999999903
power_theta10_rho1,power,10.0,1.0,-1.0,77,20021197,5,False,2,0,0.0,0.0,0.0,0.0,0.0,8.546500000000012
power_theta10_rho1,power,10.0,1.0,-1.0,80,20021200,2,False,0,0,1.0,1.0,1.0,1.0,1.0,9.00770800000017
power_theta10_rho1,power,10.0,1.0,-1.0,84,20021204,1,False,0,0,1.0,1.0,1.0,1.0,1.0,9.667209000000065
power_theta10_rho1,power,10.0,1.0,-1.0,81,20021201,6,False,0,0,1.0,1.0,1.0,1.0,1.0,10.324334000000102
power_theta10_rho1,power,10.0,1.0,-1.0,83,20021203,5,False,2,0,0.0,0.0,0.0,0.0,0.0,9.931208000000025
power_theta10_rho1,power,10.0,1.0,-1.0,82,20021202,6,False,2,0,0.0,0.0,0.0,0.0,0.0,9.621415999999883
power_theta10_rho1,power,10.0,1.0,-1.0,90,20021210,1,False,0,0,1.0,1.0,1.0,1.0,1.0,10.149332999999983
power_theta10_rho1,power,10.0,1.0,-1.0,85,20021205,4,False,1,0,0.0,0.0,0.0,0.0,0.0,10.18808300000007
power_theta10_rho1,power,10.0,1.0,-1.0,86,20021206,4,False,0,0,1.0,1.0,1.0,1.0,1.0,9.909665999999984
power_theta10_rho1,power,10.0,1.0,-1.0,95,20021215,1,False,0,0,1.0,1.0,1.0,1.0,1.0,9.934125000000016
power_theta10_rho1,power,10.0,1.0,-1.0,92,20021212,2,True,1,1,0.5964587269952364,0.5964587269952364,0.5964587269952364,0.5964587269952364,1.0,9.946792000000038
power_theta10_rho1,power,10.0,1.0,-1.0,87,20021207,4,False,1,0,0.0,0.0,0.0,0.0,0.0,10.101707999999876
power_theta10_rho1,power,10.0,1.0,-1.0,94,20021214,3,False,0,0,1.0,1.0,1.0,1.0,1.0,9.861375000000061
power_theta10_rho1,power,10.0,1.0,-1.0,89,20021209,3,False,0,0,1.0,1.0,1.0,1.0,1.0,10.744499999999935
power_theta10_rho1,power,10.0,1.0,-1.0,96,20021216,2,False,1,0,0.0,0.0,0.0,0.0,0.0,10.081124999999913
power_theta10_rho1,power,10.0,1.0,-1.0,88,20021208,7,False,4,0,0.0,0.0,0.0,0.0,0.0,10.825541999999855
power_theta10_rho1,power,10.0,1.0,-1.0,91,20021211,5,False,1,0,0.0,0.0,0.0,0.0,0.0,9.81637500000021
power_theta10_rho1,power,10.0,1.0,-1.0,97,20021217,1,False,0,0,1.0,1.0,1.0,1.0,1.0,7.814999999999905
power_theta10_rho1,power,10.0,1.0,-1.0,93,20021213,5,False,1,0,0.0,0.0,0.0,0.0,0.0,9.666167000000003
power_theta10_rho1,power,10.0,1.0,-1.0,98,20021218,5,False,0,0,1.0,1.0,1.0,1.0,1.0,10.682459000000089
power_theta10_rho1,power,10.0,1.0,-1.0,99,20021219,7,False,0,0,1.0,1.0,1.0,1.0,1.0,10.379167000000189
power_theta10_rho4,power,10.0,4.0,-1.0,3,20031123,7,False,7,0,0.0,0.0,0.0,0.0,0.0,9.418040999999988
power_theta10_rho4,power,10.0,4.0,-1.0,1,20031121,10,False,3,0,0.0,0.0,0.0,0.0,0.0,11.585374999999898
power_theta10_rho4,power,10.0,4.0,-1.0,0,20031120,9,False,0,0,1.0,1.0,1.0,1.0,1.0,11.430916999999985
power_theta10_rho4,power,10.0,4.0,-1.0,9,20031129,8,False,1,0,0.0,0.0,0.0,0.0,0.0,9.919416000000014
power_theta10_rho4,power,10.0,4.0,-1.0,4,20031124,10,False,0,0,1.0,1.0,1.0,1.0,1.0,9.54454199999999
power_theta10_rho4,power,10.0,4.0,-1.0,5,20031125,11,False,5,0,0.0,0.0,0.0,0.0,0.0,8.962040999999976
power_theta10_rho4,power,10.0,4.0,-1.0,12,20031132,7,False,0,0,1.0,1.0,1.0,1.0,1.0,10.407582999999887
power_theta10_rho4,power,10.0,4.0,-1.0,6,20031126,15,False,1,0,0.0,0.0,0.0,0.0,0.0,11.806709000000026
power_theta10_rho4,power,10.0,4.0,-1.0,14,20031134,8,False,0,0,1.0,1.0,1.0,1.0,1.0,7.5452909999997875
power_theta10_rho4,power,10.0,4.0,-1.0,7,20031127,13,False,7,0,0.0,0.0,0.0,0.0,0.0,10.024541000000164
power_theta10_rho4,power,10.0,4.0,-1.0,11,20031131,12,False,0,0,1.0,1.0,1.0,1.0,1.0,10.491709000000071
power_theta10_rho4,power,10.0,4.0,-1.0,10,20031130,13,False,1,0,0.0,0.0,0.0,0.0,0.0,9.049582999999917
power_theta10_rho4,power,10.0,4.0,-1.0,8,20031128,15,False,6,0,0.0,0.0,0.0,0.0,0.0,10.299000000000058
power_theta10_rho4,power,10.0,4.0,-1.0,2,20031122,18,False,7,0,0.0,0.0,0.0,0.0,0.0,11.321915999999987
power_theta10_rho4,power,10.0,4.0,-1.0,17,20031137,6,False,2,0,0.0,0.0,0.0,0.0,0.0,9.896541999999897
power_theta10_rho4,power,10.0,4.0,-1.0,13,20031133,17,False,4,0,0.0,0.0,0.0,0.0,0.0,10.310749999999924
power_theta10_rho4,power,10.0,4.0,-1.0,15,20031135,11,False,2,0,0.0,0.0,0.0,0.0,0.0,8.993249999999842
power_theta10_rho4,power,10.0,4.0,-1.0,16,20031136,9,False,8,0,0.0,0.0,0.0,0.0,0.0,9.410165999999887
power_theta10_rho4,power,10.0,4.0,-1.0,18,20031138,10,False,7,0,0.0,0.0,0.0,0.0,0.0,9.199959000000035
power_theta10_rho4,power,10.0,4.0,-1.0,23,20031143,7,False,0,0,1.0,1.0,1.0,1.0,1.0,9.116667000000023
power_theta10_rho4,power,10.0,4.0,-1.0,27,20031147,7,False,1,0,0.0,0.0,0.0,0.0,0.0,10.02345800000004
power_theta10_rho4,power,10.0,4.0,-1.0,28,20031148,5,False,5,0,0.0,0.0,0.0,0.0,0.0,6.8772080000001345
power_theta10_rho4,power,10.0,4.0,-1.0,19,20031139,11,False,10,0,0.0,0.0,0.0,0.0,0.0,9.371790999999963
power_theta10_rho4,power,10.0,4.0,-1.0,26,20031146,9,False,0,0,1.0,1.0,1.0,1.0,1.0,10.120791000000073
power_theta10_rho4,power,10.0,4.0,-1.0,31,20031151,7,False,5,0,0.0,0.0,0.0,0.0,0.0,6.669542000000028
power_theta10_rho4,power,10.0,4.0,-1.0,21,20031141,15,False,3,0,0.0,0.0,0.0,0.0,0.0,8.393041000000157
power_theta10_rho4,power,10.0,4.0,-1.0,24,20031144,13,False,11,0,0.0,0.0,0.0,0.0,0.0,8.55020900000003
power_theta10_rho4,power,10.0,4.0,-1.0,20,20031140,14,True,3,1,0.24663993880004206,0.4932798776000841,0.1644266258666947,0.5426078653600925,0.9090909090909091,11.435499999999932
power_theta10_rho4,power,10.0,4.0,-1.0,25,20031145,15,True,4,1,0.03577940633947795,0.08944851584869488,0.02236212896217372,0.09441787784028904,0.9473684210526315,9.764207999999996
power_theta10_rho4,power,10.0,4.0,-1.0,32,20031152,10,False,2,0,0.0,0.0,0.0,0.0,0.0,10.007834000000049
power_theta10_rho4,power,10.0,4.0,-1.0,35,20031155,7,False,0,0,1.0,1.0,1.0,1.0,1.0,8.874333999999928
power_theta10_rho4,power,10.0,4.0,-1.0,33,20031153,10,False,3,0,0.0,0.0,0.0,0.0,0.0,9.35870900000002
power_theta10_rho4,power,10.0,4.0,-1.0,34,20031154,10,False,4,0,0.0,0.0,0.0,0.0,0.0,6.466833000000172
power_theta10_rho4,power,10.0,4.0,-1.0,37,20031157,9,False,0,0,1.0,1.0,1.0,1.0,1.0,11.035541000000038
power_theta10_rho4,power,10.0,4.0,-1.0,36,20031156,9,False,4,0,0.0,0.0,0.0,0.0,0.0,8.033667000000078
power_theta10_rho4,power,10.0,4.0,-1.0,30,20031150,17,False,4,0,0.0,0.0,0.0,0.0,0.0,9.225999999999956
power_theta10_rho4,power,10.0,4.0,-1.0,22,20031142,24,False,7,0,0.0,0.0,0.0,0.0,0.0,11.279625000000015
power_theta10_rho4,power,10.0,4.0,-1.0,29,20031149,19,True,7,1,0.0011029308723200792,0.004411723489280317,0.000630246212754331,0.022058617446401585,0.2,10.576791000000085
power_theta10_rho4,power,10.0,4.0,-1.0,39,20031159,13,False,0,0,1.0,1.0,1.0,1.0,1.0,11.851291000000153
power_theta10_rho4,power,10.0,4.0,-1.0,43,20031163,10,False,6,0,0.0,0.0,0.0,0.0,0.0,9.591499999999975
power_theta10_rho4,power,10.0,4.0,-1.0,41,20031161,12,False,6,0,0.0,0.0,0.0,0.0,0.0,9.710667000000006
power_theta10_rho4,power,10.0,4.0,-1.0,47,20031167,7,False,3,0,0.0,0.0,0.0,0.0,0.0,10.60354199999991
power_theta10_rho4,power,10.0,4.0,-1.0,46,20031166,9,False,4,0,0.0,0.0,0.0,0.0,0.0,8.403291000000035
power_theta10_rho4,power,10.0,4.0,-1.0,51,20031171,4,False,0,0,1.0,1.0,1.0,1.0,1.0,11.907624999999866
power_theta10_rho4,power,10.0,4.0,-1.0,50,20031170,8,False,2,0,0.0,0.0,0.0,0.0,0.0,9.087167000000118
power_theta10_rho4,power,10.0,4.0,-1.0,40,20031160,16,False,4,0,0.0,0.0,0.0,0.0,0.0,11.37783300000006
power_theta10_rho4,power,10.0,4.0,-1.0,52,20031172,4,False,0,0,1.0,1.0,1.0,1.0,1.0,9.694708000000052
power_theta10_rho4,power,10.0,4.0,-1.0,42,20031162,17,False,9,0,0.0,0.0,0.0,0.0,0.0,10.938624999999869
power_theta10_rho4,power,10.0,4.0,-1.0,54,20031174,7,False,0,0,1.0,1.0,1.0,1.0,1.0,10.003292000000163
power_theta10_rho4,power,10.0,4.0,-1.0,45,20031165,16,False,10,0,0.0,0.0,0.0,0.0,0.0,11.596041000000001
power_theta10_rho4,power,10.0,4.0,-1.0,57,20031177,7,False,2,0,0.0,0.0,0.0,0.0,0.0,10.532165999999954
power_theta10_rho4,power,10.0,4.0,-1.0,61,20031181,3,False,0,0,1.0,1.0,1.0,1.0,1.0,6.869833999999964
power_theta10_rho4,power,10.0,4.0,-1.0,55,20031175,10,False,4,0,0.0,0.0,0.0,0.0,0.0,10.670458999999965
power_theta10_rho4,power,10.0,4.0,-1.0,38,20031158,26,False,3,0,0.0,0.0,0.0,0.0,0.0,10.172666999999969
power_theta10_rho4,power,10.0,4.0,-1.0,48,20031168,20,False,7,0,0.0,0.0,0.0,0.0,0.0,9.017625000000029
power_theta10_rho4,power,10.0,4.0,-1.0,53,20031173,13,False,4,0,0.0,0.0,0.0,0.0,0.0,10.530582999999982
power_theta10_rho4,power,10.0,4.0,-1.0,58,20031178,11,False,8,0,0.0,0.0,0.0,0.0,0.0,10.893916999999975
power_theta10_rho4,power,10.0,4.0,-1.0,60,20031180,12,False,4,0,0.0,0.0,0.0,0.0,0.0,9.44679100000001
power_theta10_rho4,power,10.0,4.0,-1.0,49,20031169,21,False,3,0,0.0,0.0,0.0,0.0,0.0,12.330084000000019
power_theta10_rho4,power,10.0,4.0,-1.0,62,20031182,12,False,1,0,0.0,0.0,0.0,0.0,0.0,9.086124999999834
power_theta10_rho4,power,10.0,4.0,-1.0,63,20031183,9,False,3,0,0.0,0.0,0.0,0.0,0.0,9.389124999999998
power_theta10_rho4,power,10.0,4.0,-1.0,69,20031189,8,False,0,0,1.0,1.0,1.0,1.0,1.0,9.82133399999996
power_theta10_rho4,power,10.0,4.0,-1.0,59,20031179,16,False,2,0,0.0,0.0,0.0,0.0,0.0,8.994750000000051
power_theta10_rho4,power,10.0,4.0,-1.0,67,20031187,11,False,4,0,0.0,0.0,0.0,0.0,0.0,10.194000000000036
power_theta10_rho4,power,10.0,4.0,-1.0,56,20031176,21,False,3,0,0.0,0.0,0.0,0.0,0.0,10.343541999999983
power_theta10_rho4,power,10.0,4.0,-1.0,65,20031185,13,False,3,0,0.0,0.0,0.0,0.0,0.0,9.733083000000198
power_theta10_rho4,power,10.0,4.0,-1.0,64,20031184,13,False,4,0,0.0,0.0,0.0,0.0,0.0,11.390167000000062
power_theta10_rho4,power,10.0,4.0,-1.0,71,20031191,10,False,6,0,0.0,0.0,0.0,0.0,0.0,10.442333000000081
power_theta10_rho4,power,10.0,4.0,-1.0,66,20031186,13,False,3,0,0.0,0.0,0.0,0.0,0.0,9.724375000000007
power_theta10_rho4,power,10.0,4.0,-1.0,44,20031164,33,True,5,1,0.26101349372236227,0.7830404811670868,0.15660809623341737,0.7830404811670868,1.0,9.900875000000031
power_theta10_rho4,power,10.0,4.0,-1.0,68,20031188,13,False,8,0,0.0,0.0,0.0,0.0,0.0,9.783665999999913
power_theta10_rho4,power,10.0,4.0,-1.0,70,20031190,16,True,4,1,0.2986831859486673,0.7467079648716681,0.18667699121791703,0.8824730493937896,0.8461538461538461,9.832416999999927
power_theta10_rho4,power,10.0,4.0,-1.0,72,20031192,12,False,3,0,0.0,0.0,0.0,0.0,0.0,10.786041000000024
power_theta10_rho4,power,10.0,4.0,-1.0,81,20031201,2,False,0,0,1.0,1.0,1.0,1.0,1.0,9.074542000000019
power_theta10_rho4,power,10.0,4.0,-1.0,73,20031193,11,False,0,0,1.0,1.0,1.0,1.0,1.0,10.615749999999924
power_theta10_rho4,power,10.0,4.0,-1.0,77,20031197,9,False,0,0,1.0,1.0,1.0,1.0,1.0,9.280125000000083
power_theta10_rho4,power,10.0,4.0,-1.0,74,20031194,14,False,1,0,0.0,0.0,0.0,0.0,0.0,11.422583999999958
power_theta10_rho4,power,10.0,4.0,-1.0,80,20031200,7,False,6,0,0.0,0.0,0.0,0.0,0.0,9.97116599999992
power_theta10_rho4,power,10.0,4.0,-1.0,82,20031202,8,False,2,0,0.0,0.0,0.0,0.0,0.0,8.486541999999986
power_theta10_rho4,power,10.0,4.0,-1.0,75,20031195,15,False,9,0,0.0,0.0,0.0,0.0,0.0,9.84462499999994
power_theta10_rho4,power,10.0,4.0,-1.0,78,20031198,13,False,5,0,0.0,0.0,0.0,0.0,0.0,8.648791000000156
power_theta10_rho4,power,10.0,4.0,-1.0,79,20031199,10,False,5,0,0.0,0.0,0.0,0.0,0.0,9.177750000000096
power_theta10_rho4,power,10.0,4.0,-1.0,76,20031196,17,False,4,0,0.0,0.0,0.0,0.0,0.0,9.679833000000082
power_theta10_rho4,power,10.0,4.0,-1.0,90,20031210,9,False,2,0,0.0,0.0,0.0,0.0,0.0,11.06720800000005
power_theta10_rho4,power,10.0,4.0,-1.0,84,20031204,13,True,2,1,0.00020993520927999848,0.0003149028139199977,0.00015745140695999884,0.0003778833767039972,0.8333333333333334,10.746457999999848
power_theta10_rho4,power,10.0,4.0,-1.0,91,20031211,9,False,1,0,0.0,0.0,0.0,0.0,0.0,10.167792000000064
power_theta10_rho4,power,10.0,4.0,-1.0,85,20031205,15,False,3,0,0.0,0.0,0.0,0.0,0.0,9.302708999999965
power_theta10_rho4,power,10.0,4.0,-1.0,83,20031203,17,False,6,0,0.0,0.0,0.0,0.0,0.0,10.428416999999968
power_theta10_rho4,power,10.0,4.0,-1.0,95,20031215,9,False,7,0,0.0,0.0,0.0,0.0,0.0,10.291625000000026
power_theta10_rho4,power,10.0,4.0,-1.0,89,20031209,15,False,6,0,0.0,0.0,0.0,0.0,0.0,10.691333000000025
power_theta10_rho4,power,10.0,4.0,-1.0,97,20031217,8,False,0,0,1.0,1.0,1.0,1.0,1.0,11.746291999999992
power_theta10_rho4,power,10.0,4.0,-1.0,87,20031207,16,False,9,0,0.0,0.0,0.0,0.0,0.0,10.871749999999958
power_theta10_rho4,power,10.0,4.0,-1.0,96,20031216,10,False,4,0,0.0,0.0,0.0,0.0,0.0,9.71687500000007
power_theta10_rho4,power,10.0,4.0,-1.0,94,20031214,13,False,2,0,0.0,0.0,0.0,0.0,0.0,9.727832999999908
power_theta10_rho4,power,10.0,4.0,-1.0,88,20031208,17,False,13,0,0.0,0.0,0.0,0.0,0.0,9.32979200000017
power_theta10_rho4,power,10.0,4.0,-1.0,86,20031206,17,False,6,0,0.0,0.0,0.0,0.0,0.0,11.493874999999987
power_theta10_rho4,power,10.0,4.0,-1.0,98,20031218,13,False,2,0,0.0,0.0,0.0,0.0,0.0,11.4263750000001
power_theta10_rho4,power,10.0,4.0,-1.0,93,20031213,19,True,6,2,0.05461063473342279,0.10922126946684559,0.036407089822281864,0.28877302300717744,0.4116161616161616,10.159583000000083
power_theta10_rho4,power,10.0,4.0,-1.0,99,20031219,12,False,2,0,0.0,0.0,0.0,0.0,0.0,9.497625000000065
power_theta10_rho4,power,10.0,4.0,-1.0,92,20031212,26,True,6,1,0.0,0.0,0.0,0.09125850289088049,0.0,11.758208000000048
power_theta10_rho16,power,10.0,16.0,-1.0,8,20041128,30,False,5,0,0.0,0.0,0.0,0.0,0.0,10.463582999999943
power_theta10_rho16,power,10.0,16.0,-1.0,7,20041127,33,False,6,0,0.0,0.0,0.0,0.0,0.0,10.460125000000042
power_theta10_rho16,power,10.0,16.0,-1.0,13,20041133,30,False,17,0,0.0,0.0,0.0,0.0,0.0,10.290208000000023
power_theta10_rho16,power,10.0,16.0,-1.0,4,20041124,38,False,5,0,0.0,0.0,0.0,0.0,0.0,10.102207999999946
power_theta10_rho16,power,10.0,16.0,-1.0,11,20041131,37,False,4,0,0.0,0.0,0.0,0.0,0.0,9.22233299999986
power_theta10_rho16,power,10.0,16.0,-1.0,2,20041122,47,True,14,1,0.0019101074839524058,0.014325806129643045,0.0010232718664030746,0.016713440484583553,0.8571428571428571,10.37325
power_theta10_rho16,power,10.0,16.0,-1.0,0,20041120,51,False,12,0,0.0,0.0,0.0,0.0,0.0,10.692582999999978
power_theta10_rho16,power,10.0,16.0,-1.0,10,20041130,49,False,11,0,0.0,0.0,0.0,0.0,0.0,10.677625000000024
power_theta10_rho16,power,10.0,16.0,-1.0,17,20041137,33,True,7,1,0.25,1.0,0.14285714285714285,1.0,1.0,10.398832999999996
power_theta10_rho16,power,10.0,16.0,-1.0,5,20041125,52,False,12,0,0.0,0.0,0.0,0.0,0.0,11.53954200000018
power_theta10_rho16,power,10.0,16.0,-1.0,15,20041135,48,True,9,1,0.0009201212360396289,0.004600606180198144,0.0005111784644664605,0.009201212360396288,0.5,12.008958000000014
power_theta10_rho16,power,10.0,16.0,-1.0,14,20041134,52,False,8,0,0.0,0.0,0.0,0.0,0.0,10.57879099999992
power_theta10_rho16,power,10.0,16.0,-1.0,3,20041123,56,True,8,1,0.0036714470190959613,0.016521511585931827,0.0020651889482414783,0.016521511585931827,1.0,11.465833000000147
power_theta10_rho16,power,10.0,16.0,-1.0,1,20041121,58,False,22,0,0.0,0.0,0.0,0.0,0.0,11.714207999999893
power_theta10_rho16,power,10.0,16.0,-1.0,9,20041129,60,False,11,0,0.0,0.0,0.0,0.0,0.0,10.763499999999926
power_theta10_rho16,power,10.0,16.0,-1.0,6,20041126,61,False,11,0,0.0,0.0,0.0,0.0,0.0,11.186166999999969
power_theta10_rho16,power,10.0,16.0,-1.0,21,20041141,34,False,5,0,0.0,0.0,0.0,0.0,0.0,11.8456659999997
power_theta10_rho16,power,10.0,16.0,-1.0,18,20041138,44,False,21,0,0.0,0.0,0.0,0.0,0.0,9.799792000000362
power_theta10_rho16,power,10.0,16.0,-1.0,19,20041139,46,False,15,0,0.0,0.0,0.0,0.0,0.0,10.62591700000004
power_theta10_rho16,power,10.0,16.0,-1.0,27,20041147,19,False,6,0,0.0,0.0,0.0,0.0,0.0,11.352916999999962
power_theta10_rho16,power,10.0,16.0,-1.0,26,20041146,21,False,3,0,0.0,0.0,0.0,0.0,0.0,10.203083999999585
power_theta10_rho16,power,10.0,16.0,-1.0,16,20041136,50,False,29,0,0.0,0.0,0.0,0.0,0.0,9.999000000000091
power_theta10_rho16,power,10.0,16.0,-1.0,28,20041148,36,False,8,0,0.0,0.0,0.0,0.0,0.0,10.281500000000054
power_theta10_rho16,power,10.0,16.0,-1.0,29,20041149,29,False,9,0,0.0,0.0,0.0,0.0,0.0,9.826582999999722
power_theta10_rho16,power,10.0,16.0,-1.0,12,20041132,75,True,14,1,0.0035023004933407028,0.02626725370005527,0.001876232407146805,0.21013802960044217,0.125,10.831500000000105
power_theta10_rho16,power,10.0,16.0,-1.0,22,20041142,49,False,14,0,0.0,0.0,0.0,0.0,0.0,10.762166999999767
power_theta10_rho16,power,10.0,16.0,-1.0,23,20041143,52,False,10,0,0.0,0.0,0.0,0.0,0.0,11.755541999999952
power_theta10_rho16,power,10.0,16.0,-1.0,33,20041153,36,False,10,0,0.0,0.0,0.0,0.0,0.0,10.074791000000083
power_theta10_rho16,power,10.0,16.0,-1.0,25,20041145,50,False,16,0,0.0,0.0,0.0,0.0,0.0,10.861999999999927
power_theta10_rho16,power,10.0,16.0,-1.0,31,20041151,44,False,9,0,0.0,0.0,0.0,0.0,0.0,11.773042000000178
power_theta10_rho16,power,10.0,16.0,-1.0,36,20041156,32,False,5,0,0.0,0.0,0.0,0.0,0.0,13.519250000000316
power_theta10_rho16,power,10.0,16.0,-1.0,32,20041152,42,False,7,0,0.0,0.0,0.0,0.0,0.0,10.349832999999808
power_theta10_rho16,power,10.0,16.0,-1.0,20,20041140,70,True,19,1,0.0005337773901356872,0.0053377739013568725,0.000280935468492467,0.008896289835594788,0.6,13.869915999999982
power_theta10_rho16,power,10.0,16.0,-1.0,34,20041154,37,False,4,0,0.0,0.0,0.0,0.0,0.0,10.577416000000284
power_theta10_rho16,power,10.0,16.0,-1.0,24,20041144,59,True,9,1,0.009728477140722351,0.048642385703611755,0.005404709522623528,0.17835541424657644,0.2727272727272727,11.044500000000124
power_theta10_rho16,power,10.0,16.0,-1.0,35,20041155,47,False,6,0,0.0,0.0,0.0,0.0,0.0,11.182707999999764
power_theta10_rho16,power,10.0,16.0,-1.0,42,20041162,29,False,21,0,0.0,0.0,0.0,0.0,0.0,11.66987499999994
power_theta10_rho16,power,10.0,16.0,-1.0,39,20041159,41,False,14,0,0.0,0.0,0.0,0.0,0.0,11.984667000000115
power_theta10_rho16,power,10.0,16.0,-1.0,38,20041158,42,True,6,1,0.05167668782396376,0.18086840738387316,0.03014473456397886,0.18086840738387316,1.0,10.098375000000104
power_theta10_rho16,power,10.0,16.0,-1.0,40,20041160,42,False,3,0,0.0,0.0,0.0,0.0,0.0,9.672000000000125
power_theta10_rho16,power,10.0,16.0,-1.0,41,20041161,39,False,1,0,0.0,0.0,0.0,0.0,0.0,9.382500000000071
power_theta10_rho16,power,10.0,16.0,-1.0,37,20041157,53,False,11,0,0.0,0.0,0.0,0.0,0.0,10.615209000000014
power_theta10_rho16,power,10.0,16.0,-1.0,44,20041164,36,False,14,0,0.0,0.0,0.0,0.0,0.0,10.393082999999859
power_theta10_rho16,power,10.0,16.0,-1.0,47,20041167,35,False,12,0,0.0,0.0,0.0,0.0,0.0,9.472375000000088
power_theta10_rho16,power,10.0,16.0,-1.0,49,20041169,41,False,8,0,0.0,0.0,0.0,0.0,0.0,10.703958000000124
power_theta10_rho16,power,10.0,16.0,-1.0,30,20041150,71,True,24,1,0.030760048533642434,0.38450060667053043,0.0160208586112721,0.7690012133410609,0.5,10.125792000000189
power_theta10_rho16,power,10.0,16.0,-1.0,45,20041165,46,True,10,1,0.0007196727411173272,0.0039582000761452995,0.00039582000761452995,0.0237492004568718,0.16666666666666666,10.81566700000014
power_theta10_rho16,power,10.0,16.0,-1.0,43,20041163,52,False,7,0,0.0,0.0,0.0,0.0,0.0,11.319333999999959
power_theta10_rho16,power,10.0,16.0,-1.0,51,20041171,44,False,14,0,0.0,0.0,0.0,0.0,0.0,10.677124999999954
power_theta10_rho16,power,10.0,16.0,-1.0,55,20041175,40,False,4,0,0.0,0.0,0.0,0.0,0.0,9.990708000000126
power_theta10_rho16,power,10.0,16.0,-1.0,52,20041172,47,False,18,0,0.0,0.0,0.0,0.0,0.0,9.491791999999943
power_theta10_rho16,power,10.0,16.0,-1.0,53,20041173,43,False,8,0,0.0,0.0,0.0,0.0,0.0,10.511833000000248
power_theta10_rho16,power,10.0,16.0,-1.0,50,20041170,53,False,12,0,0.0,0.0,0.0,0.0,0.0,10.357042000000316
power_theta10_rho16,power,10.0,16.0,-1.0,59,20041179,33,False,13,0,0.0,0.0,0.0,0.0,0.0,11.014041000000141
power_theta10_rho16,power,10.0,16.0,-1.0,48,20041168,60,False,18,0,0.0,0.0,0.0,0.0,0.0,11.426457999999862
power_theta10_rho16,power,10.0,16.0,-1.0,46,20041166,64,False,22,0,0.0,0.0,0.0,0.0,0.0,11.516792000000109
power_theta10_rho16,power,10.0,16.0,-1.0,60,20041180,31,False,10,0,0.0,0.0,0.0,0.0,0.0,9.727792000000068
power_theta10_rho16,power,10.0,16.0,-1.0,57,20041177,49,False,9,0,0.0,0.0,0.0,0.0,0.0,10.586667000000105
power_theta10_rho16,power,10.0,16.0,-1.0,67,20041187,25,False,4,0,0.0,0.0,0.0,0.0,0.0,7.920874999999938
power_theta10_rho16,power,10.0,16.0,-1.0,69,20041189,26,False,4,0,0.0,0.0,0.0,0.0,0.0,10.135958000000223
power_theta10_rho16,power,10.0,16.0,-1.0,61,20041181,40,False,9,0,0.0,0.0,0.0,0.0,0.0,10.857500000000186
power_theta10_rho16,power,10.0,16.0,-1.0,54,20041174,58,True,6,1,0.0017773485669757797,0.0062207199844152294,0.0010367866640692048,0.011663849970778555,0.5333333333333333,11.26129099999984
power_theta10_rho16,power,10.0,16.0,-1.0,63,20041183,37,False,9,0,0.0,0.0,0.0,0.0,0.0,10.620541000000205
power_theta10_rho16,power,10.0,16.0,-1.0,56,20041176,63,False,6,0,0.0,0.0,0.0,0.0,0.0,9.819374999999742
power_theta10_rho16,power,10.0,16.0,-1.0,66,20041186,38,False,7,0,0.0,0.0,0.0,0.0,0.0,10.574500000000153
power_theta10_rho16,power,10.0,16.0,-1.0,58,20041178,55,False,14,0,0.0,0.0,0.0,0.0,0.0,10.60099999999986
power_theta10_rho16,power,10.0,16.0,-1.0,68,20041188,38,False,12,0,0.0,0.0,0.0,0.0,0.0,11.191249999999986
power_theta10_rho16,power,10.0,16.0,-1.0,65,20041185,44,True,18,1,0.058818888877161773,0.5587794443330368,0.031043302462946492,0.5587794443330368,1.0,10.534958000000039
power_theta10_rho16,power,10.0,16.0,-1.0,72,20041192,33,False,7,0,0.0,0.0,0.0,0.0,0.0,10.129000000000055
power_theta10_rho16,power,10.0,16.0,-1.0,62,20041182,56,False,18,0,0.0,0.0,0.0,0.0,0.0,9.7375839999998
power_theta10_rho16,power,10.0,16.0,-1.0,77,20041197,33,False,17,0,0.0,0.0,0.0,0.0,0.0,10.618082999999778
power_theta10_rho16,power,10.0,16.0,-1.0,73,20041193,35,False,8,0,0.0,0.0,0.0,0.0,0.0,12.908750000000246
power_theta10_rho16,power,10.0,16.0,-1.0,84,20041204,24,False,7,0,0.0,0.0,0.0,0.0,0.0,9.428000000000214
power_theta10_rho16,power,10.0,16.0,-1.0,71,20041191,48,False,22,0,0.0,0.0,0.0,0.0,0.0,11.151667000000032
power_theta10_rho16,power,10.0,16.0,-1.0,82,20041202,35,False,5,0,0.0,0.0,0.0,0.0,0.0,7.8886250000000935
power_theta10_rho16,power,10.0,16.0,-1.0,83,20041203,34,False,11,0,0.0,0.0,0.0,0.0,0.0,10.18787500000018
power_theta10_rho16,power,10.0,16.0,-1.0,76,20041196,44,False,10,0,0.0,0.0,0.0,0.0,0.0,10.949124999999782
power_theta10_rho16,power,10.0,16.0,-1.0,81,20041201,36,False,12,0,0.0,0.0,0.0,0.0,0.0,10.080459000000097
power_theta10_rho16,power,10.0,16.0,-1.0,80,20041200,42,False,4,0,0.0,0.0,0.0,0.0,0.0,10.762666999999837
power_theta10_rho16,power,10.0,16.0,-1.0,64,20041184,65,True,16,1,0.0014651235572530714,0.012453550236651106,0.0007783468897906941,0.012453550236651106,1.0,12.107416999999732
power_theta10_rho16,power,10.0,16.0,-1.0,70,20041190,61,False,21,0,0.0,0.0,0.0,0.0,0.0,9.850542000000129
power_theta10_rho16,power,10.0,16.0,-1.0,75,20041195,57,True,10,1,0.049785680323708545,0.273821241780397,0.027382124178039702,0.4107318626705956,0.6666666666666666,10.73279100000013
power_theta10_rho16,power,10.0,16.0,-1.0,78,20041198,56,False,27,0,0.0,0.0,0.0,0.0,0.0,10.228166999999733
power_theta10_rho16,power,10.0,16.0,-1.0,89,20041209,32,True,2,1,0.5063889484106276,0.7595834226159415,0.37979171130797074,0.7595834226159415,1.0,10.202333000000063
power_theta10_rho16,power,10.0,16.0,-1.0,87,20041207,38,False,5,0,0.0,0.0,0.0,0.0,0.0,10.721041000000042
power_theta10_rho16,power,10.0,16.0,-1.0,85,20041205,46,False,9,0,0.0,0.0,0.0,0.0,0.0,10.197208000000124
power_theta10_rho16,power,10.0,16.0,-1.0,79,20041199,54,False,21,0,0.0,0.0,0.0,0.0,0.0,10.96645900000004
power_theta10_rho16,power,10.0,16.0,-1.0,94,20041214,34,False,5,0,0.0,0.0,0.0,0.0,0.0,10.082582999999978
power_theta10_rho16,power,10.0,16.0,-1.0,97,20041217,31,False,1,0,0.0,0.0,0.0,0.0,0.0,10.835290999999803
power_theta10_rho16,power,10.0,16.0,-1.0,88,20041208,49,True,17,1,0.0376933963185585,0.3392405668670266,0.019955327462766268,0.3392405668670266,1.0,10.284041000000244
power_theta10_rho16,power,10.0,16.0,-1.0,74,20041194,71,True,14,1,0.016752501626478816,0.12564376219859114,0.00897455444275651,0.5653969298936602,0.2222222222222222,11.128749999999688
power_theta10_rho16,power,10.0,16.0,-1.0,93,20041213,42,True,5,1,0.33333333333333337,1.0,0.2,1.0,1.0,10.041791999999994
power_theta10_rho16,power,10.0,16.0,-1.0,98,20041218,37,False,7,0,0.0,0.0,0.0,0.0,0.0,8.281166999999812
power_theta10_rho16,power,10.0,16.0,-1.0,96,20041216,50,True,4,1,0.31208978627847594,0.7802244656961898,0.19505611642404744,0.8582469122658087,0.9090909090909091,11.930875000000007
power_theta10_rho16,power,10.0,16.0,-1.0,90,20041210,55,False,18,0,0.0,0.0,0.0,0.0,0.0,10.312084000000166
power_theta10_rho16,power,10.0,16.0,-1.0,86,20041206,64,False,15,0,0.0,0.0,0.0,0.0,0.0,10.811374999999845
power_theta10_rho16,power,10.0,16.0,-1.0,95,20041215,56,True,19,1,0.010618239080794654,0.10618239080794653,0.005588546884628765,0.29200157472185295,0.36363636363636365,11.475667000000023
power_theta10_rho16,power,10.0,16.0,-1.0,92,20041212,61,False,5,0,0.0,0.0,0.0,0.0,0.0,11.664584000000033
power_theta10_rho16,power,10.0,16.0,-1.0,91,20041211,63,True,13,1,0.07360174166796492,0.5152121916757545,0.039631707051981116,0.686949588901006,0.75,10.751667000000076
power_theta10_rho16,power,10.0,16.0,-1.0,99,20041219,55,False,22,0,0.0,0.0,0.0,0.0,0.0,11.014583000000133
power_theta10_rho64,power,10.0,64.0,-1.0,8,20051128,84,False,10,0,0.0,0.0,0.0,0.0,0.0,8.390792000000147
power_theta10_rho64,power,10.0,64.0,-1.0,3,20051123,111,False,17,0,0.0,0.0,0.0,0.0,0.0,11.040333000000402
power_theta10_rho64,power,10.0,64.0,-1.0,15,20051135,103,False,16,0,0.0,0.0,0.0,0.0,0.0,10.49570799999966
power_theta10_rho64,power,10.0,64.0,-1.0,10,20051130,118,False,13,0,0.0,0.0,0.0,0.0,0.0,10.432000000000663
power_theta10_rho64,power,10.0,64.0,-1.0,0,20051120,137,False,17,0,0.0,0.0,0.0,0.0,0.0,11.164374999999893
power_theta10_rho64,power,10.0,64.0,-1.0,2,20051122,128,False,28,0,0.0,0.0,0.0,0.0,0.0,11.764166999999937
power_theta10_rho64,power,10.0,64.0,-1.0,9,20051129,132,False,20,0,0.0,0.0,0.0,0.0,0.0,11.125625000000028
power_theta10_rho64,power,10.0,64.0,-1.0,1,20051121,162,False,13,0,0.0,0.0,0.0,0.0,0.0,10.60854099999986
power_theta10_rho64,power,10.0,64.0,-1.0,13,20051133,151,False,27,0,0.0,0.0,0.0,0.0,0.0,10.904542000000461
power_theta10_rho64,power,10.0,64.0,-1.0,6,20051126,155,False,23,0,0.0,0.0,0.0,0.0,0.0,11.536834000000162
power_theta10_rho64,power,10.0,64.0,-1.0,7,20051127,163,False,26,0,0.0,0.0,0.0,0.0,0.0,10.975333000000198
power_theta10_rho64,power,10.0,64.0,-1.0,12,20051132,174,False,29,0,0.0,0.0,0.0,0.0,0.0,10.998250000000098
power_theta10_rho64,power,10.0,64.0,-1.0,4,20051124,169,False,32,0,0.0,0.0,0.0,0.0,0.0,11.69654100000006
power_theta10_rho64,power,10.0,64.0,-1.0,16,20051136,148,False,10,0,0.0,0.0,0.0,0.0,0.0,10.155083999999981
power_theta10_rho64,power,10.0,64.0,-1.0,5,20051125,194,False,33,0,0.0,0.0,0.0,0.0,0.0,12.282625000000102
power_theta10_rho64,power,10.0,64.0,-1.0,26,20051146,92,False,6,0,0.0,0.0,0.0,0.0,0.0,10.844708999999675
power_theta10_rho64,power,10.0,64.0,-1.0,14,20051134,195,False,33,0,0.0,0.0,0.0,0.0,0.0,11.188084000000487
power_theta10_rho64,power,10.0,64.0,-1.0,18,20051138,148,False,22,0,0.0,0.0,0.0,0.0,0.0,11.448666999999801
power_theta10_rho64,power,10.0,64.0,-1.0,17,20051137,161,False,34,0,0.0,0.0,0.0,0.0,0.0,10.575042000000145
power_theta10_rho64,power,10.0,64.0,-1.0,11,20051131,201,True,44,1,0.0024305800236163006,0.05468805053136676,0.0012429102393492445,0.21875220212546703,0.25,10.75608399999961
power_theta10_rho64,power,10.0,64.0,-1.0,24,20051144,128,False,21,0,0.0,0.0,0.0,0.0,0.0,10.049833000000064
power_theta10_rho64,power,10.0,64.0,-1.0,19,20051139,147,False,28,0,0.0,0.0,0.0,0.0,0.0,10.942292000000187
power_theta10_rho64,power,10.0,64.0,-1.0,25,20051145,137,False,16,0,0.0,0.0,0.0,0.0,0.0,11.034665999999582
power_theta10_rho64,power,10.0,64.0,-1.0,23,20051143,153,False,31,0,0.0,0.0,0.0,0.0,0.0,11.160457999999984
power_theta10_rho64,power,10.0,64.0,-1.0,21,20051141,180,False,25,0,0.0,0.0,0.0,0.0,0.0,11.398375000000627
power_theta10_rho64,power,10.0,64.0,-1.0,29,20051149,128,False,15,0,0.0,0.0,0.0,0.0,0.0,11.335249999999242
power_theta10_rho64,power,10.0,64.0,-1.0,20,20051140,183,False,32,0,0.0,0.0,0.0,0.0,0.0,11.717540999999443
power_theta10_rho64,power,10.0,64.0,-1.0,22,20051142,184,False,34,0,0.0,0.0,0.0,0.0,0.0,10.678458000000113
power_theta10_rho64,power,10.0,64.0,-1.0,34,20051154,116,False,7,0,0.0,0.0,0.0,0.0,0.0,10.56916699999988
power_theta10_rho64,power,10.0,64.0,-1.0,36,20051156,108,False,9,0,0.0,0.0,0.0,0.0,0.0,17.661499999999997
power_theta10_rho64,power,10.0,64.0,-1.0,27,20051147,148,False,34,0,0.0,0.0,0.0,0.0,0.0,12.087166999999788
power_theta10_rho64,power,10.0,64.0,-1.0,33,20051153,130,False,18,0,0.0,0.0,0.0,0.0,0.0,10.78645800000011
power_theta10_rho64,power,10.0,64.0,-1.0,37,20051157,110,False,43,0,0.0,0.0,0.0,0.0,0.0,10.497291000000075
power_theta10_rho64,power,10.0,64.0,-1.0,28,20051148,170,False,17,0,0.0,0.0,0.0,0.0,0.0,12.036417000000021
power_theta10_rho64,power,10.0,64.0,-1.0,30,20051150,161,False,28,0,0.0,0.0,0.0,0.0,0.0,11.78324999999969
power_theta10_rho64,power,10.0,64.0,-1.0,31,20051151,163,False,27,0,0.0,0.0,0.0,0.0,0.0,13.0532910000003
power_theta10_rho64,power,10.0,64.0,-1.0,32,20051152,167,False,30,0,0.0,0.0,0.0,0.0,0.0,11.033040999999244
power_theta10_rho64,power,10.0,64.0,-1.0,44,20051164,133,True,24,1,0.005808996985211761,0.07261246231514702,0.0030255192631311258,0.07261246231514702,1.0,11.01362500000036
power_theta10_rho64,power,10.0,64.0,-1.0,42,20051162,140,False,20,0,0.0,0.0,0.0,0.0,0.0,12.213875000000485
power_theta10_rho64,power,10.0,64.0,-1.0,40,20051160,146,False,27,0,0.0,0.0,0.0,0.0,0.0,13.11041700000004
power_theta10_rho64,power,10.0,64.0,-1.0,38,20051158,165,False,23,0,0.0,0.0,0.0,0.0,0.0,11.020709000000295
power_theta10_rho64,power,10.0,64.0,-1.0,35,20051155,189,False,35,0,0.0,0.0,0.0,0.0,0.0,11.470832999998848
power_theta10_rho64,power,10.0,64.0,-1.0,43,20051163,166,False,27,0,0.0,0.0,0.0,0.0,0.0,11.327250000000788
power_theta10_rho64,power,10.0,64.0,-1.0,39,20051159,174,False,27,0,0.0,0.0,0.0,0.0,0.0,11.048084000000458
power_theta10_rho64,power,10.0,64.0,-1.0,46,20051166,165,False,20,0,0.0,0.0,0.0,0.0,0.0,11.439499999999825
power_theta10_rho64,power,10.0,64.0,-1.0,41,20051161,177,False,47,0,0.0,0.0,0.0,0.0,0.0,11.631167000000886
power_theta10_rho64,power,10.0,64.0,-1.0,49,20051169,170,False,47,0,0.0,0.0,0.0,0.0,0.0,12.153125000001097
power_theta10_rho64,power,10.0,64.0,-1.0,48,20051168,168,False,28,0,0.0,0.0,0.0,0.0,0.0,11.57429199999882
power_theta10_rho64,power,10.0,64.0,-1.0,51,20051171,148,False,33,0,0.0,0.0,0.0,0.0,0.0,11.801249999999541
power_theta10_rho64,power,10.0,64.0,-1.0,50,20051170,170,False,20,0,0.0,0.0,0.0,0.0,0.0,11.26837500000022
power_theta10_rho64,power,10.0,64.0,-1.0,52,20051172,155,False,28,0,0.0,0.0,0.0,0.0,0.0,11.34391599999951
power_theta10_rho64,power,10.0,64.0,-1.0,45,20051165,203,False,25,0,0.0,0.0,0.0,0.0,0.0,10.837625000000628
power_theta10_rho64,power,10.0,64.0,-1.0,58,20051178,114,False,28,0,0.0,0.0,0.0,0.0,0.0,11.469541000000305
power_theta10_rho64,power,10.0,64.0,-1.0,60,20051180,110,False,14,0,0.0,0.0,0.0,0.0,0.0,11.21779200000006
power_theta10_rho64,power,10.0,64.0,-1.0,56,20051176,147,False,31,0,0.0,0.0,0.0,0.0,0.0,11.600332999998741
power_theta10_rho64,power,10.0,64.0,-1.0,54,20051174,152,False,24,0,0.0,0.0,0.0,0.0,0.0,11.186291999999654
power_theta10_rho64,power,10.0,64.0,-1.0,47,20051167,207,False,48,0,0.0,0.0,0.0,0.0,0.0,11.43562499999895
power_theta10_rho64,power,10.0,64.0,-1.0,57,20051177,162,False,36,0,0.0,0.0,0.0,0.0,0.0,12.099250000000339
power_theta10_rho64,power,10.0,64.0,-1.0,53,20051173,185,False,29,0,0.0,0.0,0.0,0.0,0.0,11.410624999999897
power_theta10_rho64,power,10.0,64.0,-1.0,63,20051183,147,False,24,0,0.0,0.0,0.0,0.0,0.0,11.153042000000113
power_theta10_rho64,power,10.0,64.0,-1.0,55,20051175,192,False,32,0,0.0,0.0,0.0,0.0,0.0,11.027042000000264
power_theta10_rho64,power,10.0,64.0,-1.0,62,20051182,159,False,21,0,0.0,0.0,0.0,0.0,0.0,11.696625000000793
power_theta10_rho64,power,10.0,64.0,-1.0,64,20051184,161,False,22,0,0.0,0.0,0.0,0.0,0.0,11.143416999999545
power_theta10_rho64,power,10.0,64.0,-1.0,59,20051179,189,False,28,0,0.0,0.0,0.0,0.0,0.0,10.723332999999613
power_theta10_rho64,power,10.0,64.0,-1.0,65,20051185,168,False,32,0,0.0,0.0,0.0,0.0,0.0,11.041750000000405
power_theta10_rho64,power,10.0,64.0,-1.0,67,20051187,149,False,38,0,0.0,0.0,0.0,0.0,0.0,11.12337500000038
power_theta10_rho64,power,10.0,64.0,-1.0,61,20051181,201,False,29,0,0.0,0.0,0.0,0.0,0.0,14.338499999999144
power_theta10_rho64,power,10.0,64.0,-1.0,68,20051188,177,False,36,0,0.0,0.0,0.0,0.0,0.0,11.633999999999034
power_theta10_rho64,power,10.0,64.0,-1.0,72,20051192,152,False,22,0,0.0,0.0,0.0,0.0,0.0,11.734999999999829
power_theta10_rho64,power,10.0,64.0,-1.0,74,20051194,135,False,25,0,0.0,0.0,0.0,0.0,0.0,11.426584000000517
power_theta10_rho64,power,10.0,64.0,-1.0,75,20051195,132,False,33,0,0.0,0.0,0.0,0.0,0.0,11.082542000000473
power_theta10_rho64,power,10.0,64.0,-1.0,76,20051196,129,False,14,0,0.0,0.0,0.0,0.0,0.0,11.301250000000707
power_theta10_rho64,power,10.0,64.0,-1.0,70,20051190,188,False,25,0,0.0,0.0,0.0,0.0,0.0,12.32141599999892
power_theta10_rho64,power,10.0,64.0,-1.0,71,20051191,195,False,19,0,0.0,0.0,0.0,0.0,0.0,11.485665999998673
power_theta10_rho64,power,10.0,64.0,-1.0,77,20051197,146,False,19,0,0.0,0.0,0.0,0.0,0.0,11.87166699999942
power_theta10_rho64,power,10.0,64.0,-1.0,69,20051189,214,False,32,0,0.0,0.0,0.0,0.0,0.0,11.205291999999645
power_theta10_rho64,power,10.0,64.0,-1.0,66,20051186,219,False,46,0,0.0,0.0,0.0,0.0,0.0,10.870167000000208
power_theta10_rho64,power,10.0,64.0,-1.0,73,20051193,186,False,27,0,0.0,0.0,0.0,0.0,0.0,12.009250000000193
power_theta10_rho64,power,10.0,64.0,-1.0,83,20051203,142,False,25,0,0.0,0.0,0.0,0.0,0.0,11.488041999999865
power_theta10_rho64,power,10.0,64.0,-1.0,86,20051206,108,False,20,0,0.0,0.0,0.0,0.0,0.0,12.188209000001393
power_theta10_rho64,power,10.0,64.0,-1.0,78,20051198,168,False,24,0,0.0,0.0,0.0,0.0,0.0,12.332374999999729
power_theta10_rho64,power,10.0,64.0,-1.0,81,20051201,169,False,10,0,0.0,0.0,0.0,0.0,0.0,14.388375000001119
power_theta10_rho64,power,10.0,64.0,-1.0,80,20051200,169,True,28,1,0.06859243056454394,0.9945902431858871,0.03552108011378168,0.9945902431858871,1.0,13.582500000000053
power_theta10_rho64,power,10.0,64.0,-1.0,79,20051199,181,False,29,0,0.0,0.0,0.0,0.0,0.0,11.753166999998399
power_theta10_rho64,power,10.0,64.0,-1.0,87,20051207,148,False,15,0,0.0,0.0,0.0,0.0,0.0,13.19720799999935
power_theta50_rho0,power,50.0,0.0,-1.0,0,20061120,1,False,0,0,1.0,1.0,1.0,1.0,1.0,13.242583000000252
power_theta50_rho0,power,50.0,0.0,-1.0,1,20061121,1,False,0,0,1.0,1.0,1.0,1.0,1.0,13.857624999999985
power_theta50_rho0,power,50.0,0.0,-1.0,2,20061122,1,False,0,0,1.0,1.0,1.0,1.0,1.0,12.958166999998966
power_theta10_rho64,power,10.0,64.0,-1.0,90,20051210,122,False,29,0,0.0,0.0,0.0,0.0,0.0,12.731416999999468
power_theta50_rho0,power,50.0,0.0,-1.0,3,20061123,1,False,0,0,1.0,1.0,1.0,1.0,1.0,14.20912500000071
power_theta50_rho0,power,50.0,0.0,-1.0,4,20061124,1,False,0,0,1.0,1.0,1.0,1.0,1.0,13.896125000000481
power_theta50_rho0,power,50.0,0.0,-1.0,5,20061125,1,False,0,0,1.0,1.0,1.0,1.0,1.0,12.168500000001359
power_theta50_rho0,power,50.0,0.0,-1.0,6,20061126,1,False,0,0,1.0,1.0,1.0,1.0,1.0,12.025208000000731
power_theta50_rho0,power,50.0,0.0,-1.0,7,20061127,1,False,0,0,1.0,1.0,1.0,1.0,1.0,13.100124999999352
power_theta50_rho0,power,50.0,0.0,-1.0,8,20061128,1,False,0,0,1.0,1.0,1.0,1.0,1.0,12.291375000000215
power_theta50_rho0,power,50.0,0.0,-1.0,9,20061129,1,False,0,0,1.0,1.0,1.0,1.0,1.0,13.198333000000062
power_theta50_rho0,power,50.0,0.0,-1.0,10,20061130,1,False,0,0,1.0,1.0,1.0,1.0,1.0,11.416917000000026
power_theta50_rho0,power,50.0,0.0,-1.0,11,20061131,1,False,0,0,1.0,1.0,1.0,1.0,1.0,15.26791600000088
power_theta50_rho0,power,50.0,0.0,-1.0,12,20061132,1,False,0,0,1.0,1.0,1.0,1.0,1.0,13.504375000000124
power_theta50_rho0,power,50.0,0.0,-1.0,13,20061133,1,False,0,0,1.0,1.0,1.0,1.0,1.0,11.325750000001022
power_theta50_rho0,power,50.0,0.0,-1.0,14,20061134,1,False,0,0,1.0,1.0,1.0,1.0,1.0,12.400666999999643
power_theta50_rho0,power,50.0,0.0,-1.0,15,20061135,1,False,0,0,1.0,1.0,1.0,1.0,1.0,11.782374999999234
power_theta10_rho64,power,10.0,64.0,-1.0,89,20051209,145,False,21,0,0.0,0.0,0.0,0.0,0.0,13.752708000000169
power_theta50_rho0,power,50.0,0.0,-1.0,16,20061136,1,False,0,0,1.0,1.0,1.0,1.0,1.0,11.19045899999982
power_theta50_rho0,power,50.0,0.0,-1.0,17,20061137,1,False,0,0,1.0,1.0,1.0,1.0,1.0,11.66120799999959
power_theta50_rho0,power,50.0,0.0,-1.0,18,20061138,1,False,0,0,1.0,1.0,1.0,1.0,1.0,11.727875000000054
power_theta50_rho0,power,50.0,0.0,-1.0,19,20061139,1,False,0,0,1.0,1.0,1.0,1.0,1.0,12.420999999999793
power_theta50_rho0,power,50.0,0.0,-1.0,20,20061140,1,False,0,0,1.0,1.0,1.0,1.0,1.0,16.051582999999425
power_theta50_rho0,power,50.0,0.0,-1.0,22,20061142,1,False,0,0,1.0,1.0,1.0,1.0,1.0,13.029458000000105
power_theta50_rho0,power,50.0,0.0,-1.0,21,20061141,1,False,0,0,1.0,1.0,1.0,1.0,1.0,15.02037500000064
power_theta50_rho0,power,50.0,0.0,-1.0,23,20061143,1,False,0,0,1.0,1.0,1.0,1.0,1.0,11.261457999999891
power_theta50_rho0,power,50.0,0.0,-1.0,24,20061144,1,False,0,0,1.0,1.0,1.0,1.0,1.0,12.231916000001064
power_theta50_rho0,power,50.0,0.0,-1.0,25,20061145,1,False,0,0,1.0,1.0,1.0,1.0,1.0,11.345249999999751
power_theta50_rho0,power,50.0,0.0,-1.0,26,20061146,1,False,0,0,1.0,1.0,1.0,1.0,1.0,10.930333000001013
power_theta50_rho0,power,50.0,0.0,-1.0,27,20061147,1,False,0,0,1.0,1.0,1.0,1.0,1.0,12.06170900000103
power_theta50_rho0,power,50.0,0.0,-1.0,28,20061148,1,False,0,0,1.0,1.0,1.0,1.0,1.0,12.091541000000205
power_theta50_rho0,power,50.0,0.0,-1.0,29,20061149,1,False,0,0,1.0,1.0,1.0,1.0,1.0,11.872542000000763
power_theta50_rho0,power,50.0,0.0,-1.0,30,20061150,1,False,0,0,1.0,1.0,1.0,1.0,1.0,12.169957999999426
power_theta50_rho0,power,50.0,0.0,-1.0,31,20061151,1,False,0,0,1.0,1.0,1.0,1.0,1.0,14.597332999999324
power_theta50_rho0,power,50.0,0.0,-1.0,32,20061152,1,False,0,0,1.0,1.0,1.0,1.0,1.0,13.654458999999619
power_theta50_rho0,power,50.0,0.0,-1.0,33,20061153,1,False,0,0,1.0,1.0,1.0,1.0,1.0,15.8386660000005
power_theta50_rho0,power,50.0,0.0,-1.0,34,20061154,1,False,0,0,1.0,1.0,1.0,1.0,1.0,18.240500000000992
power_theta50_rho0,power,50.0,0.0,-1.0,35,20061155,1,False,0,0,1.0,1.0,1.0,1.0,1.0,17.91437500000015
power_theta50_rho0,power,50.0,0.0,-1.0,36,20061156,1,False,0,0,1.0,1.0,1.0,1.0,1.0,14.005374999999987
power_theta50_rho0,power,50.0,0.0,-1.0,37,20061157,1,False,0,0,1.0,1.0,1.0,1.0,1.0,12.890999999999764
power_theta10_rho64,power,10.0,64.0,-1.0,84,20051204,190,False,30,0,0.0,0.0,0.0,0.0,0.0,13.626125000000044
power_theta50_rho0,power,50.0,0.0,-1.0,39,20061159,1,False,0,0,1.0,1.0,1.0,1.0,1.0,14.376833000000033
power_theta50_rho0,power,50.0,0.0,-1.0,38,20061158,1,False,0,0,1.0,1.0,1.0,1.0,1.0,15.03262499999991
power_theta50_rho0,power,50.0,0.0,-1.0,41,20061161,1,False,0,0,1.0,1.0,1.0,1.0,1.0,13.332791999999927
power_theta50_rho0,power,50.0,0.0,-1.0,40,20061160,1,False,0,0,1.0,1.0,1.0,1.0,1.0,14.112625000000989
power_theta50_rho0,power,50.0,0.0,-1.0,42,20061162,1,False,0,0,1.0,1.0,1.0,1.0,1.0,15.494457999999156
power_theta50_rho0,power,50.0,0.0,-1.0,43,20061163,1,False,0,0,1.0,1.0,1.0,1.0,1.0,15.658832999999817
power_theta50_rho0,power,50.0,0.0,-1.0,44,20061164,1,False,0,0,1.0,1.0,1.0,1.0,1.0,16.078957999999588
power_theta50_rho0,power,50.0,0.0,-1.0,45,20061165,1,False,0,0,1.0,1.0,1.0,1.0,1.0,14.939749999999918
power_theta10_rho64,power,10.0,64.0,-1.0,92,20051212,136,False,28,0,0.0,0.0,0.0,0.0,0.0,13.508250000000999
power_theta50_rho0,power,50.0,0.0,-1.0,46,20061166,1,False,0,0,1.0,1.0,1.0,1.0,1.0,16.735750000000493
power_theta50_rho0,power,50.0,0.0,-1.0,47,20061167,1,False,0,0,1.0,1.0,1.0,1.0,1.0,15.374624999999753
power_theta50_rho0,power,50.0,0.0,-1.0,48,20061168,1,False,0,0,1.0,1.0,1.0,1.0,1.0,14.927000000000135
power_theta50_rho0,power,50.0,0.0,-1.0,49,20061169,1,False,0,0,1.0,1.0,1.0,1.0,1.0,14.801207999999733
power_theta10_rho64,power,10.0,64.0,-1.0,85,20051205,171,False,38,0,0.0,0.0,0.0,0.0,0.0,14.091374999999573
power_theta50_rho0,power,50.0,0.0,-1.0,50,20061170,1,False,0,0,1.0,1.0,1.0,1.0,1.0,13.683083000000096
power_theta50_rho0,power,50.0,0.0,-1.0,52,20061172,1,False,0,0,1.0,1.0,1.0,1.0,1.0,12.431750000001074
power_theta10_rho64,power,10.0,64.0,-1.0,98,20051218,92,False,24,0,0.0,0.0,0.0,0.0,0.0,16.502415999999798
power_theta50_rho0,power,50.0,0.0,-1.0,51,20061171,1,False,0,0,1.0,1.0,1.0,1.0,1.0,13.190583000000089
power_theta50_rho0,power,50.0,0.0,-1.0,53,20061173,1,False,0,0,1.0,1.0,1.0,1.0,1.0,15.124166999999744
power_theta50_rho0,power,50.0,0.0,-1.0,55,20061175,1,False,0,0,1.0,1.0,1.0,1.0,1.0,16.771165999999837
power_theta50_rho0,power,50.0,0.0,-1.0,54,20061174,1,False,0,0,1.0,1.0,1.0,1.0,1.0,13.229124999998731
power_theta50_rho0,power,50.0,0.0,-1.0,56,20061176,1,False,0,0,1.0,1.0,1.0,1.0,1.0,16.14883400000089
power_theta50_rho0,power,50.0,0.0,-1.0,59,20061179,1,False,0,0,1.0,1.0,1.0,1.0,1.0,12.388375000000451
power_theta50_rho0,power,50.0,0.0,-1.0,58,20061178,1,False,0,0,1.0,1.0,1.0,1.0,1.0,12.55391699999997
power_theta50_rho0,power,50.0,0.0,-1.0,60,20061180,1,False,0,0,1.0,1.0,1.0,1.0,1.0,13.628125000000324
power_theta50_rho0,power,50.0,0.0,-1.0,57,20061177,1,False,0,0,1.0,1.0,1.0,1.0,1.0,13.397165999998961
power_theta50_rho0,power,50.0,0.0,-1.0,61,20061181,1,False,0,0,1.0,1.0,1.0,1.0,1.0,12.514958000000576
power_theta50_rho0,power,50.0,0.0,-1.0,63,20061183,1,False,0,0,1.0,1.0,1.0,1.0,1.0,12.701707999999812
power_theta50_rho0,power,50.0,0.0,-1.0,64,20061184,1,False,0,0,1.0,1.0,1.0,1.0,1.0,12.164916999999775
power_theta50_rho0,power,50.0,0.0,-1.0,62,20061182,1,False,0,0,1.0,1.0,1.0,1.0,1.0,13.14499999999974
power_theta50_rho0,power,50.0,0.0,-1.0,66,20061186,1,False,0,0,1.0,1.0,1.0,1.0,1.0,13.071458999998953
power_theta50_rho0,power,50.0,0.0,-1.0,67,20061187,1,False,0,0,1.0,1.0,1.0,1.0,1.0,14.079917000000108
power_theta50_rho0,power,50.0,0.0,-1.0,65,20061185,1,False,0,0,1.0,1.0,1.0,1.0,1.0,14.160874999999962
power_theta50_rho0,power,50.0,0.0,-1.0,69,20061189,1,False,0,0,1.0,1.0,1.0,1.0,1.0,11.787916999999482
power_theta50_rho0,power,50.0,0.0,-1.0,68,20061188,1,False,0,0,1.0,1.0,1.0,1.0,1.0,12.939540999999721
power_theta50_rho0,power,50.0,0.0,-1.0,70,20061190,1,False,0,0,1.0,1.0,1.0,1.0,1.0,12.63816600000034
power_theta50_rho0,power,50.0,0.0,-1.0,73,20061193,1,False,0,0,1.0,1.0,1.0,1.0,1.0,13.220708000000414
power_theta50_rho0,power,50.0,0.0,-1.0,72,20061192,1,False,0,0,1.0,1.0,1.0,1.0,1.0,15.706249999999145
power_theta50_rho0,power,50.0,0.0,-1.0,71,20061191,1,False,0,0,1.0,1.0,1.0,1.0,1.0,15.756584000000018
power_theta10_rho64,power,10.0,64.0,-1.0,88,20051208,160,False,29,0,0.0,0.0,0.0,0.0,0.0,13.643416999999047
power_theta50_rho0,power,50.0,0.0,-1.0,74,20061194,1,False,0,0,1.0,1.0,1.0,1.0,1.0,14.30054200000086
power_theta50_rho0,power,50.0,0.0,-1.0,75,20061195,1,False,0,0,1.0,1.0,1.0,1.0,1.0,13.787875000000227
power_theta50_rho0,power,50.0,0.0,-1.0,76,20061196,1,False,0,0,1.0,1.0,1.0,1.0,1.0,12.820500000000123
power_theta50_rho0,power,50.0,0.0,-1.0,77,20061197,1,False,0,0,1.0,1.0,1.0,1.0,1.0,12.05475000000078
power_theta50_rho0,power,50.0,0.0,-1.0,79,20061199,1,False,0,0,1.0,1.0,1.0,1.0,1.0,11.80225000000057
power_theta50_rho0,power,50.0,0.0,-1.0,81,20061201,1,False,0,0,1.0,1.0,1.0,1.0,1.0,12.228792000000155
power_theta50_rho0,power,50.0,0.0,-1.0,80,20061200,1,False,0,0,1.0,1.0,1.0,1.0,1.0,11.883875000000543
power_theta50_rho0,power,50.0,0.0,-1.0,82,20061202,1,False,0,0,1.0,1.0,1.0,1.0,1.0,12.744207999999091
power_theta50_rho0,power,50.0,0.0,-1.0,83,20061203,1,False,0,0,1.0,1.0,1.0,1.0,1.0,11.453834000000995
power_theta50_rho0,power,50.0,0.0,-1.0,78,20061198,1,False,0,0,1.0,1.0,1.0,1.0,1.0,12.669457999999523
power_theta50_rho0,power,50.0,0.0,-1.0,84,20061204,1,False,0,0,1.0,1.0,1.0,1.0,1.0,11.584333000000058
power_theta50_rho0,power,50.0,0.0,-1.0,85,20061205,1,False,0,0,1.0,1.0,1.0,1.0,1.0,13.397707999999398
power_theta50_rho0,power,50.0,0.0,-1.0,86,20061206,1,False,0,0,1.0,1.0,1.0,1.0,1.0,14.301874999999242
power_theta50_rho0,power,50.0,0.0,-1.0,88,20061208,1,False,0,0,1.0,1.0,1.0,1.0,1.0,12.3187920000003
power_theta50_rho0,power,50.0,0.0,-1.0,90,20061210,1,False,0,0,1.0,1.0,1.0,1.0,1.0,11.19295800000053
power_theta50_rho0,power,50.0,0.0,-1.0,91,20061211,1,False,0,0,1.0,1.0,1.0,1.0,1.0,11.621667000000002
power_theta50_rho0,power,50.0,0.0,-1.0,92,20061212,1,False,0,0,1.0,1.0,1.0,1.0,1.0,12.646667000000278
power_theta50_rho0,power,50.0,0.0,-1.0,87,20061207,1,False,0,0,1.0,1.0,1.0,1.0,1.0,11.685915999999352
power_theta50_rho0,power,50.0,0.0,-1.0,89,20061209,1,False,0,0,1.0,1.0,1.0,1.0,1.0,12.73579199999908
power_theta50_rho0,power,50.0,0.0,-1.0,93,20061213,1,False,0,0,1.0,1.0,1.0,1.0,1.0,14.04799999999895
power_theta50_rho0,power,50.0,0.0,-1.0,94,20061214,1,False,0,0,1.0,1.0,1.0,1.0,1.0,13.707709000000179
power_theta50_rho0,power,50.0,0.0,-1.0,97,20061217,1,False,0,0,1.0,1.0,1.0,1.0,1.0,11.953082999999864
power_theta50_rho0,power,50.0,0.0,-1.0,95,20061215,1,False,0,0,1.0,1.0,1.0,1.0,1.0,13.734416000000138
power_theta50_rho0,power,50.0,0.0,-1.0,99,20061219,1,False,0,0,1.0,1.0,1.0,1.0,1.0,11.194292000000772
power_theta50_rho0,power,50.0,0.0,-1.0,98,20061218,1,False,0,0,1.0,1.0,1.0,1.0,1.0,12.264334000001043
power_theta50_rho0,power,50.0,0.0,-1.0,96,20061216,1,False,0,0,1.0,1.0,1.0,1.0,1.0,11.765708999998736
power_theta50_rho1,power,50.0,1.0,-1.0,0,20071120,2,False,0,0,1.0,1.0,1.0,1.0,1.0,12.30316700000067
power_theta50_rho1,power,50.0,1.0,-1.0,3,20071123,4,True,6,2,0.3113344141174815,0.622668828234963,0.20755627607832097,0.6638942529925681,0.9375,13.131874999999127
power_theta50_rho1,power,50.0,1.0,-1.0,7,20071127,2,False,1,0,0.0,0.0,0.0,0.0,0.0,12.443959000000504
power_theta50_rho1,power,50.0,1.0,-1.0,2,20071122,5,True,4,1,0.0694541431186626,0.1736353577966565,0.04340883944916413,0.4340883944916412,0.4,13.515791999999749
power_theta50_rho1,power,50.0,1.0,-1.0,5,20071125,3,False,0,0,1.0,1.0,1.0,1.0,1.0,13.364208000000488
power_theta50_rho1,power,50.0,1.0,-1.0,1,20071121,7,False,2,0,0.0,0.0,0.0,0.0,0.0,11.955666999998726
power_theta50_rho1,power,50.0,1.0,-1.0,4,20071124,6,False,3,0,0.0,0.0,0.0,0.0,0.0,12.461167000001439
power_theta50_rho1,power,50.0,1.0,-1.0,6,20071126,7,False,2,0,0.0,0.0,0.0,0.0,0.0,20.337166000000906
power_theta50_rho1,power,50.0,1.0,-1.0,8,20071128,5,False,3,0,0.0,0.0,0.0,0.0,0.0,15.95116699999899
power_theta50_rho1,power,50.0,1.0,-1.0,11,20071131,2,False,0,0,1.0,1.0,1.0,1.0,1.0,14.65612500000013
power_theta50_rho1,power,50.0,1.0,-1.0,10,20071130,6,False,0,0,1.0,1.0,1.0,1.0,1.0,26.55570900000015
power_theta50_rho1,power,50.0,1.0,-1.0,9,20071129,3,False,3,0,0.0,0.0,0.0,0.0,0.0,79.59612500000013
power_theta50_rho1,power,50.0,1.0,-1.0,16,20071136,3,False,2,0,0.0,0.0,0.0,0.0,0.0,54.37704199999871
power_theta50_rho1,power,50.0,1.0,-1.0,12,20071132,6,False,0,0,1.0,1.0,1.0,1.0,1.0,78.6803340000013
power_theta50_rho1,power,50.0,1.0,-1.0,15,20071135,2,False,0,0,1.0,1.0,1.0,1.0,1.0,56.97683399999853
power_theta50_rho1,power,50.0,1.0,-1.0,14,20071134,4,True,5,1,0.1481481481481481,0.4444444444444444,0.08888888888888888,1.0,0.4444444444444444,60.923458999999625
power_theta50_rho1,power,50.0,1.0,-1.0,13,20071133,7,False,1,0,0.0,0.0,0.0,0.0,0.0,56.73937499999937
power_theta10_rho64,power,10.0,64.0,-1.0,82,20051202,215,False,45,0,0.0,0.0,0.0,0.0,0.0,22.445457999999974
power_theta50_rho1,power,50.0,1.0,-1.0,17,20071137,2,False,2,0,0.0,0.0,0.0,0.0,0.0,10.956542000000624
power_theta50_rho1,power,50.0,1.0,-1.0,22,20071142,1,False,0,0,1.0,1.0,1.0,1.0,1.0,10.718917000000161
power_theta50_rho1,power,50.0,1.0,-1.0,18,20071138,3,True,4,2,0.6411356274464696,0.9617034411697045,0.48085172058485226,0.9817034411697045,0.98,12.603290999999572
power_theta50_rho1,power,50.0,1.0,-1.0,20,20071140,2,False,0,0,1.0,1.0,1.0,1.0,1.0,11.456416999999774
power_theta50_rho1,power,50.0,1.0,-1.0,21,20071141,4,True,5,1,0.03683429620170972,0.11050288860512915,0.02210057772102583,0.12278098733903238,0.9,13.140250000001075
power_theta50_rho1,power,50.0,1.0,-1.0,19,20071139,7,False,0,0,1.0,1.0,1.0,1.0,1.0,11.325708999999407
power_theta50_rho1,power,50.0,1.0,-1.0,24,20071144,3,False,1,0,0.0,0.0,0.0,0.0,0.0,12.393750000001091
power_theta50_rho1,power,50.0,1.0,-1.0,25,20071145,4,False,0,0,1.0,1.0,1.0,1.0,1.0,12.364417000000572
power_theta50_rho1,power,50.0,1.0,-1.0,23,20071143,8,True,6,1,0.0,0.0,0.0,0.004538104657412289,0.0,13.418250000000853
power_theta50_rho1,power,50.0,1.0,-1.0,28,20071148,3,False,0,0,1.0,1.0,1.0,1.0,1.0,14.29358300000061
power_theta50_rho1,power,50.0,1.0,-1.0,26,20071146,4,False,3,0,0.0,0.0,0.0,0.0,0.0,14.19175000000017
power_theta50_rho1,power,50.0,1.0,-1.0,27,20071147,5,True,1,1,0.03514005012549844,0.03514005012549844,0.03514005012549844,0.13177518797061913,0.26666666666666666,13.438583000001003
power_theta50_rho1,power,50.0,1.0,-1.0,31,20071151,2,False,0,0,1.0,1.0,1.0,1.0,1.0,12.736541999998963
power_theta50_rho1,power,50.0,1.0,-1.0,29,20071149,6,False,2,0,0.0,0.0,0.0,0.0,0.0,12.829874999999547
power_theta50_rho1,power,50.0,1.0,-1.0,30,20071150,3,False,0,0,1.0,1.0,1.0,1.0,1.0,10.803457999999821
power_theta50_rho1,power,50.0,1.0,-1.0,33,20071153,5,True,0,1,0.0,0.0,0.0,0.0,0.0,11.238083000000287
power_theta50_rho1,power,50.0,1.0,-1.0,37,20071157,1,False,0,0,1.0,1.0,1.0,1.0,1.0,11.133874999998739
power_theta50_rho1,power,50.0,1.0,-1.0,32,20071152,6,True,5,2,0.30054142337108686,0.525947490899402,0.2103789963597608,0.525947490899402,1.0,11.212375000001273
power_theta50_rho1,power,50.0,1.0,-1.0,35,20071155,5,False,0,0,1.0,1.0,1.0,1.0,1.0,10.980082999999752
power_theta50_rho1,power,50.0,1.0,-1.0,36,20071156,6,True,1,1,0.8824081033032317,0.8824081033032317,0.8824081033032317,0.9412353101901139,0.9375,13.19983399999991
power_theta50_rho1,power,50.0,1.0,-1.0,38,20071158,3,False,0,0,1.0,1.0,1.0,1.0,1.0,12.319874999999314
power_theta50_rho1,power,50.0,1.0,-1.0,34,20071154,9,False,3,0,0.0,0.0,0.0,0.0,0.0,10.70383399999919
power_theta50_rho1,power,50.0,1.0,-1.0,39,20071159,4,False,1,0,0.0,0.0,0.0,0.0,0.0,12.381458000000123
power_theta50_rho1,power,50.0,1.0,-1.0,42,20071162,1,False,0,0,1.0,1.0,1.0,1.0,1.0,11.281959000001507
power_theta50_rho1,power,50.0,1.0,-1.0,44,20071164,2,False,0,0,1.0,1.0,1.0,1.0,1.0,11.92795799999935
power_theta50_rho1,power,50.0,1.0,-1.0,43,20071163,4,False,0,0,1.0,1.0,1.0,1.0,1.0,11.279124999999723
power_theta50_rho1,power,50.0,1.0,-1.0,40,20071160,8,True,3,1,0.48582978909013796,0.9716595781802759,0.323886526060092,0.9716595781802759,1.0,12.31599999999844
power_theta50_rho1,power,50.0,1.0,-1.0,45,20071165,2,False,0,0,1.0,1.0,1.0,1.0,1.0,11.395083000000028
power_theta50_rho1,power,50.0,1.0,-1.0,48,20071168,1,False,0,0,1.0,1.0,1.0,1.0,1.0,11.072000000000415
power_theta50_rho1,power,50.0,1.0,-1.0,46,20071166,2,False,2,0,0.0,0.0,0.0,0.0,0.0,10.70858299999955
power_theta50_rho1,power,50.0,1.0,-1.0,47,20071167,2,False,0,0,1.0,1.0,1.0,1.0,1.0,10.829041999999234
power_theta50_rho1,power,50.0,1.0,-1.0,41,20071161,5,False,0,0,1.0,1.0,1.0,1.0,1.0,14.192582999999814
power_theta50_rho1,power,50.0,1.0,-1.0,49,20071169,3,False,1,0,0.0,0.0,0.0,0.0,0.0,11.410916999999188
power_theta50_rho1,power,50.0,1.0,-1.0,51,20071171,3,True,0,1,0.0,0.0,0.0,0.0,0.0,12.917916999999335
power_theta50_rho1,power,50.0,1.0,-1.0,53,20071173,3,False,3,0,0.0,0.0,0.0,0.0,0.0,10.88616599999881
power_theta50_rho1,power,50.0,1.0,-1.0,50,20071170,4,False,1,0,0.0,0.0,0.0,0.0,0.0,12.246625000001288
power_theta50_rho1,power,50.0,1.0,-1.0,52,20071172,6,True,2,2,0.40011839756294937,0.40011839756294937,0.40011839756294937,0.41871253677546366,0.9661498708010337,11.679958000000212
power_theta50_rho1,power,50.0,1.0,-1.0,54,20071174,2,False,0,0,1.0,1.0,1.0,1.0,1.0,12.75716700000018
power_theta50_rho1,power,50.0,1.0,-1.0,55,20071175,5,True,2,1,0.6236559139784946,0.9354838709677419,0.46774193548387094,1.0,0.9354838709677419,13.3897919999999
power_theta50_rho1,power,50.0,1.0,-1.0,56,20071176,6,True,4,2,0.15947716022951292,0.23921574034426937,0.11960787017213469,0.3574816892781968,0.681159420289855,12.261750000000404
power_theta50_rho1,power,50.0,1.0,-1.0,58,20071178,5,False,2,0,0.0,0.0,0.0,0.0,0.0,11.68254200000085
power_theta50_rho1,power,50.0,1.0,-1.0,57,20071177,5,False,1,0,0.0,0.0,0.0,0.0,0.0,11.880707999999629
power_theta50_rho1,power,50.0,1.0,-1.0,60,20071180,1,False,0,0,1.0,1.0,1.0,1.0,1.0,11.620125000000314
power_theta50_rho1,power,50.0,1.0,-1.0,61,20071181,3,False,2,0,0.0,0.0,0.0,0.0,0.0,11.339583999999903
power_theta50_rho1,power,50.0,1.0,-1.0,59,20071179,2,False,0,0,1.0,1.0,1.0,1.0,1.0,10.534707999999782
power_theta50_rho1,power,50.0,1.0,-1.0,63,20071183,1,False,0,0,1.0,1.0,1.0,1.0,1.0,11.086917000000085
power_theta50_rho1,power,50.0,1.0,-1.0,64,20071184,2,False,0,0,1.0,1.0,1.0,1.0,1.0,10.822292000000289
power_theta50_rho1,power,50.0,1.0,-1.0,62,20071182,3,False,3,0,0.0,0.0,0.0,0.0,0.0,11.342957999998404
power_theta50_rho1,power,50.0,1.0,-1.0,65,20071185,4,False,2,0,0.0,0.0,0.0,0.0,0.0,12.569042000000863
power_theta50_rho1,power,50.0,1.0,-1.0,66,20071186,3,False,0,0,1.0,1.0,1.0,1.0,1.0,11.525291999999965
power_theta50_rho1,power,50.0,1.0,-1.0,70,20071190,3,False,0,0,1.0,1.0,1.0,1.0,1.0,12.567875000000228
power_theta50_rho1,power,50.0,1.0,-1.0,69,20071189,2,True,0,1,0.0,0.0,0.0,0.0,0.0,13.022250000000568
power_theta50_rho1,power,50.0,1.0,-1.0,67,20071187,7,True,5,1,0.10415903082004523,0.3124770924601357,0.062495418492027145,0.3124770924601357,1.0,10.879833000000616
power_theta50_rho1,power,50.0,1.0,-1.0,71,20071191,4,False,0,0,1.0,1.0,1.0,1.0,1.0,13.244790999999978
power_theta50_rho1,power,50.0,1.0,-1.0,72,20071192,4,False,4,0,0.0,0.0,0.0,0.0,0.0,12.61095800000156
power_theta50_rho1,power,50.0,1.0,-1.0,68,20071188,9,False,3,0,0.0,0.0,0.0,0.0,0.0,13.965374999999725
power_theta50_rho1,power,50.0,1.0,-1.0,74,20071194,4,False,2,0,0.0,0.0,0.0,0.0,0.0,12.140666999998828
power_theta50_rho1,power,50.0,1.0,-1.0,73,20071193,3,False,4,0,0.0,0.0,0.0,0.0,0.0,12.51633299999888
power_theta50_rho1,power,50.0,1.0,-1.0,77,20071197,2,False,0,0,1.0,1.0,1.0,1.0,1.0,11.489457999999786
power_theta50_rho1,power,50.0,1.0,-1.0,78,20071198,4,False,2,0,0.0,0.0,0.0,0.0,0.0,11.016833000001114
power_theta50_rho1,power,50.0,1.0,-1.0,75,20071195,7,True,1,1,0.22637803106509588,0.22637803106509588,0.22637803106509588,0.22637803106509588,1.0,11.89270799999953
power_theta50_rho1,power,50.0,1.0,-1.0,76,20071196,6,True,2,1,0.2841843761326308,0.4262765641989462,0.2131382820994731,0.4262765641989462,1.0,11.271208000000144
power_theta50_rho1,power,50.0,1.0,-1.0,82,20071202,1,False,0,0,1.0,1.0,1.0,1.0,1.0,11.157500000001264
power_theta50_rho1,power,50.0,1.0,-1.0,79,20071199,2,False,0,0,1.0,1.0,1.0,1.0,1.0,11.11437500000001
power_theta50_rho1,power,50.0,1.0,-1.0,80,20071200,4,False,0,0,1.0,1.0,1.0,1.0,1.0,12.472791000000427
power_theta50_rho1,power,50.0,1.0,-1.0,81,20071201,2,False,0,0,1.0,1.0,1.0,1.0,1.0,13.197957999999232
power_theta50_rho1,power,50.0,1.0,-1.0,83,20071203,3,True,5,1,0.33333333333333337,1.0,0.2,1.0,1.0,12.621750000000986
power_theta10_rho64,power,10.0,64.0,-1.0,91,20051211,181,False,15,0,0.0,0.0,0.0,0.0,0.0,13.586290999999306
power_theta50_rho1,power,50.0,1.0,-1.0,85,20071205,2,False,0,0,1.0,1.0,1.0,1.0,1.0,11.40183300000075
power_theta50_rho1,power,50.0,1.0,-1.0,87,20071207,2,False,2,0,0.0,0.0,0.0,0.0,0.0,12.70795800000002
power_theta50_rho1,power,50.0,1.0,-1.0,86,20071206,5,True,2,2,0.33336787800238527,0.33336787800238527,0.33336787800238527,0.5003454466905197,0.3833333333333333,12.561208999999351
power_theta50_rho1,power,50.0,1.0,-1.0,89,20071209,4,False,1,0,0.0,0.0,0.0,0.0,0.0,12.348916000000543
power_theta50_rho1,power,50.0,1.0,-1.0,88,20071208,3,False,0,0,1.0,1.0,1.0,1.0,1.0,12.042541999999656
power_theta50_rho1,power,50.0,1.0,-1.0,91,20071211,3,False,3,0,0.0,0.0,0.0,0.0,0.0,12.691792000000035
power_theta50_rho1,power,50.0,1.0,-1.0,92,20071212,4,False,2,0,0.0,0.0,0.0,0.0,0.0,13.200874999999002
power_theta50_rho1,power,50.0,1.0,-1.0,84,20071204,11,False,6,0,0.0,0.0,0.0,0.0,0.0,11.367750000001564
power_theta50_rho1,power,50.0,1.0,-1.0,93,20071213,3,False,2,0,0.0,0.0,0.0,0.0,0.0,11.875832999999503
power_theta50_rho1,power,50.0,1.0,-1.0,94,20071214,3,False,3,0,0.0,0.0,0.0,0.0,0.0,12.14508400000014
power_theta50_rho1,power,50.0,1.0,-1.0,96,20071216,1,False,0,0,1.0,1.0,1.0,1.0,1.0,12.750125000000168
power_theta50_rho1,power,50.0,1.0,-1.0,95,20071215,3,False,0,0,1.0,1.0,1.0,1.0,1.0,11.989874999999373
power_theta50_rho1,power,50.0,1.0,-1.0,90,20071210,9,True,7,1,0.25,1.0,0.14285714285714285,1.0,1.0,12.686374999999472
power_theta50_rho1,power,50.0,1.0,-1.0,98,20071218,3,False,0,0,1.0,1.0,1.0,1.0,1.0,10.528250000000128
power_theta50_rho1,power,50.0,1.0,-1.0,97,20071217,4,True,4,1,0.4,1.0,0.25,1.0,1.0,12.599041999999727
power_theta10_rho64,power,10.0,64.0,-1.0,95,20051215,158,False,20,0,0.0,0.0,0.0,0.0,0.0,11.859834000000902
power_theta50_rho1,power,50.0,1.0,-1.0,99,20071219,7,False,2,0,0.0,0.0,0.0,0.0,0.0,11.1771669999996
power_theta10_rho64,power,10.0,64.0,-1.0,97,20051217,156,False,22,0,0.0,0.0,0.0,0.0,0.0,12.694167000001144
power_theta50_rho4,power,50.0,4.0,-1.0,3,20081123,12,False,6,0,0.0,0.0,0.0,0.0,0.0,12.529167000000285
power_theta50_rho4,power,50.0,4.0,-1.0,7,20081127,8,True,6,1,0.09533023866550028,0.33365583532925097,0.0556093058882085,0.5004837529938765,0.6666666666666666,12.110500000000357
power_theta50_rho4,power,50.0,4.0,-1.0,5,20081125,13,True,1,1,0.3245183192736233,0.3245183192736233,0.3245183192736233,0.8653821847296621,0.375,11.484666999999504
power_theta50_rho4,power,50.0,4.0,-1.0,0,20081120,14,True,4,1,0.0,0.0,0.0,0.010966894960125812,0.0,12.590207999998881
power_theta50_rho4,power,50.0,4.0,-1.0,10,20081130,8,False,5,0,0.0,0.0,0.0,0.0,0.0,12.841124999999565
power_theta50_rho4,power,50.0,4.0,-1.0,1,20081121,19,False,7,0,0.0,0.0,0.0,0.0,0.0,13.07758300000117
power_theta50_rho4,power,50.0,4.0,-1.0,8,20081128,14,True,5,1,0.14581591722086107,0.4374477516625832,0.08748955033251664,0.4374477516625832,1.0,13.316917000000927
power_theta50_rho4,power,50.0,4.0,-1.0,2,20081122,18,False,3,0,0.0,0.0,0.0,0.0,0.0,14.171499999999781
power_theta50_rho4,power,50.0,4.0,-1.0,9,20081129,17,True,13,2,0.08142071128859937,0.3053276673322476,0.046973487281884246,0.3894422471029904,0.4487908961593172,12.955874999999395
power_theta50_rho4,power,50.0,4.0,-1.0,13,20081133,9,False,2,0,0.0,0.0,0.0,0.0,0.0,12.120208000000687
power_theta50_rho4,power,50.0,4.0,-1.0,14,20081134,10,True,2,1,0.5173170657043595,0.7759755985565393,0.38798779927826965,0.7759755985565393,1.0,12.18412500000099
power_theta50_rho4,power,50.0,4.0,-1.0,6,20081126,24,False,3,0,0.0,0.0,0.0,0.0,0.0,11.838917000000393
power_theta50_rho4,power,50.0,4.0,-1.0,4,20081124,25,True,4,1,0.4,1.0,0.25,1.0,1.0,13.33295799999945
power_theta50_rho4,power,50.0,4.0,-1.0,11,20081131,13,False,3,0,0.0,0.0,0.0,0.0,0.0,13.8294590000001
power_theta50_rho4,power,50.0,4.0,-1.0,16,20081136,10,True,8,1,0.12950746724566248,0.5827836026054811,0.07284795032568514,0.7770448034739748,0.75,10.981499999999755
power_theta50_rho4,power,50.0,4.0,-1.0,15,20081135,12,True,5,2,0.24477199397847174,0.4283509894623256,0.17134039578493024,0.4698114731034278,0.7506393861892583,11.820458000000755
power_theta50_rho4,power,50.0,4.0,-1.0,12,20081132,19,True,6,1,0.2491685204248483,0.8720898214869689,0.1453483035811615,0.9746886240148476,0.8947368421052632,11.909165999998805
power_theta50_rho4,power,50.0,4.0,-1.0,20,20081140,9,False,0,0,1.0,1.0,1.0,1.0,1.0,11.349333000000073
power_theta50_rho4,power,50.0,4.0,-1.0,17,20081137,15,False,7,0,0.0,0.0,0.0,0.0,0.0,11.701083000000168
power_theta50_rho4,power,50.0,4.0,-1.0,18,20081138,16,True,3,2,0.2851931632830286,0.35649145410378574,0.23766096940252382,0.37490543087152195,0.9541666666666666,12.725291000000638
power_theta50_rho4,power,50.0,4.0,-1.0,23,20081143,7,False,3,0,0.0,0.0,0.0,0.0,0.0,11.523708000000354
power_theta50_rho4,power,50.0,4.0,-1.0,21,20081141,13,False,1,0,0.0,0.0,0.0,0.0,0.0,11.52108399999996
power_theta50_rho4,power,50.0,4.0,-1.0,26,20081146,12,False,1,0,0.0,0.0,0.0,0.0,0.0,12.022707999999938
power_theta50_rho4,power,50.0,4.0,-1.0,19,20081139,18,True,7,1,0.21198557855941003,0.8479423142376401,0.12113461631966287,0.873637535881205,0.9705882352941176,12.209125000000043
power_theta50_rho4,power,50.0,4.0,-1.0,25,20081145,13,True,4,1,0.28671670573206726,0.7167917643301682,0.17919794108254206,0.7167917643301682,1.0,11.015541000000795
power_theta50_rho4,power,50.0,4.0,-1.0,22,20081142,17,True,13,2,0.1736691556705476,0.6512593337645536,0.10019374365608516,0.8515051789773456,0.7738095238095238,12.524540999999445
power_theta50_rho4,power,50.0,4.0,-1.0,32,20081152,4,False,3,0,0.0,0.0,0.0,0.0,0.0,11.63887499999916
power_theta50_rho4,power,50.0,4.0,-1.0,24,20081144,14,True,21,4,0.12611758540839474,0.3941174544012336,0.07506999131452068,0.49923918107394455,0.6642857142857143,12.631332999999856
power_theta50_rho4,power,50.0,4.0,-1.0,28,20081148,11,False,4,0,0.0,0.0,0.0,0.0,0.0,11.197833000000657
power_theta50_rho4,power,50.0,4.0,-1.0,30,20081150,10,True,3,2,0.702384794697646,0.8779809933720576,0.5853206622480384,0.9396516944666418,0.9316239316239316,11.926666999999114
power_theta50_rho4,power,50.0,4.0,-1.0,27,20081147,16,True,7,3,0.29752371978889997,0.49587286631483335,0.21251694270635715,0.5170598716321526,0.9615384615384616,17.15470799999963
power_theta50_rho4,power,50.0,4.0,-1.0,29,20081149,12,False,1,0,0.0,0.0,0.0,0.0,0.0,13.868332999999566
power_theta50_rho4,power,50.0,4.0,-1.0,33,20081153,8,False,3,0,0.0,0.0,0.0,0.0,0.0,11.523625000000592
power_theta50_rho4,power,50.0,4.0,-1.0,35,20081155,5,False,2,0,0.0,0.0,0.0,0.0,0.0,12.484708000000566
power_theta50_rho4,power,50.0,4.0,-1.0,34,20081154,8,False,0,0,1.0,1.0,1.0,1.0,1.0,11.959416999999917
power_theta50_rho4,power,50.0,4.0,-1.0,37,20081157,7,True,4,1,0.0428671876433888,0.107167969108472,0.026791992277118,0.107167969108472,1.0,12.593457999999558
power_theta50_rho4,power,50.0,4.0,-1.0,31,20081151,17,False,12,0,0.0,0.0,0.0,0.0,0.0,12.481042000000997
power_theta50_rho4,power,50.0,4.0,-1.0,45,20081165,1,False,0,0,1.0,1.0,1.0,1.0,1.0,12.032749999999481
power_theta50_rho4,power,50.0,4.0,-1.0,38,20081158,8,False,4,0,0.0,0.0,0.0,0.0,0.0,13.21816699999978
power_theta50_rho4,power,50.0,4.0,-1.0,40,20081160,8,False,3,0,0.0,0.0,0.0,0.0,0.0,14.518499999999435
power_theta50_rho4,power,50.0,4.0,-1.0,39,20081159,10,True,5,1,0.3214285714285714,0.9642857142857143,0.19285714285714287,1.0,0.9642857142857143,14.58491700000053
power_theta50_rho4,power,50.0,4.0,-1.0,44,20081164,6,True,5,1,0.3125,0.9375,0.1875,1.0,0.9375,15.015083999999845
power_theta50_rho4,power,50.0,4.0,-1.0,36,20081156,18,False,6,0,0.0,0.0,0.0,0.0,0.0,14.17141700000002
power_theta50_rho4,power,50.0,4.0,-1.0,46,20081166,8,True,11,1,0.16666666666666669,1.0,0.09090909090909091,1.0,1.0,11.36849999999967
power_theta50_rho4,power,50.0,4.0,-1.0,41,20081161,14,False,6,0,0.0,0.0,0.0,0.0,0.0,13.047999999999504
power_theta50_rho4,power,50.0,4.0,-1.0,43,20081163,13,True,2,1,0.0,0.0,0.0,0.04055375306031528,0.0,12.285291000001308
power_theta50_rho4,power,50.0,4.0,-1.0,52,20081172,5,True,5,1,0.05076979374847448,0.15230938124542345,0.03046187624908469,0.1903867265567793,0.8,11.857500000001409
power_theta50_rho4,power,50.0,4.0,-1.0,50,20081170,8,False,2,0,0.0,0.0,0.0,0.0,0.0,13.031916999999282
power_theta50_rho4,power,50.0,4.0,-1.0,51,20081171,11,False,3,0,0.0,0.0,0.0,0.0,0.0,12.44220900000137
power_theta50_rho4,power,50.0,4.0,-1.0,48,20081168,15,False,0,0,1.0,1.0,1.0,1.0,1.0,12.757457999999389
power_theta50_rho4,power,50.0,4.0,-1.0,42,20081162,19,True,13,5,0.19489140351215736,0.35080452632188325,0.13492481781610893,0.41610672130174403,0.8598313966735021,12.780959000000536
power_theta50_rho4,power,50.0,4.0,-1.0,53,20081173,9,True,7,1,0.04419684166989939,0.17678736667959755,0.025255338097085363,0.2089305242577062,0.8461538461538461,14.00425000000105
power_theta50_rho4,power,50.0,4.0,-1.0,56,20081176,9,False,5,0,0.0,0.0,0.0,0.0,0.0,12.004166999998844
power_theta10_rho64,power,10.0,64.0,-1.0,96,20051216,155,False,24,0,0.0,0.0,0.0,0.0,0.0,13.177542000001097
power_theta50_rho4,power,50.0,4.0,-1.0,55,20081175,8,False,4,0,0.0,0.0,0.0,0.0,0.0,13.267041999998952
power_theta50_rho4,power,50.0,4.0,-1.0,57,20081177,8,True,10,2,0.14330278960067716,0.4299083688020315,0.0859816737604063,0.4591057308196091,0.5569852941176471,11.669540999999839
power_theta50_rho4,power,50.0,4.0,-1.0,54,20081174,14,False,4,0,0.0,0.0,0.0,0.0,0.0,11.47266700000138
power_theta10_rho64,power,10.0,64.0,-1.0,94,20051214,177,False,25,0,0.0,0.0,0.0,0.0,0.0,12.979292000000697
power_theta50_rho4,power,50.0,4.0,-1.0,59,20081179,6,True,3,1,0.0,0.0,0.0,0.07026204659643756,0.0,12.611542000000142
power_theta50_rho4,power,50.0,4.0,-1.0,47,20081167,23,False,8,0,0.0,0.0,0.0,0.0,0.0,13.169791999999347
power_theta50_rho4,power,50.0,4.0,-1.0,63,20081183,5,True,5,1,0.1851851851851852,0.5555555555555556,0.11111111111111112,1.0,0.5555555555555556,11.91304099999968
power_theta50_rho4,power,50.0,4.0,-1.0,60,20081180,9,False,2,0,0.0,0.0,0.0,0.0,0.0,11.965000000000003
power_theta50_rho4,power,50.0,4.0,-1.0,61,20081181,10,False,5,0,0.0,0.0,0.0,0.0,0.0,12.626209000000443
power_theta50_rho4,power,50.0,4.0,-1.0,49,20081169,25,True,2,2,0.3961555217578615,0.3961555217578615,0.3961555217578615,0.4150391078650526,0.48936170212765956,13.751166000000481
power_theta50_rho4,power,50.0,4.0,-1.0,58,20081178,15,True,7,1,0.0019457597834118033,0.007783039133647213,0.0011118627333781734,0.008431625728117814,0.9230769230769231,12.756417000000297
power_theta50_rho4,power,50.0,4.0,-1.0,62,20081182,11,True,6,1,0.2857142857142857,1.0,0.16666666666666666,1.0,1.0,14.369708000000259
power_theta50_rho4,power,50.0,4.0,-1.0,69,20081189,7,False,3,0,0.0,0.0,0.0,0.0,0.0,11.957457999999477
power_theta50_rho4,power,50.0,4.0,-1.0,64,20081184,12,True,3,1,0.5,1.0,0.3333333333333333,1.0,1.0,13.373542000000072
power_theta50_rho4,power,50.0,4.0,-1.0,66,20081186,12,True,3,1,0.5,1.0,0.3333333333333333,1.0,1.0,13.077541999999553
power_theta50_rho4,power,50.0,4.0,-1.0,65,20081185,14,True,8,1,0.2222222222222222,1.0,0.125,1.0,1.0,12.156874999998735
power_theta50_rho4,power,50.0,4.0,-1.0,73,20081193,5,True,6,1,0.27837177912821087,0.9743012269487379,0.16238353782478965,0.9743012269487379,1.0,11.952750000000734
power_theta50_rho4,power,50.0,4.0,-1.0,72,20081192,9,False,2,0,0.0,0.0,0.0,0.0,0.0,11.907208000000225
power_theta50_rho4,power,50.0,4.0,-1.0,68,20081188,16,False,6,0,0.0,0.0,0.0,0.0,0.0,11.54783299999984
power_theta50_rho4,power,50.0,4.0,-1.0,76,20081196,8,False,7,0,0.0,0.0,0.0,0.0,0.0,12.849250000000367
power_theta50_rho4,power,50.0,4.0,-1.0,71,20081191,12,True,6,1,0.0011832899634818576,0.004141514872186502,0.0006902524786977503,0.04141514872186501,0.1,13.088332999998897
power_theta50_rho4,power,50.0,4.0,-1.0,74,20081194,14,True,4,1,0.4,1.0,0.25,1.0,1.0,11.257749999998623
power_theta50_rho4,power,50.0,4.0,-1.0,67,20081187,19,True,5,2,0.22448979591836732,0.39285714285714285,0.15714285714285714,0.5013277743776116,0.39285714285714285,11.561458000000968
power_theta50_rho4,power,50.0,4.0,-1.0,77,20081197,11,True,4,1,0.4,1.0,0.25,1.0,1.0,12.231749999999764
power_theta50_rho4,power,50.0,4.0,-1.0,79,20081199,7,False,7,0,0.0,0.0,0.0,0.0,0.0,11.447125000000113
power_theta50_rho4,power,50.0,4.0,-1.0,70,20081190,17,True,12,3,0.3051540507012246,0.7628851267530615,0.19072128168826538,0.8432357036307613,0.9148989898989899,11.557666999999938
power_theta50_rho4,power,50.0,4.0,-1.0,82,20081202,9,False,0,0,1.0,1.0,1.0,1.0,1.0,12.429374999999965
power_theta50_rho4,power,50.0,4.0,-1.0,80,20081200,10,True,2,1,0.0,0.0,0.0,0.015512202470693511,0.0,13.417624999998878
power_theta50_rho4,power,50.0,4.0,-1.0,83,20081203,10,False,3,0,0.0,0.0,0.0,0.0,0.0,12.160292000000794
power_theta50_rho4,power,50.0,4.0,-1.0,75,20081195,19,False,7,0,0.0,0.0,0.0,0.0,0.0,13.164416999998707
power_theta50_rho4,power,50.0,4.0,-1.0,78,20081198,17,False,10,0,0.0,0.0,0.0,0.0,0.0,11.717749999998972
power_theta50_rho4,power,50.0,4.0,-1.0,84,20081204,12,False,0,0,1.0,1.0,1.0,1.0,1.0,12.035499999999644
power_theta50_rho4,power,50.0,4.0,-1.0,92,20081212,4,True,4,1,0.3418420681311819,0.8546051703279548,0.2136512925819887,0.9203440295839513,0.9285714285714286,12.342458999999195
power_theta50_rho4,power,50.0,4.0,-1.0,90,20081210,8,True,8,2,0.21003083876759385,0.5250770969189845,0.13126927422974613,0.5497422415633775,0.948849104859335,14.35650000000166
power_theta50_rho4,power,50.0,4.0,-1.0,85,20081205,12,True,4,1,0.36666666666666664,0.9166666666666666,0.22916666666666666,1.0,0.9166666666666666,13.405292000001623
power_theta50_rho4,power,50.0,4.0,-1.0,87,20081207,10,False,4,0,0.0,0.0,0.0,0.0,0.0,12.86262500000035
power_theta50_rho4,power,50.0,4.0,-1.0,89,20081209,13,False,3,0,0.0,0.0,0.0,0.0,0.0,13.346667000000423
power_theta10_rho64,power,10.0,64.0,-1.0,99,20051219,161,False,32,0,0.0,0.0,0.0,0.0,0.0,14.862499999999557
power_theta50_rho4,power,50.0,4.0,-1.0,93,20081213,12,True,5,2,0.2041505762123037,0.3572635083715315,0.1429054033486126,0.4264819036658887,0.5,15.145499999999146
power_theta50_rho4,power,50.0,4.0,-1.0,94,20081214,9,False,1,0,0.0,0.0,0.0,0.0,0.0,17.634457999999853
power_theta50_rho4,power,50.0,4.0,-1.0,91,20081211,15,False,4,0,0.0,0.0,0.0,0.0,0.0,18.108040999997854
power_theta50_rho4,power,50.0,4.0,-1.0,81,20081201,23,True,4,1,0.3764705882352941,0.9411764705882353,0.23529411764705882,1.0,0.9411764705882353,12.915207999999012
power_theta50_rho4,power,50.0,4.0,-1.0,95,20081215,13,True,10,2,0.2961514505892362,0.8884543517677086,0.17769087035354172,0.8884543517677086,1.0,14.301333999998889
power_theta50_rho4,power,50.0,4.0,-1.0,96,20081216,13,True,2,2,0.3222237099333366,0.3222237099333366,0.3222237099333366,0.33534713613334943,0.5,15.237624999997479
power_theta50_rho4,power,50.0,4.0,-1.0,86,20081206,23,True,13,1,0.14285714285714288,1.0,0.07692307692307693,1.0,1.0,13.900124999999264
power_theta50_rho4,power,50.0,4.0,-1.0,88,20081208,22,True,20,2,0.03774257948387101,0.20758418716129057,0.020758418716129056,0.24139269971484137,0.9285714285714286,12.781583999998958
power_theta50_rho4,power,50.0,4.0,-1.0,99,20081219,13,False,1,0,0.0,0.0,0.0,0.0,0.0,12.69929200000064
power_theta50_rho4,power,50.0,4.0,-1.0,97,20081217,18,False,1,0,0.0,0.0,0.0,0.0,0.0,11.16408299999705
power_theta50_rho4,power,50.0,4.0,-1.0,98,20081218,16,True,14,4,0.214962755229444,0.483666199266249,0.13819034264749971,0.5113173708873106,0.8970512820512822,12.82012500000107
power_theta50_rho16,power,50.0,16.0,-1.0,11,20091131,17,True,10,1,0.02575017065890159,0.14162593862395875,0.014162593862395875,0.3218771332362699,0.44,14.556541999997563
power_theta50_rho16,power,50.0,16.0,-1.0,2,20091122,27,False,11,0,0.0,0.0,0.0,0.0,0.0,15.502666999999803
power_theta50_rho16,power,50.0,16.0,-1.0,0,20091120,36,True,9,1,0.1721716035091588,0.860858017545794,0.09565089083842156,0.9325961856746102,0.9230769230769231,15.915792000001261
power_theta50_rho16,power,50.0,16.0,-1.0,5,20091125,36,True,8,2,0.19430950537260347,0.4857737634315087,0.12144344085787717,0.5036309062886515,0.9821428571428572,16.21629100000277
power_theta50_rho16,power,50.0,16.0,-1.0,10,20091130,32,True,21,2,0.007638893071718271,0.043923635162380056,0.004183203348798101,0.15402274619501824,0.2792207792207792,14.2327910000013
power_theta50_rho16,power,50.0,16.0,-1.0,1,20091121,42,True,18,3,0.1373392978803038,0.48068754258106333,0.08011459043017723,0.5373473554827893,0.6681397306397306,14.928957999998715
power_theta50_rho16,power,50.0,16.0,-1.0,4,20091124,38,True,14,2,0.05470897121087661,0.21883588484350644,0.03126226926335806,0.4832082812438967,0.25057471264367814,14.806792000001678
power_theta50_rho16,power,50.0,16.0,-1.0,14,20091134,30,True,9,3,0.3451412115987867,0.6902824231975734,0.2300941410658578,0.7613776795905235,0.7999999999999999,15.146500000000174
power_theta10_rho64,power,10.0,64.0,-1.0,93,20051213,194,False,31,0,0.0,0.0,0.0,0.0,0.0,15.504416999998938
power_theta50_rho16,power,50.0,16.0,-1.0,8,20091128,41,True,12,1,0.12808953132919265,0.8325819536397523,0.06938182946997935,0.8325819536397523,1.0,14.543917000001017
power_theta50_rho16,power,50.0,16.0,-1.0,13,20091133,39,True,14,2,0.09975513419500782,0.3990205367800313,0.057002933825718756,0.4515148450977898,0.7136752136752136,14.49370899999991
power_theta50_rho16,power,50.0,16.0,-1.0,12,20091132,44,True,20,2,0.11430905785097013,0.6286998181803358,0.06286998181803358,0.6589554831306745,0.9545454545454546,13.305166000002089
power_theta50_rho16,power,50.0,16.0,-1.0,7,20091127,48,True,28,1,0.015572912626704877,0.22580723308722073,0.008064544038829311,0.5645180827180518,0.4,14.089415999997357
power_theta50_rho16,power,50.0,16.0,-1.0,6,20091126,50,True,16,5,0.3639883597447531,0.7643755554639815,0.2388673610824942,0.7944619087321673,0.9447552447552446,12.760707999998289
power_theta50_rho16,power,50.0,16.0,-1.0,21,20091141,31,False,5,0,0.0,0.0,0.0,0.0,0.0,11.749709000000053
power_theta50_rho16,power,50.0,16.0,-1.0,24,20091144,26,False,13,0,0.0,0.0,0.0,0.0,0.0,11.758832999998248
power_theta50_rho16,power,50.0,16.0,-1.0,16,20091136,41,True,22,3,0.07796191803512818,0.3248413251463674,0.04429654433814101,0.5149354185317977,0.6724867724867725,12.654083000001037
power_theta50_rho16,power,50.0,16.0,-1.0,22,20091142,31,False,13,0,0.0,0.0,0.0,0.0,0.0,11.563041000002272
power_theta50_rho16,power,50.0,16.0,-1.0,19,20091139,34,True,21,2,0.030853467485249697,0.17740743804018574,0.01689594648001769,0.25994758519101363,0.3580917874396135,11.294833000000892
power_theta50_rho16,power,50.0,16.0,-1.0,3,20091123,62,True,37,4,0.0628358541486506,0.3220337525118343,0.03481445973100911,0.5063634011841152,0.6115783410138249,13.06387500000028
power_theta50_rho16,power,50.0,16.0,-1.0,9,20091129,62,True,17,5,0.20655809564810815,0.454427810425838,0.13365523836054058,0.49292427766953095,0.8504978387998984,14.05304200000046
power_theta50_rho16,power,50.0,16.0,-1.0,17,20091137,47,True,19,5,0.16074480124820414,0.3857875229956899,0.10152303236728683,0.43170551899543697,0.8418425322443144,12.021583000002778
power_theta50_rho16,power,50.0,16.0,-1.0,32,20091152,22,True,11,2,0.07163065098261999,0.23279961569351493,0.04232720285336635,0.3029614700589291,0.7410714285714286,12.650167000000323
power_theta50_rho16,power,50.0,16.0,-1.0,23,20091143,40,True,18,1,0.00014347972541115013,0.0013630573914059263,7.572541063366257e-05,0.004089172174217779,0.3333333333333333,13.486874999998122
power_theta50_rho16,power,50.0,16.0,-1.0,30,20091150,25,True,9,2,0.1023183811848743,0.2813755482584044,0.06252789961297875,0.3292780707645119,0.90625,12.226833999999798
power_theta50_rho16,power,50.0,16.0,-1.0,18,20091138,53,True,17,1,0.0013555347001082887,0.012199812300974597,0.0007176360177043881,0.029821763402382344,0.4090909090909091,12.751375000000564
power_theta50_rho16,power,50.0,16.0,-1.0,36,20091156,21,True,8,1,0.13338030020940272,0.6002113509423123,0.07502641886778903,0.6002113509423123,1.0,12.810541000000342
power_theta50_rho16,power,50.0,16.0,-1.0,27,20091147,43,True,18,3,0.132884879687813,0.4650970789073456,0.07751617981789093,0.6872030294877245,0.6364403302881643,12.75020799999993
power_theta50_rho16,power,50.0,16.0,-1.0,15,20091135,56,True,40,3,0.03535741947041578,0.25339483953797975,0.019004612965348482,0.5590530192525526,0.49698340874811464,14.05712500000078
power_theta50_rho16,power,50.0,16.0,-1.0,29,20091149,39,True,16,2,0.20430107526881722,0.9193548387096775,0.11491935483870969,1.0,0.9193548387096775,12.889083000001023
power_theta50_rho16,power,50.0,16.0,-1.0,26,20091146,51,True,21,2,0.10869130206929677,0.6249749868984564,0.059521427323662515,0.8641054216810651,0.7608695652173914,13.943249999996965
power_theta50_rho16,power,50.0,16.0,-1.0,35,20091155,45,True,28,3,0.07926742750104784,0.4095483754220805,0.0438801830809372,0.5317209353783862,0.505105355982549,12.474041000000824
power_theta50_rho16,power,50.0,16.0,-1.0,25,20091145,59,True,13,1,0.12096316681524517,0.8467421677067161,0.06513401290051662,0.870262783476347,0.972972972972973,12.240625000000449
power_theta50_rho16,power,50.0,16.0,-1.0,38,20091158,35,False,11,0,0.0,0.0,0.0,0.0,0.0,11.196250000001129
power_theta50_rho16,power,50.0,16.0,-1.0,20,20091140,69,True,31,1,0.061170212765957445,0.9787234042553191,0.03157172271791352,1.0,0.9787234042553191,11.547792000001778
power_theta50_rho16,power,50.0,16.0,-1.0,34,20091154,53,True,19,2,0.09400761180022062,0.49353996195115823,0.051951574942227186,0.6662090458267329,0.723529411764706,13.779375000002148
power_theta50_rho16,power,50.0,16.0,-1.0,44,20091164,31,False,4,0,0.0,0.0,0.0,0.0,0.0,11.254250000000354
power_theta50_rho16,power,50.0,16.0,-1.0,39,20091159,48,False,16,0,0.0,0.0,0.0,0.0,0.0,13.118124999998315
power_theta50_rho16,power,50.0,16.0,-1.0,33,20091153,51,False,23,0,0.0,0.0,0.0,0.0,0.0,11.439165999998835
power_theta50_rho16,power,50.0,16.0,-1.0,46,20091166,23,False,16,0,0.0,0.0,0.0,0.0,0.0,11.741625000002642
power_theta50_rho16,power,50.0,16.0,-1.0,42,20091162,37,True,10,1,0.16504412937562932,0.9077427115659611,0.09077427115659611,0.9596137236554446,0.9459459459459459,12.018000000001194
power_theta50_rho16,power,50.0,16.0,-1.0,28,20091148,67,True,11,4,0.1406821880557901,0.26377910260460646,0.09591967367440235,0.39104970717614757,0.6490800865800866,12.319916000002706
power_theta50_rho16,power,50.0,16.0,-1.0,47,20091167,23,True,9,2,0.05367685899467792,0.14761136223536428,0.03280252494119206,0.14792626785223228,0.9333333333333333,13.063375000001543
power_theta50_rho16,power,50.0,16.0,-1.0,41,20091161,44,True,7,1,0.0905338865093882,0.3621355460375528,0.051733649433936116,0.5069897644525739,0.7142857142857143,12.863791999997432
power_theta50_rho16,power,50.0,16.0,-1.0,40,20091160,50,False,15,0,0.0,0.0,0.0,0.0,0.0,11.803957999998005
power_theta50_rho16,power,50.0,16.0,-1.0,31,20091151,66,True,34,3,0.08575597128620911,0.5288284895982895,0.04666133731749614,0.7320630117982415,0.672403381642512,11.985457999998061
power_theta50_rho16,power,50.0,16.0,-1.0,37,20091157,54,False,6,0,0.0,0.0,0.0,0.0,0.0,13.595250000001613
power_theta50_rho16,power,50.0,16.0,-1.0,43,20091163,49,True,29,2,0.016280573753184917,0.1261744465871831,0.00870168597152987,0.28430778908598475,0.3996865203761756,11.791666000000589
power_theta50_rho16,power,50.0,16.0,-1.0,48,20091168,37,True,12,1,0.05710601706768857,0.37118911093997575,0.030932425911664646,0.5939025775039612,0.625,11.460207999999028
power_theta50_rho16,power,50.0,16.0,-1.0,45,20091165,43,True,29,2,0.021320421050099875,0.16523326313827402,0.011395397457812002,0.359444664454115,0.4375,11.924290999999698
power_theta50_rho16,power,50.0,16.0,-1.0,52,20091172,32,True,11,1,0.026576142874882122,0.15945685724929273,0.014496077931753885,0.35877792881090864,0.4444444444444444,12.493749999997306
power_theta50_rho16,power,50.0,16.0,-1.0,54,20091174,37,True,11,4,0.06282435427168084,0.11779566425940159,0.04283478700341876,0.16057839279191144,0.4934210526315789,16.75891700000065
power_theta50_rho16,power,50.0,16.0,-1.0,64,20091184,19,True,8,2,0.17829914736450284,0.4457478684112571,0.11143696710281427,0.5013034239668126,0.9444444444444444,15.18358299999889
power_theta50_rho16,power,50.0,16.0,-1.0,61,20091181,33,True,11,1,0.0,0.0,0.0,0.0380984144566754,0.0,13.907249999999038
power_theta50_rho16,power,50.0,16.0,-1.0,49,20091169,53,True,20,2,0.0949998066029092,0.5224989363160006,0.05224989363160006,0.8398642247136151,0.6126847290640394,14.212499999999295
power_theta50_rho16,power,50.0,16.0,-1.0,51,20091171,56,True,19,4,0.0590697174285,0.1698254376069375,0.03575272370672369,0.38683004876147925,0.5375291966316307,13.018124999998548
power_theta50_rho16,power,50.0,16.0,-1.0,63,20091183,39,True,18,3,0.13133370828992086,0.45966797901472306,0.07661132983578717,0.6306577871577556,0.5192006269592476,12.442791999998093
power_theta50_rho16,power,50.0,16.0,-1.0,57,20091177,53,True,13,3,0.1913836961831782,0.5103565231551418,0.1177745822665712,0.5330837958824146,0.9772727272727272,12.138791999998233
power_theta50_rho16,power,50.0,16.0,-1.0,56,20091176,57,False,18,0,0.0,0.0,0.0,0.0,0.0,11.706958000001322
power_theta50_rho16,power,50.0,16.0,-1.0,62,20091182,46,True,23,3,0.11157148958303931,0.483476454859837,0.0630621462860657,0.5711639985918389,0.8278867102396514,11.911874999999128
power_theta50_rho16,power,50.0,16.0,-1.0,59,20091179,54,True,26,4,0.055468782262276126,0.2080079334835355,0.032001220535928535,0.30138269241095006,0.6039351851851851,12.379624999997674
power_theta50_rho16,power,50.0,16.0,-1.0,53,20091173,62,True,20,2,0.017965775194835443,0.09881176357159493,0.009881176357159493,0.10184518371678988,0.9,12.92100000000218
power_theta50_rho16,power,50.0,16.0,-1.0,60,20091180,59,False,16,0,0.0,0.0,0.0,0.0,0.0,10.994958000001276
power_theta50_rho16,power,50.0,16.0,-1.0,65,20091185,46,True,13,2,0.024909226886798634,0.09340960082549488,0.014370707819306903,0.24643777474835654,0.575,12.577457999999098
power_theta50_rho16,power,50.0,16.0,-1.0,55,20091175,63,True,29,2,0.06849170342535464,0.5308107015464986,0.03660763458941369,0.623242806185994,0.625,14.220000000001676
power_theta50_rho16,power,50.0,16.0,-1.0,73,20091193,22,False,4,0,0.0,0.0,0.0,0.0,0.0,12.404917000001348
power_theta50_rho16,power,50.0,16.0,-1.0,50,20091170,65,True,17,4,0.1597915106710829,0.4194527155115926,0.09869475659096295,0.464302650821658,0.7196969696969696,15.482208000001663
power_theta50_rho16,power,50.0,16.0,-1.0,68,20091188,40,True,13,2,0.21356543067025313,0.8008703650134492,0.1232108253866845,0.8555740677431674,0.9230769230769231,13.342042000001442
power_theta50_rho16,power,50.0,16.0,-1.0,69,20091189,37,True,14,2,0.13029884140507056,0.5211953656202822,0.07445648080289746,0.6271721937216935,0.5833333333333334,12.348750000001019
power_theta50_rho16,power,50.0,16.0,-1.0,58,20091178,65,True,38,4,0.07521392049394336,0.39487308259320264,0.041565587641389755,0.5352270774909456,0.6361142533936652,15.254834000000272
power_theta50_rho16,power,50.0,16.0,-1.0,66,20091186,54,True,16,2,0.050558938144734784,0.22751522165130653,0.028439402706413316,0.5004849887571585,0.4772727272727273,12.935791000000307
power_theta50_rho16,power,50.0,16.0,-1.0,79,20091199,24,False,18,0,0.0,0.0,0.0,0.0,0.0,11.296624999999949
power_theta50_rho16,power,50.0,16.0,-1.0,78,20091198,25,True,4,2,0.11100049007501958,0.16650073511252936,0.08325036755626468,0.19623190821365152,0.5952380952380952,12.108124999997472
power_theta50_rho16,power,50.0,16.0,-1.0,67,20091187,52,True,30,6,0.0556209918853937,0.1668629756561811,0.03337259513123622,0.22919532546081192,0.7111823361823362,13.868416999997635
power_theta50_rho16,power,50.0,16.0,-1.0,75,20091195,41,True,18,4,0.12857115638434916,0.35357068005696013,0.07857126223488003,0.4128174733166704,0.6677714646464646,13.853457999999819
power_theta50_rho16,power,50.0,16.0,-1.0,70,20091190,51,True,18,1,0.0024119767247921696,0.022913778885525607,0.0012729877158625337,0.08306244846003033,0.27586206896551724,13.163999999999731
power_theta50_rho16,power,50.0,16.0,-1.0,71,20091191,51,False,7,0,0.0,0.0,0.0,0.0,0.0,12.484457999999421
power_theta50_rho16,power,50.0,16.0,-1.0,74,20091194,45,True,11,1,0.007447951077207357,0.04468770646324414,0.00406251876938583,0.04915647710956855,0.9090909090909091,11.99991600000061
power_theta50_rho16,power,50.0,16.0,-1.0,72,20091192,52,True,27,3,0.07213967617359096,0.36069838086795486,0.040077597874217205,0.7381909194662984,0.4981481481481482,11.724582999999456
power_theta50_rho16,power,50.0,16.0,-1.0,77,20091197,42,True,19,2,0.013946308117735035,0.07321811761810892,0.0077071702755904135,0.2856281132975066,0.3075657894736842,10.83124999999896
power_theta50_rho16,power,50.0,16.0,-1.0,76,20091196,43,True,29,1,0.049405590064002185,0.7410838509600328,0.02555461555034596,0.7904894410240351,0.9375,11.913458999998738
power_theta50_rho16,power,50.0,16.0,-1.0,82,20091202,50,True,21,2,0.08768929229613337,0.5042134307027668,0.04802032673359684,0.6902450432237155,0.6590909090909092,13.351000000000113
power_theta50_rho16,power,50.0,16.0,-1.0,89,20091209,28,True,7,1,0.01588155603007587,0.06352622412030348,0.00907517487432907,0.4446835688421244,0.14285714285714285,11.500749999999726
power_theta50_rho16,power,50.0,16.0,-1.0,83,20091203,53,True,29,3,0.05642285638702765,0.3009219007308141,0.031129851799739393,0.5688198901846183,0.5666666666666668,12.5269579999987
power_theta50_rho16,power,50.0,16.0,-1.0,97,20091217,12,False,10,0,0.0,0.0,0.0,0.0,0.0,11.597375000000909
power_theta50_rho16,power,50.0,16.0,-1.0,91,20091211,39,True,16,5,0.18151943835936551,0.3811908205546676,0.11912213142333362,0.449028216180887,0.8226107226107227,12.627374999997443
power_theta50_rho16,power,50.0,16.0,-1.0,90,20091210,40,False,12,0,0.0,0.0,0.0,0.0,0.0,11.570124999998654
power_theta50_rho16,power,50.0,16.0,-1.0,85,20091205,47,True,14,1,0.10269305991888394,0.7701979493916297,0.055014139242259265,0.7987237993690974,0.9642857142857143,11.466625000000619
power_theta50_rho16,power,50.0,16.0,-1.0,94,20091214,33,True,14,2,0.03637579126305748,0.14550316505222993,0.020786166436032847,0.14758914959387634,0.515625,13.79741700000281
power_theta50_rho16,power,50.0,16.0,-1.0,86,20091206,49,False,12,0,0.0,0.0,0.0,0.0,0.0,11.888957999996563
power_theta50_rho16,power,50.0,16.0,-1.0,95,20091215,37,True,25,1,0.033295133707113435,0.43283673819247465,0.017313469527698987,0.5194040858309695,0.8333333333333334,13.432291000000873
power_theta50_rho16,power,50.0,16.0,-1.0,80,20091200,61,True,23,4,0.04676150719357316,0.15782008677830942,0.027446971613619028,0.35824176441329686,0.5060944570135747,12.69295799999881
power_theta50_rho16,power,50.0,16.0,-1.0,88,20091208,55,True,14,2,0.10098958179190325,0.403958327167613,0.057708332452516144,0.5535850372620293,0.8131720430107527,13.997374999998868
power_theta50_rho16,power,50.0,16.0,-1.0,87,20091207,52,True,37,3,0.06292914489162908,0.41952763261086057,0.034015753995475184,0.47658786457717833,0.8696969696969696,14.341667000000058
power_theta50_rho16,power,50.0,16.0,-1.0,93,20091213,43,True,24,4,0.12958695025197195,0.45355432588190187,0.07559238764698364,0.7351289499594605,0.5928152492668621,17.030709000000144
power_theta50_rho16,power,50.0,16.0,-1.0,98,20091218,28,False,13,0,0.0,0.0,0.0,0.0,0.0,14.069083000002536
power_theta50_rho16,power,50.0,16.0,-1.0,84,20091204,58,True,27,5,0.1448312649309715,0.46346004777910876,0.08582593477390903,0.577111128600772,0.7720620555914673,13.051125000000496
power_theta50_rho16,power,50.0,16.0,-1.0,92,20091212,53,True,13,6,0.3335464430380208,0.5281152014768663,0.2437454776047075,0.6029587474494787,0.6364814814814815,14.996749999998116
power_theta50_rho16,power,50.0,16.0,-1.0,81,20091201,77,True,39,2,0.03140356788517467,0.32188657082304034,0.016507003631950786,0.5173503775699295,0.7078947368421052,13.381667000000874
power_theta50_rho16,power,50.0,16.0,-1.0,99,20091219,41,False,21,0,0.0,0.0,0.0,0.0,0.0,11.428250000001583
power_theta50_rho16,power,50.0,16.0,-1.0,96,20091216,65,False,41,0,0.0,0.0,0.0,0.0,0.0,14.179083999998454
power_theta50_rho64,power,50.0,64.0,-1.0,5,20101125,113,True,39,5,0.10668849247991409,0.46942936691162196,0.06018325216815666,0.6470685669107075,0.617962962962963,12.246624999999511
power_theta50_rho64,power,50.0,64.0,-1.0,10,20101130,110,True,48,3,0.050715309860878854,0.4310801338174703,0.026942508363591893,0.8347631637323016,0.5450365726227795,14.899624999998196
power_theta50_rho64,power,50.0,64.0,-1.0,4,20101124,132,False,46,0,0.0,0.0,0.0,0.0,0.0,14.146249999999583
power_theta50_rho64,power,50.0,64.0,-1.0,11,20101131,130,True,40,1,0.0011549269998116858,0.02367600349613956,0.000591900087403489,0.4735200699227912,0.05,12.484582999999105
power_theta50_rho64,power,50.0,64.0,-1.0,12,20101132,136,True,43,6,0.0927592654778825,0.37876700070135355,0.05285120940018887,0.49239079447137285,0.7826262626262626,15.948458000000443
power_theta50_rho64,power,50.0,64.0,-1.0,0,20101120,154,True,52,3,0.0462443735198582,0.4239067572653668,0.024456159073001933,0.5622688024809326,0.577639751552795,17.389375000000484
power_theta50_rho64,power,50.0,64.0,-1.0,2,20101122,164,True,63,1,0.012400118695811643,0.39680379826597256,0.006298472988348771,0.62827268058779,0.631578947368421,12.173374999999709
power_theta50_rho64,power,50.0,64.0,-1.0,15,20101135,148,True,45,3,0.019699669518996904,0.15759735615197523,0.010506490410131682,0.44821716524818406,0.3688163688163688,13.256166000001457
power_theta50_rho64,power,50.0,64.0,-1.0,6,20101126,166,True,61,1,0.020443789076760647,0.63375746137958,0.010389466579993114,0.7921968267244749,0.8,11.525750000000556
power_theta50_rho64,power,50.0,64.0,-1.0,1,20101121,172,True,35,6,0.07688944774602346,0.2627056131322469,0.04503524796552803,0.4053500160508987,0.5510204879399926,12.57154199999988
power_theta50_rho64,power,50.0,64.0,-1.0,14,20101134,169,True,54,4,0.0844801682699336,0.6124812199570185,0.04536897925607545,0.6707642111528902,0.9113247863247864,13.06837500000313
power_theta50_rho64,power,50.0,64.0,-1.0,13,20101133,171,True,61,1,0.00493572898174774,0.15300759843417994,0.0025083212858062285,0.3570177296797532,0.42857142857142855,12.432083000000205
power_theta50_rho64,power,50.0,64.0,-1.0,9,20101129,193,False,45,0,0.0,0.0,0.0,0.0,0.0,10.987917000001346
power_theta50_rho64,power,50.0,64.0,-1.0,3,20101123,181,True,67,2,0.03965022925429195,0.6839664546365362,0.020416909093627946,0.7459616624417555,0.90625,13.965959000000083
power_theta50_rho64,power,50.0,64.0,-1.0,17,20101137,125,True,47,1,0.04166666666666667,1.0,0.02127659574468085,1.0,1.0,13.830417000001205
power_theta50_rho64,power,50.0,64.0,-1.0,8,20101128,177,True,86,7,0.0603200202572175,0.40069727742294475,0.03261489467396062,0.6318802187623184,0.5619446399249355,14.333749999998702
power_theta50_rho64,power,50.0,64.0,-1.0,16,20101136,162,True,46,3,0.02897366440046031,0.23661825927042582,0.01543162560459299,0.3932100551926901,0.6063492063492063,12.026792000000341
power_theta50_rho64,power,50.0,64.0,-1.0,18,20101138,174,True,44,3,0.021538010530293496,0.16871441582063237,0.011503255624134024,0.4802152369506336,0.34629629629629627,13.964250000000789
power_theta50_rho64,power,50.0,64.0,-1.0,21,20101141,140,True,48,2,0.02581857494544333,0.3227321868180416,0.013447174450751734,0.45418901650674903,0.7274509803921569,11.930291999998843
power_theta50_rho64,power,50.0,64.0,-1.0,24,20101144,121,False,39,0,0.0,0.0,0.0,0.0,0.0,11.613457999999355
power_theta50_rho64,power,50.0,64.0,-1.0,28,20101148,120,True,60,3,0.07780306307394101,0.8169321622763807,0.04084660811381903,0.8169321622763807,1.0,12.117542000002146
power_theta50_rho64,power,50.0,64.0,-1.0,20,20101140,160,False,59,0,0.0,0.0,0.0,0.0,0.0,11.882249999999317
power_theta50_rho64,power,50.0,64.0,-1.0,25,20101145,137,True,60,4,0.030238493117430203,0.24190794493944162,0.016127196329296108,0.37874959005555353,0.7007575757575757,12.870875000000837
power_theta50_rho64,power,50.0,64.0,-1.0,19,20101139,172,True,45,6,0.08091391500084912,0.34388413875360874,0.04585121850048117,0.6267720335314485,0.5790857356526727,12.995583000002142
power_theta50_rho64,power,50.0,64.0,-1.0,22,20101142,153,True,37,4,0.07166254417912796,0.3672705389180308,0.0397049231262736,0.50002101916046,0.6875,12.49733299999889
power_theta50_rho64,power,50.0,64.0,-1.0,7,20101127,224,True,64,6,0.05676698233082106,0.33114073026312285,0.031044443462167767,0.6951959609885607,0.4596459375149253,13.116999999997603
power_theta50_rho64,power,50.0,64.0,-1.0,23,20101143,169,True,52,3,0.011332448026468838,0.10388077357596436,0.0059931215524594815,0.1996309126998521,0.6166666666666667,14.176542000001291
power_theta50_rho64,power,50.0,64.0,-1.0,30,20101150,151,True,51,3,0.07722133745722615,0.6949920371150354,0.04088188453617855,0.7667856703240008,0.834920634920635,14.240916999998632
power_theta50_rho64,power,50.0,64.0,-1.0,26,20101146,152,True,51,2,0.07015437392795881,0.9295454545454545,0.03645276292335115,1.0,0.9295454545454545,12.702791999998908
power_theta50_rho64,power,50.0,64.0,-1.0,34,20101154,98,True,18,1,0.09210526315789473,0.875,0.04861111111111111,1.0,0.875,13.23279200000016
power_theta50_rho64,power,50.0,64.0,-1.0,29,20101149,179,True,34,2,0.03069438105465965,0.2762494294919368,0.016249966440702167,0.7007154178299744,0.3761904761904762,12.695707999998973
power_theta50_rho64,power,50.0,64.0,-1.0,32,20101152,161,True,55,4,0.07087878203763745,0.5227310175275762,0.038016801274732816,0.8311861446668464,0.6201236263736264,12.51720899999853
power_theta50_rho64,power,50.0,64.0,-1.0,27,20101147,188,True,64,3,0.025648613029479867,0.28640951216252514,0.013425445882618367,0.4032241606834324,0.6175438596491228,12.706875000002782
power_theta50_rho64,power,50.0,64.0,-1.0,39,20101159,127,True,45,5,0.08429982556091092,0.4214991278045546,0.04683323642272829,0.6279970257007634,0.6624242424242424,12.494582999998727
power_theta50_rho64,power,50.0,64.0,-1.0,31,20101151,185,True,68,5,0.08515734587995506,0.621648624923672,0.04570945771497588,0.7449562971392254,0.776344728068866,12.997083999998438
power_theta50_rho64,power,50.0,64.0,-1.0,37,20101157,139,True,38,3,0.03903593190759234,0.26674553470188095,0.021058858002780078,0.6902167979548756,0.31837606837606836,16.8165000000009
power_theta50_rho64,power,50.0,64.0,-1.0,33,20101153,161,True,71,5,0.02284239846461949,0.1736022283311081,0.012225509037401978,0.39985142038914057,0.4695942461865382,14.519666999998293
power_theta50_rho64,power,50.0,64.0,-1.0,38,20101158,151,True,45,1,0.012297873183878608,0.282851083229208,0.006285579627315733,0.5374170581354952,0.5263157894736842,14.19170799999847
power_theta50_rho64,power,50.0,64.0,-1.0,43,20101163,136,True,41,3,0.047405910034044596,0.34764334024966037,0.025437317579243442,0.5152738927815385,0.5934664246823956,13.33041700000237
power_theta50_rho64,power,50.0,64.0,-1.0,41,20101161,159,True,71,5,0.08052674858546978,0.6120032892495703,0.043098823186589454,0.8172045048735613,0.7268760651113593,14.65333299999827
power_theta50_rho64,power,50.0,64.0,-1.0,45,20101165,147,True,32,2,0.06963621939982846,0.5919078648985419,0.036994241556158866,0.7298388993813005,0.8620689655172413,12.594791000001493
power_theta50_rho64,power,50.0,64.0,-1.0,35,20101155,189,True,55,3,0.02926535974961561,0.28289847757961756,0.015430826049797322,0.5356695878551548,0.3880134680134681,19.716959000000145
power_theta50_rho64,power,50.0,64.0,-1.0,42,20101162,158,True,39,2,0.03320935885587138,0.3403959282726817,0.017456201449881113,0.7335595791680509,0.46029411764705885,12.711375000002079
power_theta50_rho64,power,50.0,64.0,-1.0,36,20101156,204,True,45,5,0.11852685995029934,0.5926342997514966,0.06584825552794407,0.6643049126733576,0.8183982683982685,13.614167000000066
power_theta50_rho64,power,50.0,64.0,-1.0,40,20101160,187,True,68,3,0.05159763712759667,0.6105720393432273,0.026937001735730617,0.7517361127151351,0.7567567567567567,12.681749999998715
power_theta50_rho64,power,50.0,64.0,-1.0,44,20101164,183,True,61,6,0.0721763228337778,0.4029844691552593,0.03963781663822223,0.5116852099600808,0.7464410986293136,13.543500000000819
power_theta50_rho64,power,50.0,64.0,-1.0,46,20101166,150,True,58,2,0.044054444023411465,0.660816660351172,0.022786781391419726,0.7226692220246997,0.8611111111111112,12.07545899999829
power_theta50_rho64,power,50.0,64.0,-1.0,52,20101172,139,True,48,2,0.046558689634622605,0.5819836204327826,0.02424931751803261,0.7022131583659088,0.8636363636363636,13.203084000000587
power_theta50_rho64,power,50.0,64.0,-1.0,55,20101175,115,True,21,2,0.08583497185114641,0.4935510881440919,0.04700486553753256,0.5518070788224395,0.5546683046683047,18.688541999999586
power_theta50_rho64,power,50.0,64.0,-1.0,47,20101167,166,True,45,1,0.03381642512077295,0.7777777777777778,0.017283950617283952,1.0,0.7777777777777778,15.077666999999906
power_theta50_rho64,power,50.0,64.0,-1.0,53,20101173,147,True,43,3,0.046415259718010755,0.3558503245047491,0.02482676682591273,0.6783235255907037,0.5488562091503267,16.02587500000041
power_theta50_rho64,power,50.0,64.0,-1.0,51,20101171,167,True,46,2,0.046786046668464164,0.56143256002157,0.024410111305285653,0.7662077600934701,0.6153846153846154,15.175625000001247
power_theta50_rho64,power,50.0,64.0,-1.0,50,20101170,159,True,68,6,0.043028426179850504,0.26534196144241146,0.02341252600962454,0.5887000292126748,0.494724025974026,15.014540999999326
power_theta50_rho64,power,50.0,64.0,-1.0,49,20101169,175,True,70,5,0.06863986008554342,0.5147989506415755,0.0367713536172554,0.6694307089322182,0.8168484848484848,20.33929200000273
power_theta50_rho64,power,50.0,64.0,-1.0,57,20101177,134,True,47,3,0.042118949890847225,0.35099124909039353,0.022403696750450654,0.7003429157598532,0.5570054945054945,15.238833000001506
power_theta50_rho64,power,50.0,64.0,-1.0,48,20101168,183,True,63,1,0.024038461538461536,0.7692307692307693,0.01221001221001221,1.0,0.7692307692307693,13.947999999999183
power_theta50_rho64,power,50.0,64.0,-1.0,56,20101176,157,True,46,5,0.047409477157830796,0.24178833350493703,0.02628134059836272,0.3328102546636923,0.6322718561108654,13.060166999999012
power_theta50_rho64,power,50.0,64.0,-1.0,54,20101174,195,True,75,4,0.03258322402763663,0.3217593372729117,0.017160497987888625,0.5510250590272173,0.5505952380952381,13.588250000001523
power_theta50_rho64,power,50.0,64.0,-1.0,62,20101182,141,True,61,3,0.01814348143488055,0.1935304686387259,0.009517891900265207,0.2774707588922093,0.6392206826989436,13.695459000000909
power_theta50_rho64,power,50.0,64.0,-1.0,58,20101178,177,True,49,2,0.058582678543162826,0.746929151425326,0.030486904139809225,0.9704441551784667,0.7735294117647059,14.28704200000297
power_theta50_rho64,power,50.0,64.0,-1.0,59,20101179,171,True,70,1,0.01346448752873265,0.47798930727000916,0.006828418675285845,0.6691850301780128,0.7142857142857143,13.31375000000179
power_theta50_rho64,power,50.0,64.0,-1.0,69,20101189,127,True,27,1,0.00975190399073025,0.1365266558702235,0.005056542810008278,0.6143699514160058,0.2222222222222222,13.784791999999157
power_theta50_rho64,power,50.0,64.0,-1.0,63,20101183,164,True,37,3,0.028518395312567075,0.19012263541711383,0.015415348817603824,0.7503863517394745,0.21396825396825395,11.826499999997964
power_theta50_rho64,power,50.0,64.0,-1.0,65,20101185,152,False,60,0,0.0,0.0,0.0,0.0,0.0,11.346333999998848
power_theta50_rho64,power,50.0,64.0,-1.0,67,20101187,143,True,51,2,0.044343122351692174,0.5875463711599214,0.02304103416313417,0.6250662445141733,0.85,11.539332999998209
power_theta50_rho64,power,50.0,64.0,-1.0,61,20101181,188,True,62,2,0.026835719694673247,0.42937151511477195,0.013850694035960386,0.5444669695683685,0.5595238095238095,14.170708000001753
power_theta50_rho64,power,50.0,64.0,-1.0,70,20101190,156,True,61,4,0.009883117152680934,0.08030032686553258,0.0052655952042972185,0.4225233687502983,0.33114035087719296,11.694957999999644
power_theta50_rho64,power,50.0,64.0,-1.0,60,20101180,197,True,91,7,0.04387902697195226,0.30715318880366593,0.02362716836951276,0.4959629340641007,0.5507569322786713,13.725083999997167
power_theta50_rho64,power,50.0,64.0,-1.0,71,20101191,161,False,18,0,0.0,0.0,0.0,0.0,0.0,15.02545799999666
power_theta50_rho64,power,50.0,64.0,-1.0,66,20101186,184,True,40,2,0.03429466719158615,0.3600940055116546,0.01800470027558273,0.43077860100697973,0.8212121212121212,11.835292000000663
power_theta50_rho64,power,50.0,64.0,-1.0,64,20101184,195,True,60,3,0.023210452682435656,0.2437097531655744,0.01218548765827872,0.42297692029473993,0.5637958532695375,12.754624999999464
power_theta50_rho64,power,50.0,64.0,-1.0,68,20101188,189,True,36,1,0.0427927927927928,0.7916666666666666,0.02199074074074074,1.0,0.7916666666666666,11.914834000002372
power_theta50_rho64,power,50.0,64.0,-1.0,80,20101200,100,True,22,2,0.08193226655201613,0.49159359931209673,0.04469032721019061,0.5581070775779728,0.8333333333333333,12.817082999998064
power_theta50_rho64,power,50.0,64.0,-1.0,72,20101192,175,True,60,6,0.059974566774287655,0.32986011725858205,0.03298601172585821,0.5816967722238234,0.5467099325794978,15.287332999999848
power_theta50_rho64,power,50.0,64.0,-1.0,79,20101199,126,True,39,2,0.032274839590786836,0.33081710580556506,0.01696497978490077,0.45485816295396275,0.5869565217391304,16.030042000000577
power_theta50_rho64,power,50.0,64.0,-1.0,74,20101194,153,True,67,4,0.0391443519176629,0.34740612326925824,0.02074066407577661,0.5583683076388875,0.5842829593267882,17.065166999998382
power_theta50_rho64,power,50.0,64.0,-1.0,73,20101193,164,True,60,1,0.027322404371584702,0.8333333333333334,0.01388888888888889,1.0,0.8333333333333334,14.215582999998588
power_theta50_rho64,power,50.0,64.0,-1.0,78,20101198,153,True,33,2,0.0775281680724963,0.6783714706343426,0.04111342246268743,0.7254022078230298,0.9090909090909092,12.74045800000323
power_theta50_rho64,power,50.0,64.0,-1.0,77,20101197,178,True,36,2,0.0595928922626202,0.5661324764948918,0.03145180424971621,0.9776531309342634,0.5822222222222222,13.373707999999596
power_theta50_rho64,power,50.0,64.0,-1.0,76,20101196,179,True,63,2,0.0318360069886381,0.5173351135653692,0.01642333693858315,0.6143933110310291,0.8625730994152047,13.127457999999592
power_theta50_rho64,power,50.0,64.0,-1.0,75,20101195,187,True,74,3,0.03619848310919445,0.4645471999013287,0.01883299459059441,0.6774480550690208,0.7450980392156863,21.15291699999844
power_theta50_rho64,power,50.0,64.0,-1.0,86,20101206,140,True,37,1,0.03216780359809352,0.6111882683637769,0.016518601847669647,0.6985008781300308,0.875,15.343958999999074
power_theta50_rho64,power,50.0,64.0,-1.0,81,20101201,174,True,72,3,0.03145487693331974,0.3931859616664968,0.016382748402770698,0.782014523122515,0.4941798941798942,12.58795800000101
power_theta50_rho64,power,50.0,64.0,-1.0,83,20101203,176,True,49,4,0.09250357630408743,0.6128361930145793,0.05002744432772076,0.7970241151338805,0.7241883116883117,12.151749999997463
power_theta50_rho64,power,50.0,64.0,-1.0,85,20101205,167,True,79,3,0.029275585803186694,0.4000996726435515,0.015193658454818411,0.5794636674206286,0.6686307519640854,12.058542000001893
power_theta100_rho0,power,100.0,0.0,-1.0,0,20111120,1,False,0,0,1.0,1.0,1.0,1.0,1.0,11.592916000001452
power_theta50_rho64,power,50.0,64.0,-1.0,84,20101204,171,True,62,2,0.009498348012958917,0.15197356820734267,0.004902373167978796,0.25779268657194265,0.4583333333333333,12.674000000000518
power_theta100_rho0,power,100.0,0.0,-1.0,1,20111121,1,False,0,0,1.0,1.0,1.0,1.0,1.0,12.93637499999889
power_theta100_rho0,power,100.0,0.0,-1.0,2,20111122,1,False,0,0,1.0,1.0,1.0,1.0,1.0,10.823249999997842
power_theta50_rho64,power,50.0,64.0,-1.0,88,20101208,154,True,50,2,0.05271292409119178,0.6852680131854931,0.027410720527419725,0.8550970252721951,0.7608695652173914,13.083874999999523
power_theta100_rho0,power,100.0,0.0,-1.0,3,20111123,1,False,0,0,1.0,1.0,1.0,1.0,1.0,11.778249999998991
power_theta100_rho0,power,100.0,0.0,-1.0,4,20111124,1,False,0,0,1.0,1.0,1.0,1.0,1.0,12.147875000000141
power_theta100_rho0,power,100.0,0.0,-1.0,5,20111125,1,False,0,0,1.0,1.0,1.0,1.0,1.0,12.083125000000194
power_theta100_rho0,power,100.0,0.0,-1.0,6,20111126,1,False,0,0,1.0,1.0,1.0,1.0,1.0,11.522040999999206
power_theta100_rho0,power,100.0,0.0,-1.0,8,20111128,1,False,0,0,1.0,1.0,1.0,1.0,1.0,11.003167000001923
power_theta100_rho0,power,100.0,0.0,-1.0,7,20111127,1,False,0,0,1.0,1.0,1.0,1.0,1.0,10.87024999999997
power_theta100_rho0,power,100.0,0.0,-1.0,9,20111129,1,False,0,0,1.0,1.0,1.0,1.0,1.0,12.706416000000331
power_theta100_rho0,power,100.0,0.0,-1.0,10,20111130,1,False,0,0,1.0,1.0,1.0,1.0,1.0,12.333415999997044
power_theta100_rho0,power,100.0,0.0,-1.0,11,20111131,1,False,0,0,1.0,1.0,1.0,1.0,1.0,12.919708999998392
power_theta100_rho0,power,100.0,0.0,-1.0,12,20111132,1,False,0,0,1.0,1.0,1.0,1.0,1.0,11.888792000000592
power_theta100_rho0,power,100.0,0.0,-1.0,13,20111133,1,False,0,0,1.0,1.0,1.0,1.0,1.0,12.359499999998746
power_theta100_rho0,power,100.0,0.0,-1.0,14,20111134,1,False,0,0,1.0,1.0,1.0,1.0,1.0,11.302209000000119
power_theta100_rho0,power,100.0,0.0,-1.0,15,20111135,1,False,0,0,1.0,1.0,1.0,1.0,1.0,14.735417000000695
power_theta100_rho0,power,100.0,0.0,-1.0,16,20111136,1,False,0,0,1.0,1.0,1.0,1.0,1.0,12.313874999996699
power_theta100_rho0,power,100.0,0.0,-1.0,17,20111137,1,False,0,0,1.0,1.0,1.0,1.0,1.0,12.410500000001434
power_theta100_rho0,power,100.0,0.0,-1.0,18,20111138,1,False,0,0,1.0,1.0,1.0,1.0,1.0,12.688208000000145
power_theta100_rho0,power,100.0,0.0,-1.0,19,20111139,1,False,0,0,1.0,1.0,1.0,1.0,1.0,12.584917000001639
power_theta100_rho0,power,100.0,0.0,-1.0,20,20111140,1,False,0,0,1.0,1.0,1.0,1.0,1.0,12.253457999999995
power_theta100_rho0,power,100.0,0.0,-1.0,21,20111141,1,False,0,0,1.0,1.0,1.0,1.0,1.0,13.933707999999712
power_theta100_rho0,power,100.0,0.0,-1.0,22,20111142,1,False,0,0,1.0,1.0,1.0,1.0,1.0,13.51291599999982
power_theta100_rho0,power,100.0,0.0,-1.0,23,20111143,1,False,0,0,1.0,1.0,1.0,1.0,1.0,13.810666000001248
power_theta100_rho0,power,100.0,0.0,-1.0,24,20111144,1,False,0,0,1.0,1.0,1.0,1.0,1.0,13.545125000000269
power_theta100_rho0,power,100.0,0.0,-1.0,26,20111146,1,False,0,0,1.0,1.0,1.0,1.0,1.0,14.24512500000219
power_theta100_rho0,power,100.0,0.0,-1.0,25,20111145,1,False,0,0,1.0,1.0,1.0,1.0,1.0,14.369583000000574
power_theta100_rho0,power,100.0,0.0,-1.0,27,20111147,1,False,0,0,1.0,1.0,1.0,1.0,1.0,13.92908300000073
power_theta100_rho0,power,100.0,0.0,-1.0,28,20111148,1,False,0,0,1.0,1.0,1.0,1.0,1.0,12.327583000001141
power_theta100_rho0,power,100.0,0.0,-1.0,29,20111149,1,False,0,0,1.0,1.0,1.0,1.0,1.0,13.055874999999162
power_theta100_rho0,power,100.0,0.0,-1.0,30,20111150,1,False,0,0,1.0,1.0,1.0,1.0,1.0,13.71204099999801
power_theta100_rho0,power,100.0,0.0,-1.0,31,20111151,1,False,0,0,1.0,1.0,1.0,1.0,1.0,13.184541999997634
power_theta100_rho0,power,100.0,0.0,-1.0,32,20111152,1,False,0,0,1.0,1.0,1.0,1.0,1.0,12.652041999999142
power_theta100_rho0,power,100.0,0.0,-1.0,33,20111153,1,False,0,0,1.0,1.0,1.0,1.0,1.0,14.55470900000222
power_theta100_rho0,power,100.0,0.0,-1.0,35,20111155,1,False,0,0,1.0,1.0,1.0,1.0,1.0,12.55808300000183
power_theta100_rho0,power,100.0,0.0,-1.0,36,20111156,1,False,0,0,1.0,1.0,1.0,1.0,1.0,11.79308299999704
power_theta100_rho0,power,100.0,0.0,-1.0,37,20111157,1,False,0,0,1.0,1.0,1.0,1.0,1.0,15.393332999998677
power_theta100_rho0,power,100.0,0.0,-1.0,38,20111158,1,False,0,0,1.0,1.0,1.0,1.0,1.0,11.73487500000192
power_theta100_rho0,power,100.0,0.0,-1.0,39,20111159,1,False,0,0,1.0,1.0,1.0,1.0,1.0,11.459124999998238
power_theta50_rho64,power,50.0,64.0,-1.0,82,20101202,201,True,72,3,0.019083671869622412,0.23854589837028017,0.009939412432095007,0.606266150707058,0.4394062078272605,13.020791999998949
power_theta100_rho0,power,100.0,0.0,-1.0,40,20111160,1,False,0,0,1.0,1.0,1.0,1.0,1.0,11.936834000000118
power_theta100_rho0,power,100.0,0.0,-1.0,41,20111161,1,False,0,0,1.0,1.0,1.0,1.0,1.0,11.910499999999047
power_theta100_rho0,power,100.0,0.0,-1.0,42,20111162,1,False,0,0,1.0,1.0,1.0,1.0,1.0,12.327958000000194
power_theta100_rho0,power,100.0,0.0,-1.0,43,20111163,1,False,0,0,1.0,1.0,1.0,1.0,1.0,11.652791999999579
power_theta100_rho0,power,100.0,0.0,-1.0,44,20111164,1,False,0,0,1.0,1.0,1.0,1.0,1.0,12.011582999999604
power_theta100_rho0,power,100.0,0.0,-1.0,45,20111165,1,False,0,0,1.0,1.0,1.0,1.0,1.0,12.406791999996614
power_theta100_rho0,power,100.0,0.0,-1.0,46,20111166,1,False,0,0,1.0,1.0,1.0,1.0,1.0,12.788249999999834
power_theta100_rho0,power,100.0,0.0,-1.0,47,20111167,1,False,0,0,1.0,1.0,1.0,1.0,1.0,12.330834000000124
power_theta100_rho0,power,100.0,0.0,-1.0,48,20111168,1,False,0,0,1.0,1.0,1.0,1.0,1.0,12.152374999999438
power_theta100_rho0,power,100.0,0.0,-1.0,49,20111169,1,False,0,0,1.0,1.0,1.0,1.0,1.0,12.498041000000626
power_theta100_rho0,power,100.0,0.0,-1.0,50,20111170,1,False,0,0,1.0,1.0,1.0,1.0,1.0,12.685874999998958
power_theta100_rho0,power,100.0,0.0,-1.0,51,20111171,1,False,0,0,1.0,1.0,1.0,1.0,1.0,11.417042000001487
power_theta100_rho0,power,100.0,0.0,-1.0,52,20111172,1,True,0,1,0.0,0.0,0.0,0.0,0.0,12.998000000003174
power_theta100_rho0,power,100.0,0.0,-1.0,53,20111173,1,False,0,0,1.0,1.0,1.0,1.0,1.0,11.37429200000284
power_theta100_rho0,power,100.0,0.0,-1.0,34,20111154,1,False,0,0,1.0,1.0,1.0,1.0,1.0,186.49220900000074
power_theta100_rho0,power,100.0,0.0,-1.0,54,20111174,1,False,0,0,1.0,1.0,1.0,1.0,1.0,11.442459000001293
power_theta100_rho0,power,100.0,0.0,-1.0,55,20111175,1,False,0,0,1.0,1.0,1.0,1.0,1.0,12.511249999999308
power_theta100_rho0,power,100.0,0.0,-1.0,56,20111176,1,False,0,0,1.0,1.0,1.0,1.0,1.0,13.685332999997968
power_theta100_rho0,power,100.0,0.0,-1.0,57,20111177,1,False,0,0,1.0,1.0,1.0,1.0,1.0,13.890249999999327
power_theta100_rho0,power,100.0,0.0,-1.0,58,20111178,1,False,0,0,1.0,1.0,1.0,1.0,1.0,14.278666999999245
power_theta100_rho0,power,100.0,0.0,-1.0,59,20111179,1,False,0,0,1.0,1.0,1.0,1.0,1.0,11.603708999999185
power_theta100_rho0,power,100.0,0.0,-1.0,60,20111180,1,False,0,0,1.0,1.0,1.0,1.0,1.0,12.872790999999495
power_theta100_rho0,power,100.0,0.0,-1.0,62,20111182,1,False,0,0,1.0,1.0,1.0,1.0,1.0,12.570665999998454
power_theta100_rho0,power,100.0,0.0,-1.0,61,20111181,1,False,0,0,1.0,1.0,1.0,1.0,1.0,12.501832999998186
power_theta100_rho0,power,100.0,0.0,-1.0,63,20111183,1,False,0,0,1.0,1.0,1.0,1.0,1.0,14.9199160000002
power_theta100_rho0,power,100.0,0.0,-1.0,64,20111184,1,False,0,0,1.0,1.0,1.0,1.0,1.0,13.440749999997337
power_theta100_rho0,power,100.0,0.0,-1.0,65,20111185,1,False,0,0,1.0,1.0,1.0,1.0,1.0,12.179249999999087
power_theta100_rho0,power,100.0,0.0,-1.0,66,20111186,1,False,0,0,1.0,1.0,1.0,1.0,1.0,12.14433399999848
power_theta100_rho0,power,100.0,0.0,-1.0,67,20111187,1,False,0,0,1.0,1.0,1.0,1.0,1.0,12.267749999999467
power_theta100_rho0,power,100.0,0.0,-1.0,68,20111188,1,False,0,0,1.0,1.0,1.0,1.0,1.0,11.202582999999322
power_theta100_rho0,power,100.0,0.0,-1.0,69,20111189,1,False,0,0,1.0,1.0,1.0,1.0,1.0,13.425665999999836
power_theta100_rho0,power,100.0,0.0,-1.0,70,20111190,1,False,0,0,1.0,1.0,1.0,1.0,1.0,11.578458000002456
power_theta100_rho0,power,100.0,0.0,-1.0,71,20111191,1,False,0,0,1.0,1.0,1.0,1.0,1.0,11.34475000000279
power_theta100_rho0,power,100.0,0.0,-1.0,72,20111192,1,False,0,0,1.0,1.0,1.0,1.0,1.0,11.295750000002158
power_theta100_rho0,power,100.0,0.0,-1.0,73,20111193,1,False,0,0,1.0,1.0,1.0,1.0,1.0,12.71604199999743
power_theta100_rho0,power,100.0,0.0,-1.0,74,20111194,1,False,0,0,1.0,1.0,1.0,1.0,1.0,13.505041000001938
power_theta100_rho0,power,100.0,0.0,-1.0,75,20111195,1,False,0,0,1.0,1.0,1.0,1.0,1.0,11.676707999999536
power_theta100_rho0,power,100.0,0.0,-1.0,76,20111196,1,False,0,0,1.0,1.0,1.0,1.0,1.0,12.631207999998395
power_theta100_rho0,power,100.0,0.0,-1.0,77,20111197,1,False,0,0,1.0,1.0,1.0,1.0,1.0,11.421667000000468
power_theta100_rho0,power,100.0,0.0,-1.0,78,20111198,1,False,0,0,1.0,1.0,1.0,1.0,1.0,11.563166000001956
power_theta100_rho0,power,100.0,0.0,-1.0,80,20111200,1,False,0,0,1.0,1.0,1.0,1.0,1.0,11.846167000001628
power_theta100_rho0,power,100.0,0.0,-1.0,79,20111199,1,False,0,0,1.0,1.0,1.0,1.0,1.0,11.708667000000617
power_theta100_rho0,power,100.0,0.0,-1.0,81,20111201,1,False,0,0,1.0,1.0,1.0,1.0,1.0,11.091791000001905
power_theta100_rho0,power,100.0,0.0,-1.0,82,20111202,1,False,0,0,1.0,1.0,1.0,1.0,1.0,11.353542000001937
power_theta50_rho64,power,50.0,64.0,-1.0,94,20101214,143,True,44,2,0.046344509172810355,0.5329618554873191,0.024225538885787233,0.7551840777095413,0.7777777777777778,14.669875000002719
power_theta100_rho0,power,100.0,0.0,-1.0,83,20111203,1,False,0,0,1.0,1.0,1.0,1.0,1.0,11.884957999999557
power_theta100_rho0,power,100.0,0.0,-1.0,85,20111205,1,False,0,0,1.0,1.0,1.0,1.0,1.0,11.626791000001191
power_theta100_rho0,power,100.0,0.0,-1.0,84,20111204,1,False,0,0,1.0,1.0,1.0,1.0,1.0,12.126582999997026
power_theta100_rho0,power,100.0,0.0,-1.0,86,20111206,1,False,0,0,1.0,1.0,1.0,1.0,1.0,13.765375000001967
power_theta100_rho0,power,100.0,0.0,-1.0,87,20111207,1,False,0,0,1.0,1.0,1.0,1.0,1.0,14.71516699999853
power_theta100_rho0,power,100.0,0.0,-1.0,88,20111208,1,False,0,0,1.0,1.0,1.0,1.0,1.0,11.939957999999251
power_theta50_rho64,power,50.0,64.0,-1.0,91,20101211,154,True,55,1,0.006824012502279273,0.19107235006381965,0.0034740427284330844,0.4640328501549906,0.4117647058823529,14.626708999998073
power_theta100_rho0,power,100.0,0.0,-1.0,90,20111210,1,False,0,0,1.0,1.0,1.0,1.0,1.0,11.84216700000107
power_theta100_rho0,power,100.0,0.0,-1.0,89,20111209,1,False,0,0,1.0,1.0,1.0,1.0,1.0,11.649291999997757
power_theta100_rho0,power,100.0,0.0,-1.0,92,20111212,1,False,0,0,1.0,1.0,1.0,1.0,1.0,11.967499999997244
power_theta100_rho0,power,100.0,0.0,-1.0,91,20111211,1,False,0,0,1.0,1.0,1.0,1.0,1.0,14.168166999997567
power_theta100_rho0,power,100.0,0.0,-1.0,93,20111213,1,False,0,0,1.0,1.0,1.0,1.0,1.0,13.234457999995897
power_theta100_rho0,power,100.0,0.0,-1.0,96,20111216,1,False,0,0,1.0,1.0,1.0,1.0,1.0,11.667500000001496
power_theta100_rho0,power,100.0,0.0,-1.0,95,20111215,1,False,0,0,1.0,1.0,1.0,1.0,1.0,12.573374999995224
power_theta100_rho0,power,100.0,0.0,-1.0,94,20111214,1,False,0,0,1.0,1.0,1.0,1.0,1.0,11.764917000000708
power_theta100_rho0,power,100.0,0.0,-1.0,98,20111218,1,False,0,0,1.0,1.0,1.0,1.0,1.0,13.220707999998638
power_theta100_rho0,power,100.0,0.0,-1.0,97,20111217,1,False,0,0,1.0,1.0,1.0,1.0,1.0,13.182207999996365
power_theta100_rho0,power,100.0,0.0,-1.0,99,20111219,1,False,0,0,1.0,1.0,1.0,1.0,1.0,13.733874999999784
power_theta100_rho1,power,100.0,1.0,-1.0,1,20121121,5,False,1,0,0.0,0.0,0.0,0.0,0.0,15.860291000002746
power_theta100_rho1,power,100.0,1.0,-1.0,2,20121122,5,False,3,0,0.0,0.0,0.0,0.0,0.0,18.467166999997175
power_theta100_rho1,power,100.0,1.0,-1.0,3,20121123,3,True,1,1,0.9861515498520068,0.9861515498520068,0.9861515498520068,0.9861515498520068,1.0,13.81629200000134
power_theta100_rho1,power,100.0,1.0,-1.0,4,20121124,3,False,1,0,0.0,0.0,0.0,0.0,0.0,15.22204199999777
power_theta100_rho1,power,100.0,1.0,-1.0,0,20121120,12,False,1,0,0.0,0.0,0.0,0.0,0.0,13.376624999999365
power_theta100_rho1,power,100.0,1.0,-1.0,5,20121125,7,False,4,0,0.0,0.0,0.0,0.0,0.0,11.831624999999235
power_theta100_rho1,power,100.0,1.0,-1.0,7,20121127,4,False,0,0,1.0,1.0,1.0,1.0,1.0,13.083917000002998
power_theta100_rho1,power,100.0,1.0,-1.0,6,20121126,7,False,0,0,1.0,1.0,1.0,1.0,1.0,12.799291000000323
power_theta100_rho1,power,100.0,1.0,-1.0,8,20121128,6,False,1,0,0.0,0.0,0.0,0.0,0.0,13.408875000003206
power_theta100_rho1,power,100.0,1.0,-1.0,11,20121131,2,False,0,0,1.0,1.0,1.0,1.0,1.0,12.396082999998725
power_theta50_rho64,power,50.0,64.0,-1.0,87,20101207,173,True,68,1,0.027536231884057967,0.95,0.013970588235294117,1.0,0.95,13.396790999998132
power_theta100_rho1,power,100.0,1.0,-1.0,10,20121130,4,False,2,0,0.0,0.0,0.0,0.0,0.0,12.869082999998227
power_theta50_rho64,power,50.0,64.0,-1.0,89,20101209,170,True,64,4,0.02370713291505532,0.2015106297779702,0.012594414361123138,0.5406352122825387,0.3176535087719298,13.544333999995217
power_theta100_rho1,power,100.0,1.0,-1.0,9,20121129,6,True,2,3,0.476530042546983,0.3971083687891525,0.5956625531837287,0.7672516190898869,0.8211382113821137,13.985749999996244
power_theta100_rho1,power,100.0,1.0,-1.0,12,20121132,2,False,1,0,0.0,0.0,0.0,0.0,0.0,15.458875000000205
power_theta100_rho1,power,100.0,1.0,-1.0,17,20121137,2,False,0,0,1.0,1.0,1.0,1.0,1.0,13.709458000001007
power_theta100_rho1,power,100.0,1.0,-1.0,18,20121138,1,False,0,0,1.0,1.0,1.0,1.0,1.0,12.561625000003573
power_theta100_rho1,power,100.0,1.0,-1.0,15,20121135,3,False,2,0,0.0,0.0,0.0,0.0,0.0,14.116125000001034
power_theta100_rho1,power,100.0,1.0,-1.0,16,20121136,5,True,1,1,0.001715415403998964,0.001715415403998964,0.001715415403998964,0.001770751384773124,0.96875,13.343749999997101
power_theta100_rho1,power,100.0,1.0,-1.0,14,20121134,6,True,2,1,0.5952380952380952,0.8928571428571429,0.44642857142857145,1.0,0.8928571428571429,12.956750000000739
power_theta100_rho1,power,100.0,1.0,-1.0,13,20121133,6,True,2,1,0.6583333333333333,0.9875,0.49375,1.0,0.9875,12.460625000002779
power_theta100_rho1,power,100.0,1.0,-1.0,20,20121140,2,False,0,0,1.0,1.0,1.0,1.0,1.0,13.468082999999353
power_theta100_rho1,power,100.0,1.0,-1.0,19,20121139,8,True,3,1,0.22523424318633217,0.4504684863726643,0.15015616212422142,0.4504684863726643,1.0,14.473708000004137
power_theta100_rho1,power,100.0,1.0,-1.0,22,20121142,5,False,6,0,0.0,0.0,0.0,0.0,0.0,13.733458000004362
power_theta100_rho1,power,100.0,1.0,-1.0,24,20121144,3,True,5,2,0.28571428571428575,0.5,0.2,0.5024320358677751,0.5,13.782332999994651
power_theta50_rho64,power,50.0,64.0,-1.0,92,20101212,158,True,58,5,0.07871513863290515,0.49590537338730245,0.042750463223043315,0.7183210956509612,0.6696371159799952,14.538874999999507
power_theta100_rho1,power,100.0,1.0,-1.0,25,20121145,4,False,2,0,0.0,0.0,0.0,0.0,0.0,15.38525000000135
power_theta100_rho1,power,100.0,1.0,-1.0,26,20121146,3,False,0,0,1.0,1.0,1.0,1.0,1.0,11.96283299999834
power_theta100_rho1,power,100.0,1.0,-1.0,23,20121143,4,False,1,0,0.0,0.0,0.0,0.0,0.0,11.902665999997453
power_theta100_rho1,power,100.0,1.0,-1.0,21,20121141,8,False,0,0,1.0,1.0,1.0,1.0,1.0,13.55783300000013
power_theta100_rho1,power,100.0,1.0,-1.0,28,20121148,2,False,2,0,0.0,0.0,0.0,0.0,0.0,14.43725000000029
power_theta100_rho1,power,100.0,1.0,-1.0,27,20121147,8,False,0,0,1.0,1.0,1.0,1.0,1.0,12.974749999997925
power_theta100_rho1,power,100.0,1.0,-1.0,30,20121150,3,False,0,0,1.0,1.0,1.0,1.0,1.0,14.645874999999364
power_theta100_rho1,power,100.0,1.0,-1.0,32,20121152,3,True,3,1,0.25,0.5,0.16666666666666666,0.5,1.0,15.507915999997124
power_theta100_rho1,power,100.0,1.0,-1.0,31,20121151,3,True,1,1,1.0,1.0,1.0,1.0,1.0,13.384791999996537
power_theta100_rho1,power,100.0,1.0,-1.0,34,20121154,3,False,1,0,0.0,0.0,0.0,0.0,0.0,13.953917000002036
power_theta100_rho1,power,100.0,1.0,-1.0,33,20121153,5,False,2,0,0.0,0.0,0.0,0.0,0.0,15.938209000005088
power_theta100_rho1,power,100.0,1.0,-1.0,29,20121149,7,False,1,0,0.0,0.0,0.0,0.0,0.0,14.722665999997275
power_theta100_rho1,power,100.0,1.0,-1.0,35,20121155,4,False,0,0,1.0,1.0,1.0,1.0,1.0,13.607000000000369
power_theta100_rho1,power,100.0,1.0,-1.0,36,20121156,5,True,1,1,0.875,0.875,0.875,1.0,0.875,14.568874999994819
power_theta100_rho1,power,100.0,1.0,-1.0,39,20121159,1,False,0,0,1.0,1.0,1.0,1.0,1.0,13.557790999996655
power_theta100_rho1,power,100.0,1.0,-1.0,37,20121157,4,False,0,0,1.0,1.0,1.0,1.0,1.0,14.70762499999978
power_theta100_rho1,power,100.0,1.0,-1.0,38,20121158,2,False,0,0,1.0,1.0,1.0,1.0,1.0,14.745208000000787
power_theta100_rho1,power,100.0,1.0,-1.0,42,20121162,3,False,1,0,0.0,0.0,0.0,0.0,0.0,14.400250000001336
power_theta100_rho1,power,100.0,1.0,-1.0,40,20121160,6,False,9,0,0.0,0.0,0.0,0.0,0.0,13.752959000001397
power_theta100_rho1,power,100.0,1.0,-1.0,41,20121161,6,True,2,1,0.5638560621766721,0.845784093265008,0.422892046632504,0.845784093265008,1.0,13.869792000001269
power_theta100_rho1,power,100.0,1.0,-1.0,44,20121164,4,False,1,0,0.0,0.0,0.0,0.0,0.0,12.690958000000307
power_theta100_rho1,power,100.0,1.0,-1.0,43,20121163,8,False,2,0,0.0,0.0,0.0,0.0,0.0,14.901125000001514
power_theta100_rho1,power,100.0,1.0,-1.0,45,20121165,3,False,4,0,0.0,0.0,0.0,0.0,0.0,13.759084000000144
power_theta100_rho1,power,100.0,1.0,-1.0,48,20121168,1,False,0,0,1.0,1.0,1.0,1.0,1.0,11.814749999999208
power_theta100_rho1,power,100.0,1.0,-1.0,46,20121166,4,False,0,0,1.0,1.0,1.0,1.0,1.0,12.856665999997574
power_theta100_rho1,power,100.0,1.0,-1.0,51,20121171,2,False,0,0,1.0,1.0,1.0,1.0,1.0,70.77325000000201
power_theta100_rho1,power,100.0,1.0,-1.0,47,20121167,5,False,0,0,1.0,1.0,1.0,1.0,1.0,12.364874999995834
power_theta100_rho1,power,100.0,1.0,-1.0,53,20121173,3,False,2,0,0.0,0.0,0.0,0.0,0.0,13.690291999999715
power_theta100_rho1,power,100.0,1.0,-1.0,49,20121169,4,False,0,0,1.0,1.0,1.0,1.0,1.0,72.0561669999995
power_theta100_rho1,power,100.0,1.0,-1.0,52,20121172,3,False,1,0,0.0,0.0,0.0,0.0,0.0,15.462124999999105
power_theta100_rho1,power,100.0,1.0,-1.0,50,20121170,7,True,0,1,0.0,0.0,0.0,0.0,0.0,13.981582999996078
power_theta50_rho64,power,50.0,64.0,-1.0,99,20101219,109,True,31,3,0.07327064694762503,0.41520033270320855,0.04018067735837502,0.49459145620706874,0.779973649538867,14.255208000001574
power_theta50_rho64,power,50.0,64.0,-1.0,90,20101210,183,True,58,1,0.01386748844375963,0.4090909090909091,0.007053291536050157,1.0,0.4090909090909091,14.01945799999993
power_theta100_rho1,power,100.0,1.0,-1.0,54,20121174,7,True,2,1,0.4162093110500402,0.6243139665750603,0.31215698328753017,0.9364709498625905,0.6666666666666666,14.258500000003949
power_theta50_rho64,power,50.0,64.0,-1.0,95,20101215,145,True,44,7,0.11431359618696854,0.41642810039538547,0.06624992506290223,0.6775075921925194,0.5690630797773654,14.955208000003495
power_theta100_rho1,power,100.0,1.0,-1.0,56,20121176,2,False,2,0,0.0,0.0,0.0,0.0,0.0,17.00379100000049
power_theta100_rho1,power,100.0,1.0,-1.0,55,20121175,5,False,1,0,0.0,0.0,0.0,0.0,0.0,13.965249999998264
power_theta100_rho1,power,100.0,1.0,-1.0,58,20121178,2,True,1,1,0.3397657125136711,0.3397657125136711,0.3397657125136711,0.3397657125136711,1.0,16.225333000001285
power_theta100_rho1,power,100.0,1.0,-1.0,61,20121181,3,False,0,0,1.0,1.0,1.0,1.0,1.0,13.683458999999232
power_theta100_rho1,power,100.0,1.0,-1.0,65,20121185,1,False,0,0,1.0,1.0,1.0,1.0,1.0,13.633750000003886
power_theta100_rho1,power,100.0,1.0,-1.0,57,20121177,3,False,1,0,0.0,0.0,0.0,0.0,0.0,14.973541999999895
power_theta100_rho1,power,100.0,1.0,-1.0,59,20121179,5,False,5,0,0.0,0.0,0.0,0.0,0.0,14.062916000000314
power_theta100_rho1,power,100.0,1.0,-1.0,60,20121180,3,True,2,1,0.34551981805464776,0.5182797270819717,0.25913986354098584,0.5182797270819717,1.0,13.342917000002785
power_theta100_rho1,power,100.0,1.0,-1.0,67,20121187,1,False,0,0,1.0,1.0,1.0,1.0,1.0,13.650208000001385
power_theta100_rho1,power,100.0,1.0,-1.0,64,20121184,4,False,3,0,0.0,0.0,0.0,0.0,0.0,14.558540999999536
power_theta100_rho1,power,100.0,1.0,-1.0,62,20121182,7,True,5,1,7.34106794152226e-05,0.00022023203824566776,4.404640764913355e-05,0.0006469316123466491,0.3404255319148936,14.960416999997506
power_theta100_rho1,power,100.0,1.0,-1.0,69,20121189,3,False,0,0,1.0,1.0,1.0,1.0,1.0,11.689083000000267
power_theta100_rho1,power,100.0,1.0,-1.0,66,20121186,7,False,4,0,0.0,0.0,0.0,0.0,0.0,14.604417000001035
power_theta100_rho1,power,100.0,1.0,-1.0,68,20121188,3,False,2,0,0.0,0.0,0.0,0.0,0.0,14.559583000000487
power_theta100_rho1,power,100.0,1.0,-1.0,63,20121183,7,True,1,2,0.598551107156393,0.4489133303672948,0.8978266607345896,0.9548315280828175,0.9402985074626866,14.036167000000432
power_theta100_rho1,power,100.0,1.0,-1.0,71,20121191,2,False,0,0,1.0,1.0,1.0,1.0,1.0,12.666082999999162
power_theta50_rho64,power,50.0,64.0,-1.0,93,20101213,162,True,48,3,0.05165344274662638,0.4390542633463242,0.027440891459145262,0.6713785341842352,0.6272401433691757,16.901125000003958
power_theta100_rho1,power,100.0,1.0,-1.0,73,20121193,2,False,0,0,1.0,1.0,1.0,1.0,1.0,12.096333999998876
power_theta100_rho1,power,100.0,1.0,-1.0,70,20121190,3,False,1,0,0.0,0.0,0.0,0.0,0.0,13.235000000001662
power_theta100_rho1,power,100.0,1.0,-1.0,77,20121197,1,False,0,0,1.0,1.0,1.0,1.0,1.0,11.806292000002827
power_theta100_rho1,power,100.0,1.0,-1.0,72,20121192,4,False,3,0,0.0,0.0,0.0,0.0,0.0,12.730083000001002
power_theta100_rho1,power,100.0,1.0,-1.0,76,20121196,3,False,1,0,0.0,0.0,0.0,0.0,0.0,13.06283299999933
power_theta100_rho1,power,100.0,1.0,-1.0,74,20121194,3,False,1,0,0.0,0.0,0.0,0.0,0.0,12.658082999998044
power_theta100_rho1,power,100.0,1.0,-1.0,75,20121195,4,False,5,0,0.0,0.0,0.0,0.0,0.0,13.763625000002833
power_theta100_rho1,power,100.0,1.0,-1.0,81,20121201,2,False,3,0,0.0,0.0,0.0,0.0,0.0,15.19841599999694
power_theta100_rho1,power,100.0,1.0,-1.0,78,20121198,3,False,2,0,0.0,0.0,0.0,0.0,0.0,14.753458000001274
power_theta100_rho1,power,100.0,1.0,-1.0,84,20121204,1,False,0,0,1.0,1.0,1.0,1.0,1.0,14.754082999999696
power_theta100_rho1,power,100.0,1.0,-1.0,80,20121200,5,False,0,0,1.0,1.0,1.0,1.0,1.0,12.075416999998367
power_theta100_rho1,power,100.0,1.0,-1.0,87,20121207,1,False,0,0,1.0,1.0,1.0,1.0,1.0,11.476832999996134
power_theta100_rho1,power,100.0,1.0,-1.0,79,20121199,4,True,5,3,0.48230817978309676,0.6430775730441289,0.3858465438264774,0.7007879724871692,0.9338461538461539,15.791417000002639
power_theta100_rho1,power,100.0,1.0,-1.0,83,20121203,3,False,2,0,0.0,0.0,0.0,0.0,0.0,12.24870899999786
power_theta50_rho64,power,50.0,64.0,-1.0,97,20101217,126,True,39,1,0.041117328320064574,0.8223465664012916,0.02108580939490491,0.9398246473157618,0.875,13.350709000000904
power_theta100_rho1,power,100.0,1.0,-1.0,86,20121206,3,False,0,0,1.0,1.0,1.0,1.0,1.0,12.773209000002339
power_theta100_rho1,power,100.0,1.0,-1.0,88,20121208,2,True,3,1,0.5,1.0,0.3333333333333333,1.0,1.0,14.036375000003432
power_theta100_rho1,power,100.0,1.0,-1.0,85,20121205,5,False,2,0,0.0,0.0,0.0,0.0,0.0,12.991374999998584
power_theta100_rho1,power,100.0,1.0,-1.0,89,20121209,4,False,0,0,1.0,1.0,1.0,1.0,1.0,14.002208999997379
power_theta100_rho1,power,100.0,1.0,-1.0,91,20121211,2,False,0,0,1.0,1.0,1.0,1.0,1.0,12.016792000004273
power_theta100_rho1,power,100.0,1.0,-1.0,82,20121202,8,False,1,0,0.0,0.0,0.0,0.0,0.0,14.250916000001723
power_theta100_rho1,power,100.0,1.0,-1.0,90,20121210,7,True,3,2,0.7631473310890121,0.9539341638612653,0.6359561092408436,0.9932784154474394,0.9603921568627451,12.965167000004385
power_theta100_rho1,power,100.0,1.0,-1.0,92,20121212,5,False,0,0,1.0,1.0,1.0,1.0,1.0,14.23095799999885
power_theta100_rho1,power,100.0,1.0,-1.0,98,20121218,2,False,0,0,1.0,1.0,1.0,1.0,1.0,14.838084000004415
power_theta100_rho1,power,100.0,1.0,-1.0,96,20121216,4,True,5,1,0.2795698924731183,0.8387096774193549,0.16774193548387098,1.0,0.8387096774193549,12.629500000002736
power_theta100_rho1,power,100.0,1.0,-1.0,93,20121213,3,False,0,0,1.0,1.0,1.0,1.0,1.0,13.269208000004085
power_theta100_rho1,power,100.0,1.0,-1.0,95,20121215,5,False,1,0,0.0,0.0,0.0,0.0,0.0,13.164291999999023
power_theta100_rho1,power,100.0,1.0,-1.0,94,20121214,6,False,0,0,1.0,1.0,1.0,1.0,1.0,13.71737499999881
power_theta100_rho1,power,100.0,1.0,-1.0,99,20121219,1,False,0,0,1.0,1.0,1.0,1.0,1.0,13.082084000004102
power_theta100_rho1,power,100.0,1.0,-1.0,97,20121217,6,True,3,1,0.5,1.0,0.3333333333333333,1.0,1.0,14.073875000001124
power_theta100_rho4,power,100.0,4.0,-1.0,2,20131122,8,False,3,0,0.0,0.0,0.0,0.0,0.0,13.656666000002815
power_theta100_rho4,power,100.0,4.0,-1.0,4,20131124,6,False,2,0,0.0,0.0,0.0,0.0,0.0,11.76012500000212
power_theta100_rho4,power,100.0,4.0,-1.0,3,20131123,10,True,12,4,0.1731506982645176,0.34630139652903524,0.11543379884301175,0.4526195746524515,0.4666666666666667,15.32520799999304
power_theta100_rho4,power,100.0,4.0,-1.0,9,20131129,8,False,10,0,0.0,0.0,0.0,0.0,0.0,16.941333000005443
power_theta100_rho4,power,100.0,4.0,-1.0,12,20131132,7,True,8,1,0.19998822204725317,0.8999469992126392,0.1124933749015799,0.8999469992126392,1.0,13.602959000003523
power_theta100_rho4,power,100.0,4.0,-1.0,6,20131126,10,False,2,0,0.0,0.0,0.0,0.0,0.0,16.096208000000445
power_theta100_rho4,power,100.0,4.0,-1.0,8,20131128,12,True,1,1,0.7973614758214251,0.7973614758214251,0.7973614758214251,0.8359434827160102,0.9538461538461539,14.856500000000494
power_theta100_rho4,power,100.0,4.0,-1.0,7,20131127,10,True,5,1,0.16849445927219955,0.5054833778165987,0.10109667556331974,0.5054833778165987,1.0,14.36679100000049
power_theta100_rho4,power,100.0,4.0,-1.0,1,20131121,15,True,14,4,0.26113197266501204,0.587546938496277,0.16787055385607916,0.6180840609139642,0.8507575757575757,15.733374999996386
power_theta100_rho4,power,100.0,4.0,-1.0,5,20131125,13,True,12,1,0.057298015646227524,0.3724371017004789,0.031036425141706573,0.6983195656883979,0.5333333333333333,14.918708000003278
power_theta100_rho4,power,100.0,4.0,-1.0,11,20131131,11,True,4,2,0.17379207710785113,0.2606881156617767,0.13034405783088834,0.29230576623063137,0.7,14.930415999998559
power_theta100_rho4,power,100.0,4.0,-1.0,10,20131130,15,False,2,0,0.0,0.0,0.0,0.0,0.0,13.699875000000361
power_theta100_rho4,power,100.0,4.0,-1.0,13,20131133,14,False,12,0,0.0,0.0,0.0,0.0,0.0,12.012792000000161
power_theta100_rho4,power,100.0,4.0,-1.0,0,20131120,19,True,14,3,0.18196283198653018,0.5155613572951688,0.11047743370610762,0.5222556834614348,0.9545186756215388,13.20945799999862
power_theta100_rho4,power,100.0,4.0,-1.0,15,20131135,13,False,0,0,1.0,1.0,1.0,1.0,1.0,12.540124999993907
power_theta100_rho4,power,100.0,4.0,-1.0,16,20131136,9,False,4,0,0.0,0.0,0.0,0.0,0.0,12.952957999999626
power_theta100_rho4,power,100.0,4.0,-1.0,22,20131142,6,False,7,0,0.0,0.0,0.0,0.0,0.0,13.164625000001706
power_theta100_rho4,power,100.0,4.0,-1.0,18,20131138,9,True,4,3,0.552377192530631,0.6444400579524029,0.48333004346430214,0.831105132079769,0.7342777536546533,12.156875000002287
power_theta100_rho4,power,100.0,4.0,-1.0,21,20131141,10,True,8,1,0.17761315744628997,0.7992592085083049,0.09990740106353811,0.9591110502099658,0.8333333333333334,13.549083999997436
power_theta100_rho4,power,100.0,4.0,-1.0,14,20131134,17,True,5,2,0.15541254513463865,0.2719719539856177,0.10878878159424707,0.34905182392489253,0.7764423076923077,13.49820799999435
power_theta100_rho4,power,100.0,4.0,-1.0,24,20131144,10,True,1,1,0.0,0.0,0.0,0.0015594269309201628,0.0,12.498499999999524
power_theta100_rho4,power,100.0,4.0,-1.0,27,20131147,5,False,6,0,0.0,0.0,0.0,0.0,0.0,13.059874999996168
power_theta100_rho4,power,100.0,4.0,-1.0,19,20131139,16,True,3,1,0.48047707307274024,0.9609541461454804,0.3203180487151601,0.9609541461454804,1.0,12.52979200000226
power_theta100_rho4,power,100.0,4.0,-1.0,28,20131148,6,False,2,0,0.0,0.0,0.0,0.0,0.0,13.967833999998902
power_theta100_rho4,power,100.0,4.0,-1.0,20,20131140,14,True,2,2,0.14232988038842384,0.14232988038842384,0.14232988038842384,0.17252221530661688,0.4166666666666667,12.589916000003143
power_theta100_rho4,power,100.0,4.0,-1.0,17,20131137,16,True,3,2,0.37245201471230854,0.46556501839038567,0.3103766789269238,0.5001580316520184,0.6166800320769847,13.683333000003017
power_theta100_rho4,power,100.0,4.0,-1.0,31,20131151,6,True,0,1,0.0,0.0,0.0,0.0,0.0,14.507208000004823
power_theta100_rho4,power,100.0,4.0,-1.0,26,20131146,17,False,1,0,0.0,0.0,0.0,0.0,0.0,12.744292000000712
power_theta100_rho4,power,100.0,4.0,-1.0,36,20131156,4,False,1,0,0.0,0.0,0.0,0.0,0.0,14.23329200000012
power_theta100_rho4,power,100.0,4.0,-1.0,35,20131155,6,False,0,0,1.0,1.0,1.0,1.0,1.0,11.927667000001918
power_theta100_rho4,power,100.0,4.0,-1.0,23,20131143,18,True,10,1,0.0022399481761812205,0.012319714968996712,0.0012319714968996713,0.012833036426038242,0.96,12.866625000000909
power_theta100_rho4,power,100.0,4.0,-1.0,25,20131145,19,False,11,0,0.0,0.0,0.0,0.0,0.0,13.099041000003808
power_theta100_rho4,power,100.0,4.0,-1.0,30,20131150,13,False,9,0,0.0,0.0,0.0,0.0,0.0,13.258000000000436
power_theta100_rho4,power,100.0,4.0,-1.0,29,20131149,13,True,10,2,0.006351591377698146,0.01905477413309444,0.0038109548266188876,0.04587583706507706,0.520776874435411,13.599207999995144
power_theta100_rho4,power,100.0,4.0,-1.0,34,20131154,10,False,7,0,0.0,0.0,0.0,0.0,0.0,14.92366600000139
power_theta100_rho4,power,100.0,4.0,-1.0,40,20131160,5,False,1,0,0.0,0.0,0.0,0.0,0.0,13.548833000001537
power_theta100_rho4,power,100.0,4.0,-1.0,37,20131157,11,True,6,1,0.00032406676207332916,0.001134233667256652,0.00018903894454277534,0.001134233667256652,1.0,12.346499999999594
power_theta100_rho4,power,100.0,4.0,-1.0,39,20131159,10,True,3,1,0.0,0.0,0.0,0.0014637039932763928,0.0,13.375582999998414
power_theta100_rho4,power,100.0,4.0,-1.0,38,20131158,15,True,8,2,0.07551259657689557,0.18878149144223896,0.04719537286055974,0.5284941011531412,0.554726368159204,13.033083000003387
power_theta100_rho4,power,100.0,4.0,-1.0,43,20131163,7,False,3,0,0.0,0.0,0.0,0.0,0.0,11.710417000003304
power_theta100_rho4,power,100.0,4.0,-1.0,32,20131152,18,True,4,3,0.1699430453959844,0.19826688629531516,0.14870016472148637,0.38651585604794186,0.5019762845849802,14.110417000004816
power_theta100_rho4,power,100.0,4.0,-1.0,33,20131153,18,True,4,1,0.051172405731819054,0.12793101432954765,0.03198275358238691,0.15991376791193454,0.8,13.53387500000025
power_theta100_rho4,power,100.0,4.0,-1.0,44,20131164,9,True,5,2,0.21581928814567766,0.3776837542549359,0.15107350170197437,0.44073710775624264,0.8434650455927051,12.743792000001974
power_theta100_rho4,power,100.0,4.0,-1.0,42,20131162,12,True,2,1,0.004056645182741422,0.006084967774112133,0.0030424838870560665,0.15212419435280333,0.04,11.736958000000186
power_theta100_rho4,power,100.0,4.0,-1.0,46,20131166,10,False,2,0,0.0,0.0,0.0,0.0,0.0,12.72604199999705
power_theta100_rho4,power,100.0,4.0,-1.0,47,20131167,10,True,2,1,0.38851638833703384,0.5827745825055508,0.2913872912527754,0.6425463345574022,0.9069767441860465,13.334374999999454
power_theta100_rho4,power,100.0,4.0,-1.0,41,20131161,14,True,6,1,0.24238573714511566,0.8483500800079048,0.14139168000131747,0.8483500800079048,1.0,13.840957999995851
power_theta100_rho4,power,100.0,4.0,-1.0,45,20131165,12,True,7,2,0.21908461915559585,0.49294039310009063,0.14084011231431162,0.5993373308065478,0.5364906832298136,12.388333000004081
power_theta100_rho4,power,100.0,4.0,-1.0,51,20131171,9,True,5,1,0.31266444941047633,0.937993348231429,0.1875986696462858,0.937993348231429,1.0,12.403249999998422
power_theta100_rho4,power,100.0,4.0,-1.0,50,20131170,10,False,5,0,0.0,0.0,0.0,0.0,0.0,12.452084000003083
power_theta100_rho4,power,100.0,4.0,-1.0,56,20131176,4,False,3,0,0.0,0.0,0.0,0.0,0.0,11.626917000000958
power_theta100_rho4,power,100.0,4.0,-1.0,55,20131175,6,False,0,0,1.0,1.0,1.0,1.0,1.0,11.98162499999711
power_theta100_rho4,power,100.0,4.0,-1.0,53,20131173,8,True,4,1,0.00019098352168614931,0.00047745880421537327,0.00011936470105384332,0.0004895463688790536,0.9753086419753086,12.473291999995695
power_theta100_rho4,power,100.0,4.0,-1.0,48,20131168,14,True,5,2,0.37708585865886657,0.6599002526530166,0.2639601010612066,0.7520419306681387,0.8330773169482847,11.699583000002178
power_theta100_rho4,power,100.0,4.0,-1.0,54,20131174,8,False,0,0,1.0,1.0,1.0,1.0,1.0,12.346041000000696
power_theta100_rho4,power,100.0,4.0,-1.0,58,20131178,8,True,4,1,0.375,0.9375,0.234375,1.0,0.9375,12.014540999999213
power_theta100_rho4,power,100.0,4.0,-1.0,49,20131169,17,True,3,2,0.31629306074607677,0.39536632593259596,0.26357755062173066,0.41682779623011756,0.9565217391304348,13.309124999999256
power_theta100_rho4,power,100.0,4.0,-1.0,52,20131172,12,True,11,1,0.16666666666666669,1.0,0.09090909090909091,1.0,1.0,11.464042000000063
power_theta100_rho4,power,100.0,4.0,-1.0,65,20131185,5,False,0,0,1.0,1.0,1.0,1.0,1.0,12.77716599999934
power_theta100_rho4,power,100.0,4.0,-1.0,57,20131177,13,False,17,0,0.0,0.0,0.0,0.0,0.0,12.25404200000213
power_theta100_rho4,power,100.0,4.0,-1.0,62,20131182,8,True,5,1,0.0040677831621148295,0.01220334948634449,0.002440669897268898,0.018305024229516735,0.6666666666666666,12.874459000002503
power_theta100_rho4,power,100.0,4.0,-1.0,67,20131187,4,False,0,0,1.0,1.0,1.0,1.0,1.0,11.929750000000183
power_theta100_rho4,power,100.0,4.0,-1.0,59,20131179,12,False,10,0,0.0,0.0,0.0,0.0,0.0,10.997125000002939
power_theta100_rho4,power,100.0,4.0,-1.0,66,20131186,10,True,6,1,0.041036415850511376,0.14362745547678982,0.023937909246131636,0.1485801263552998,0.9666666666666667,11.390499999997417
power_theta100_rho4,power,100.0,4.0,-1.0,69,20131189,4,False,0,0,1.0,1.0,1.0,1.0,1.0,10.474375000001146
power_theta100_rho4,power,100.0,4.0,-1.0,61,20131181,13,True,6,2,0.10563072794805421,0.21126145589610842,0.0704204852987028,0.33464484266824013,0.606060606060606,13.328541999996446
power_theta100_rho4,power,100.0,4.0,-1.0,60,20131180,18,False,2,0,0.0,0.0,0.0,0.0,0.0,14.334374999997124
power_theta100_rho4,power,100.0,4.0,-1.0,63,20131183,16,True,13,3,0.09540593114267593,0.2544158163804692,0.05871134224164673,0.580082553583723,0.34670231729055256,13.274666999997464
power_theta100_rho4,power,100.0,4.0,-1.0,76,20131196,10,True,3,1,0.4666666666666667,0.9333333333333333,0.3111111111111111,1.0,0.9333333333333333,12.25183299999344
power_theta100_rho4,power,100.0,4.0,-1.0,64,20131184,19,True,10,2,0.12392462801508729,0.3717738840452619,0.07435477680905238,0.5497318756201321,0.7358490566037736,12.726667000002578
power_theta100_rho4,power,100.0,4.0,-1.0,71,20131191,14,True,13,4,0.11292621604275938,0.23996820909086367,0.07383637202795805,0.36820067469654094,0.5038919413919414,13.014416999993728
power_theta100_rho4,power,100.0,4.0,-1.0,68,20131188,17,True,5,2,9.129853701103535e-05,0.00015977243976931187,6.390897590772475e-05,0.00021587947381561815,0.7401001908396947,12.30062500000173
power_theta100_rho4,power,100.0,4.0,-1.0,72,20131192,14,False,3,0,0.0,0.0,0.0,0.0,0.0,11.572916999995186
power_theta100_rho4,power,100.0,4.0,-1.0,78,20131198,9,True,0,2,0.0,0.0,0.0,0.0,0.0,12.491375000003302
power_theta100_rho4,power,100.0,4.0,-1.0,73,20131193,15,True,13,2,0.19774000894528038,0.7415250335448014,0.1140807743915079,0.8059228769918565,0.9281376518218624,13.047874999998044
power_theta100_rho4,power,100.0,4.0,-1.0,70,20131190,18,True,6,1,0.2748581219450817,0.9620034268077858,0.1603339044679643,0.9620034268077858,1.0,13.07137500000266
power_theta100_rho4,power,100.0,4.0,-1.0,75,20131195,15,True,7,1,0.18571207681061205,0.7428483072424483,0.1061211867489212,0.857132662202825,0.8666666666666667,12.749708999997722
power_theta100_rho4,power,100.0,4.0,-1.0,81,20131201,9,False,0,0,1.0,1.0,1.0,1.0,1.0,11.685958999997581
power_theta100_rho4,power,100.0,4.0,-1.0,79,20131199,17,True,10,1,0.15307272670584937,0.8418999968821717,0.08418999968821717,0.9621714250081962,0.875,14.659000000001754
power_theta100_rho4,power,100.0,4.0,-1.0,84,20131204,8,False,4,0,0.0,0.0,0.0,0.0,0.0,11.830375000002391
power_theta100_rho4,power,100.0,4.0,-1.0,74,20131194,21,True,9,1,0.08926529188197044,0.44632645940985216,0.049591828823316905,0.8926529188197043,0.5,13.39162499999702
power_theta100_rho4,power,100.0,4.0,-1.0,80,20131200,14,True,11,3,0.2570328305010894,0.5997432711692084,0.1635663466825114,0.6750694431655787,0.6733124538487001,13.513291999998955
power_theta100_rho4,power,100.0,4.0,-1.0,88,20131208,5,True,2,1,0.47620934282655936,0.7143140142398391,0.35715700711991955,0.7143140142398391,1.0,12.456499999998982
power_theta100_rho4,power,100.0,4.0,-1.0,77,20131197,19,True,16,1,0.11764705882352941,1.0,0.0625,1.0,1.0,13.790000000000191
power_theta100_rho4,power,100.0,4.0,-1.0,83,20131203,9,False,0,0,1.0,1.0,1.0,1.0,1.0,13.986334000001932
power_theta100_rho4,power,100.0,4.0,-1.0,85,20131205,10,True,7,2,0.24365107673668612,0.5482149226575437,0.1566328350450125,0.5538872664996076,0.9473684210526316,13.252000000001374
power_theta100_rho4,power,100.0,4.0,-1.0,89,20131209,7,True,9,2,0.3125566947054956,0.8595309104401129,0.19100686898669175,0.9785785294877319,0.8809523809523809,14.613124999996785
power_theta100_rho4,power,100.0,4.0,-1.0,82,20131202,15,True,9,2,0.30257395014517474,0.8320783628992305,0.18490630286649568,0.8677179188913787,0.9587542087542087,12.431749999997521
power_theta100_rho4,power,100.0,4.0,-1.0,86,20131206,15,False,3,0,0.0,0.0,0.0,0.0,0.0,12.385667000003764
power_theta100_rho4,power,100.0,4.0,-1.0,87,20131207,16,True,11,1,0.07469646647239868,0.4481787988343921,0.04074352716676292,0.7220658425665206,0.6206896551724138,12.77170899999902
power_theta100_rho4,power,100.0,4.0,-1.0,94,20131214,7,False,7,0,0.0,0.0,0.0,0.0,0.0,12.354542000004187
power_theta100_rho4,power,100.0,4.0,-1.0,97,20131217,10,True,8,2,0.1654211651720686,0.4135529129301715,0.10338822823254287,0.4597115265626675,0.79375,12.258916999996927
power_theta100_rho4,power,100.0,4.0,-1.0,98,20131218,12,True,4,2,0.27092056595706177,0.4063808489355927,0.20319042446779634,0.4088055788294225,0.9166666666666667,12.153000000004965
power_theta100_rho4,power,100.0,4.0,-1.0,91,20131211,16,False,5,0,0.0,0.0,0.0,0.0,0.0,12.359542000005774
power_theta100_rho4,power,100.0,4.0,-1.0,96,20131216,12,True,11,3,0.20367483482593188,0.47524128126050774,0.12961125852559302,0.5205751008500424,0.9112021857923498,12.175709000004531
power_theta100_rho4,power,100.0,4.0,-1.0,99,20131219,12,True,0,1,0.0,0.0,0.0,0.0,0.0,12.597374999998578
power_theta100_rho4,power,100.0,4.0,-1.0,90,20131210,19,True,11,3,0.11339268237712567,0.26458292554662655,0.07215897969453451,0.4442873276897224,0.6146953405017922,12.652124999995351
power_theta100_rho4,power,100.0,4.0,-1.0,95,20131215,14,True,16,3,0.23863518811158377,0.7556780956866819,0.14168964294125286,0.8118625745146432,0.9435876623376623,13.692875000003824
power_theta100_rho4,power,100.0,4.0,-1.0,92,20131212,17,True,10,1,0.09237635559551842,0.5080699557753513,0.05080699557753513,0.527122579116927,0.963855421686747,13.943749999995703
power_theta50_rho64,power,50.0,64.0,-1.0,96,20101216,177,True,37,4,0.03843804884589603,0.19699500033521714,0.021296756792996446,0.42525630223457955,0.4351190476190476,13.531415999999297
power_theta100_rho4,power,100.0,4.0,-1.0,93,20131213,21,True,2,1,0.6666666666666666,1.0,0.5,1.0,1.0,12.460791999998833
power_theta100_rho16,power,100.0,16.0,-1.0,3,20141123,24,False,9,0,0.0,0.0,0.0,0.0,0.0,12.503875000000164
power_theta100_rho16,power,100.0,16.0,-1.0,7,20141127,24,True,11,1,0.16666666666666669,1.0,0.09090909090909091,1.0,1.0,13.683207999996227
power_theta100_rho16,power,100.0,16.0,-1.0,2,20141122,38,True,17,1,0.008026389040546873,0.07223750136492184,0.004249264786171873,0.1135160735734486,0.6363636363636364,16.359583999999927
power_theta100_rho16,power,100.0,16.0,-1.0,13,20141133,37,True,9,1,0.17946156476031525,0.8973078238015764,0.09970086931128626,0.9293545317944898,0.9655172413793104,12.734749999999906
power_theta100_rho16,power,100.0,16.0,-1.0,15,20141135,28,True,18,3,0.035208633177702627,0.12323021612195917,0.020538369353659863,0.14573423374028197,0.6557377049180327,12.77625000000171
power_theta100_rho16,power,100.0,16.0,-1.0,5,20141125,42,True,13,1,0.0016451164031445506,0.011515814822011854,0.0008858319093855272,0.015834245380266298,0.7272727272727273,12.052415999995958
power_theta100_rho16,power,100.0,16.0,-1.0,0,20141120,54,True,11,4,0.2798217245894224,0.524665733605167,0.190787539492788,0.6718303224630262,0.8082166199813259,13.825582999999142
power_theta100_rho16,power,100.0,16.0,-1.0,4,20141124,49,True,22,2,0.05065560621963571,0.3039336373178143,0.027630330665255845,0.5153310491005461,0.5897832817337462,13.852792000001557
power_theta100_rho16,power,100.0,16.0,-1.0,1,20141121,53,True,24,5,0.1582873408407596,0.4590332884382029,0.09563193509129227,0.5472289281552639,0.7897446808510638,12.627666999996734
power_theta100_rho16,power,100.0,16.0,-1.0,12,20141132,45,True,17,4,0.17979337501689302,0.47195760941934417,0.1110488492751398,0.5307510835937296,0.6038676345075032,12.0248750000016
power_theta100_rho16,power,100.0,16.0,-1.0,11,20141131,47,True,7,2,0.10275810348092966,0.23120573283209173,0.06605878080916906,0.39841208056256483,0.5902777777777778,12.352458999998817
power_theta100_rho16,power,100.0,16.0,-1.0,8,20141128,50,False,24,0,0.0,0.0,0.0,0.0,0.0,11.641875000002244
power_theta100_rho16,power,100.0,16.0,-1.0,6,20141126,54,True,9,3,0.2569447123922803,0.5138894247845606,0.17129647492818684,0.6720090829042187,0.8418803418803419,12.596750000000156
power_theta100_rho16,power,100.0,16.0,-1.0,9,20141129,55,True,31,4,0.11783662190632589,0.5155352208401759,0.06652067365679688,0.6882300839846742,0.6486008177868643,12.898625000005381
power_theta100_rho16,power,100.0,16.0,-1.0,14,20141134,49,True,22,2,0.04093674527257688,0.24562047163546125,0.022329133785041932,0.27604564272664156,0.898989898989899,11.951791999997852
power_theta100_rho16,power,100.0,16.0,-1.0,17,20141137,33,True,13,3,0.1207282250299666,0.32194193341324423,0.07429429232613328,0.7027325344935762,0.5416613644397313,13.53733300000215
power_theta100_rho16,power,100.0,16.0,-1.0,10,20141130,53,True,12,1,0.1103912885510604,0.7175433755818926,0.05979528129849105,0.7175433755818926,1.0,12.703666999996699
power_theta100_rho16,power,100.0,16.0,-1.0,16,20141136,42,True,20,2,0.11831593007915384,0.6507376154353461,0.06507376154353461,0.7231512459361931,0.8968253968253967,12.19112500000108
power_theta100_rho16,power,100.0,16.0,-1.0,19,20141139,36,True,31,3,0.07188820421522674,0.40736649055295154,0.03942256360189854,0.7430378392044273,0.4311592832192083,12.001250000004404
power_theta100_rho16,power,100.0,16.0,-1.0,22,20141142,34,True,6,1,0.0005906595738203953,0.0020673085083713835,0.00034455141806189724,0.005119049639776759,0.40384615384615385,11.967916999999773
power_theta100_rho16,power,100.0,16.0,-1.0,27,20141147,30,True,24,3,0.13906373929303928,0.6257868268186767,0.07822335335233459,0.7164861305310671,0.8289241622574955,12.588915999998562
power_theta100_rho16,power,100.0,16.0,-1.0,30,20141150,38,True,12,2,0.004964688730321142,0.017376410556123996,0.002896068426020666,0.041080878130068124,0.5135869565217391,13.398916000006977
power_theta100_rho16,power,100.0,16.0,-1.0,18,20141138,48,True,22,2,0.06661710106684814,0.3997026064010888,0.036336600581917164,0.6062000595312061,0.6045534924845269,12.428208000002883
power_theta100_rho16,power,100.0,16.0,-1.0,21,20141141,49,True,29,4,0.09075744098125386,0.3743744440476722,0.051637854351403056,0.39487513351921966,0.7393018018018017,12.198417000000461
power_theta100_rho16,power,100.0,16.0,-1.0,25,20141145,45,True,19,5,0.1906683110028393,0.4576039464068143,0.12042209115968797,0.4766107209786169,0.9020797448165869,12.13983399999563
power_theta100_rho16,power,100.0,16.0,-1.0,23,20141143,49,True,27,2,0.028898524353293844,0.20951430156138037,0.015519577893435584,0.3952632648618766,0.5380952380952381,12.998916999997334
power_theta100_rho16,power,100.0,16.0,-1.0,29,20141149,40,True,24,2,0.09677259677259675,0.629021879021879,0.052418489918489915,1.0,0.629021879021879,13.732333000000096
power_theta100_rho16,power,100.0,16.0,-1.0,24,20141144,53,False,14,0,0.0,0.0,0.0,0.0,0.0,12.092124999995235
power_theta100_rho16,power,100.0,16.0,-1.0,33,20141153,30,True,4,2,0.04197330600231585,0.06295995900347377,0.031479979501736886,0.22521550820241507,0.5212418300653594,14.937708000005046
power_theta100_rho16,power,100.0,16.0,-1.0,31,20141151,42,True,17,4,0.16038524916980998,0.4210112790707512,0.09906147742841205,0.5310085899349488,0.5996974916092563,12.469457999998212
power_theta100_rho16,power,100.0,16.0,-1.0,32,20141152,43,True,20,1,0.06231103709350924,0.654265889481847,0.03271329447409235,0.9297462640005194,0.7037037037037037,12.059292000003552
power_theta100_rho16,power,100.0,16.0,-1.0,26,20141146,54,True,13,3,0.11889753200880299,0.31706008535680796,0.07316771200541722,0.5266828451245458,0.4807852965747703,13.263000000002023
power_theta100_rho16,power,100.0,16.0,-1.0,36,20141156,33,True,15,5,0.1375027790241895,0.275005558048379,0.09166851934945967,0.5132574196642679,0.5126298701298702,13.078499999998883
power_theta100_rho16,power,100.0,16.0,-1.0,20,20141140,70,True,26,4,0.08322401091446693,0.312090040929251,0.048013852450654,0.5369438294499115,0.5682372505543237,12.095207999998081
power_theta100_rho16,power,100.0,16.0,-1.0,28,20141148,59,True,15,3,0.16818613858748752,0.5045584157624626,0.10091168315249252,0.7058350833435142,0.6457575757575758,13.869083999999532
power_theta100_rho16,power,100.0,16.0,-1.0,38,20141158,35,True,12,1,0.026512358402382898,0.17233032961548883,0.014360860801290736,0.28721721602581474,0.6,13.817166999999131
power_theta100_rho16,power,100.0,16.0,-1.0,37,20141157,35,True,11,4,0.28372765443088216,0.5319893520579041,0.1934506734756015,0.5565618485043501,0.9418032786885246,13.575166999999055
power_theta100_rho16,power,100.0,16.0,-1.0,35,20141155,46,True,13,4,0.14490584194277917,0.3079249141284057,0.09474612742412483,0.46449753162192997,0.4932843137254902,11.99024999999665
power_theta100_rho16,power,100.0,16.0,-1.0,40,20141160,37,True,19,1,0.00023738891019640137,0.002373889101964014,0.00012494153168231652,0.003798222563142423,0.625,11.161082999997518
power_theta100_rho16,power,100.0,16.0,-1.0,34,20141154,56,True,26,1,0.07156098683137499,0.9660733222235625,0.03715666623936779,0.9660733222235625,1.0,12.973707999996975
power_theta100_rho16,power,100.0,16.0,-1.0,45,20141165,35,True,12,3,0.31451224225045293,0.7862806056261323,0.19657015140653308,0.8527556302661331,0.9285714285714285,12.843457999998975
power_theta100_rho16,power,100.0,16.0,-1.0,50,20141170,20,False,6,0,0.0,0.0,0.0,0.0,0.0,12.056000000001177
power_theta100_rho16,power,100.0,16.0,-1.0,53,20141173,16,False,4,0,0.0,0.0,0.0,0.0,0.0,12.259959000004983
power_theta100_rho16,power,100.0,16.0,-1.0,39,20141159,50,True,26,5,0.16101208427208283,0.4991374612434568,0.09598797331604939,0.5685203098766872,0.8227450980392158,12.663917000004687
power_theta100_rho16,power,100.0,16.0,-1.0,46,20141166,38,True,15,2,0.18324116102283958,0.7787749343470682,0.10383665791294243,0.9363091809224108,0.8424657534246576,11.639875000000188
power_theta100_rho16,power,100.0,16.0,-1.0,41,20141161,57,True,25,4,0.16181387021479163,0.5865752795286198,0.09385204472457916,0.6468951397380167,0.8313492063492064,13.359624999999653
power_theta100_rho16,power,100.0,16.0,-1.0,44,20141164,56,True,24,3,0.07826012317263302,0.35217055427684857,0.04402131928460607,0.49430498728024136,0.6980056980056979,12.432374999995943
power_theta100_rho16,power,100.0,16.0,-1.0,43,20141163,56,True,27,4,0.0895130578212698,0.34686309905742047,0.051387125786284515,0.4439790633218458,0.6729923608327635,13.414749999995479
power_theta100_rho16,power,100.0,16.0,-1.0,51,20141171,42,True,31,2,0.045774124344235945,0.3776365258399465,0.024363646828383646,0.6220747766886445,0.6405375139977604,23.848499999999717
power_theta100_rho16,power,100.0,16.0,-1.0,48,20141168,40,True,22,1,0.05626598465473147,0.6470588235294118,0.029411764705882356,1.0,0.6470588235294118,19.19600000000088
power_theta100_rho16,power,100.0,16.0,-1.0,42,20141162,61,True,15,2,0.17647058823529416,0.75,0.1,0.75,1.0,18.07900000000018
power_theta100_rho16,power,100.0,16.0,-1.0,58,20141178,33,True,4,1,0.15973579050141187,0.39933947625352967,0.09983486906338242,0.9317921112582359,0.42857142857142855,12.934874999999124
power_theta100_rho16,power,100.0,16.0,-1.0,52,20141172,45,True,12,2,0.09030898488669808,0.31608144710344327,0.05268024118390721,0.6304495247059363,0.3857142857142857,13.791375000003825
power_theta100_rho16,power,100.0,16.0,-1.0,49,20141169,49,True,34,3,0.06523972951196381,0.4023116653237769,0.03549808811680384,0.8061513271539272,0.5179573512906847,12.104166999996835
power_theta100_rho16,power,100.0,16.0,-1.0,47,20141167,54,True,36,2,0.02920415084289716,0.27743943300752305,0.01541330183375128,0.3877144008350294,0.7843137254901961,13.158625000002644
power_theta100_rho16,power,100.0,16.0,-1.0,55,20141175,44,True,11,2,0.21378871436174926,0.6948133216756851,0.12632969485012457,0.75696647987157,0.9248271889400921,13.663665999999353
power_theta50_rho64,power,50.0,64.0,-1.0,98,20101218,214,True,70,6,0.05990215500482132,0.37938031503053504,0.032518312716903,0.4720891938518726,0.8049603174603174,13.819250000004502
power_theta100_rho16,power,100.0,16.0,-1.0,59,20141179,41,True,20,3,0.046800488875204264,0.17940187402161634,0.02691028110324245,0.2377442591215554,0.7775543265739344,12.899875000002226
power_theta100_rho16,power,100.0,16.0,-1.0,57,20141177,51,True,18,1,0.0,0.0,0.0,0.003698738630943176,0.0,13.720667000001185
power_theta100_rho16,power,100.0,16.0,-1.0,68,20141188,30,False,21,0,0.0,0.0,0.0,0.0,0.0,12.199000000002513
power_theta100_rho16,power,100.0,16.0,-1.0,64,20141184,39,True,7,1,0.22811708266219277,0.9124683306487711,0.13035261866411016,0.9124683306487711,1.0,11.919124999998587
power_theta100_rho16,power,100.0,16.0,-1.0,65,20141185,41,True,25,1,0.031883031344394484,0.4144794074771282,0.01657917629908513,0.5275192458799813,0.7857142857142857,11.42145800000094
power_theta100_rho16,power,100.0,16.0,-1.0,62,20141182,42,True,18,4,0.1697581039605481,0.46683478589150723,0.10374106353144605,0.5109569201903794,0.8768126780626782,12.412416000003645
power_theta100_rho16,power,100.0,16.0,-1.0,71,20141191,32,True,15,1,0.029373277807885952,0.23498622246308762,0.01566574816420584,0.23498622246308762,1.0,12.268957999999941
power_theta100_rho16,power,100.0,16.0,-1.0,67,20141187,42,True,13,2,0.10494890685239909,0.3935584006964966,0.06054744626099948,0.5344620080157241,0.4808467741935484,11.493124999994109
power_theta100_rho16,power,100.0,16.0,-1.0,60,20141180,52,True,17,3,0.14938109516238643,0.4979369838746213,0.0878712324484626,0.6510543101025054,0.746031746031746,11.826624999997648
power_theta100_rho16,power,100.0,16.0,-1.0,56,20141176,70,True,35,4,0.12847911525114067,0.6263356868493107,0.07158122135420694,0.7300743401877857,0.8675595238095238,12.928958999999907
power_theta100_rho16,power,100.0,16.0,-1.0,61,20141181,62,True,16,2,0.05967965234846488,0.26855843556809195,0.03356980444601149,0.5111871737531517,0.27906976744186046,11.168209000004481
power_theta100_rho16,power,100.0,16.0,-1.0,69,20141189,50,True,38,3,0.07398664818888573,0.5055754292907192,0.03991384968084625,0.5480224704047695,0.9228395061728395,14.732791000000134
power_theta100_rho16,power,100.0,16.0,-1.0,54,20141174,74,True,27,3,0.05051544847024274,0.25257724235121365,0.02806413803902374,0.2619532500086912,0.9518581779782673,12.986249999997312
power_theta100_rho16,power,100.0,16.0,-1.0,70,20141190,51,True,21,3,0.10734382867390425,0.429375314695617,0.06133933067080243,0.543857778942737,0.6774011299435028,12.161208000001977
power_theta100_rho16,power,100.0,16.0,-1.0,63,20141183,62,True,21,3,0.10081037887704127,0.40324151550816506,0.05760593078688073,0.7523064881988422,0.4444092988778979,12.265334000005623
power_theta100_rho16,power,100.0,16.0,-1.0,72,20141192,57,True,24,1,0.0002267871708410177,0.002834839635512721,0.00011811831814636338,0.011622842505602157,0.24390243902439024,13.071041999999977
power_theta100_rho16,power,100.0,16.0,-1.0,77,20141197,43,True,17,1,0.029901169914598055,0.2691105292313825,0.015830031131257794,0.30421190260938896,0.8846153846153846,14.308249999999134
power_theta100_rho16,power,100.0,16.0,-1.0,73,20141193,50,True,15,1,0.07037497294474779,0.5629997835579823,0.037533318903865485,0.6166188105635044,0.9130434782608695,13.40912499999547
power_theta100_rho16,power,100.0,16.0,-1.0,80,20141200,38,True,26,1,0.02638742194126222,0.35623019620704,0.013701161392578461,0.5145547278546133,0.6923076923076923,14.391040999996108
power_theta100_rho16,power,100.0,16.0,-1.0,75,20141195,51,True,19,1,0.026553812970313544,0.26553812970313545,0.013975691037007128,0.2757511346917176,0.9629629629629629,12.329082999997354
power_theta100_rho16,power,100.0,16.0,-1.0,76,20141196,49,True,21,3,0.1055800268629508,0.4223201074518032,0.06033144392168617,0.5581225765876057,0.8641975308641975,12.009249999998417
power_theta100_rho16,power,100.0,16.0,-1.0,85,20141205,27,False,14,0,0.0,0.0,0.0,0.0,0.0,12.06716600000135
power_theta100_rho16,power,100.0,16.0,-1.0,66,20141186,70,True,25,1,0.07422402159244265,0.9649122807017544,0.03859649122807018,1.0,0.9649122807017544,11.741916999994828
power_theta100_rho16,power,100.0,16.0,-1.0,74,20141194,61,True,27,4,0.08159620046393538,0.31618527679774966,0.046842263229296244,0.4417729033510429,0.5079123250830453,14.966416999996568
power_theta100_rho16,power,100.0,16.0,-1.0,86,20141206,38,False,8,0,0.0,0.0,0.0,0.0,0.0,11.766041000001337
power_theta100_rho16,power,100.0,16.0,-1.0,82,20141202,43,True,23,2,0.15272727272727274,0.9545454545454546,0.08300395256916997,1.0,0.9545454545454546,13.185374999999055
power_theta100_rho16,power,100.0,16.0,-1.0,87,20141207,34,True,20,2,0.015183877035132439,0.08351132369322842,0.008351132369322842,0.15272849307897027,0.5458333333333334,12.60474999999417
power_theta100_rho16,power,100.0,16.0,-1.0,91,20141211,40,True,10,1,0.04714625113528428,0.2593043812440635,0.025930438124406353,0.518608762488127,0.5,12.000000000000455
power_theta100_rho16,power,100.0,16.0,-1.0,94,20141214,34,True,9,2,0.15171430295911612,0.4172143331375693,0.09271429625279318,0.44007130652526344,0.4911158493248045,12.997957999999699
power_theta100_rho16,power,100.0,16.0,-1.0,97,20141217,26,False,20,0,0.0,0.0,0.0,0.0,0.0,17.26787500000171
power_theta100_rho16,power,100.0,16.0,-1.0,81,20141201,62,True,12,3,0.08264076331955178,0.20660190829887945,0.05165047707471986,0.24104026776670553,0.6627090301003344,12.815000000003351
power_theta100_rho16,power,100.0,16.0,-1.0,83,20141203,60,True,30,3,0.12634102162030897,0.6948756189116994,0.06948756189116993,0.8730941220231002,0.8090909090909091,12.864874999998221
power_theta100_rho16,power,100.0,16.0,-1.0,90,20141210,48,True,33,1,0.006326761441335325,0.10755494450270055,0.003259240742506077,0.2996173454003801,0.358974358974359,13.028541000004168
power_theta100_rho16,power,100.0,16.0,-1.0,93,20141213,44,True,16,2,0.16224917507802275,0.7301212878511024,0.0912651609813878,0.7645370178940547,0.9435096153846154,13.68929100000571
power_theta100_rho16,power,100.0,16.0,-1.0,92,20141212,49,True,14,1,0.023099821424218663,0.17324866068163997,0.012374904334402855,0.2183407778453545,0.7934782608695652,12.046957999999108
power_theta100_rho16,power,100.0,16.0,-1.0,95,20141215,41,True,12,7,0.4471711051780444,0.6068750713130603,0.35401045826595184,0.6335479674845086,0.9142008215246232,14.66299999999876
power_theta100_rho16,power,100.0,16.0,-1.0,78,20141198,79,True,32,2,0.020409978105941418,0.17348481390050205,0.010842800868781378,0.3000078779993084,0.6411483253588517,12.744290999997077
power_theta100_rho16,power,100.0,16.0,-1.0,96,20141216,40,True,25,3,0.05445631625153744,0.25412947584050805,0.030495537100860965,0.5174584715493894,0.30995715670638274,13.342125000001204
power_theta100_rho16,power,100.0,16.0,-1.0,88,20141208,55,True,43,1,0.0035444528851798613,0.07797796347395695,0.0018134410110222548,0.3119118538958278,0.25,12.46579200000042
power_theta100_rho16,power,100.0,16.0,-1.0,79,20141199,76,True,26,1,0.06479741136195682,0.8747650533864171,0.03364480974563143,0.8747650533864171,1.0,14.850916999996855
power_theta100_rho16,power,100.0,16.0,-1.0,84,20141204,73,True,42,4,0.04902445316960182,0.28189060572521046,0.02684672435478195,0.5224998907641049,0.6559695005971602,12.597542000001738
power_theta100_rho16,power,100.0,16.0,-1.0,89,20141209,62,True,25,4,0.12116833937955863,0.4392352302509001,0.07027763684014401,0.4832821893845327,0.8109398496240601,13.172124999996981
power_theta100_rho16,power,100.0,16.0,-1.0,99,20141219,42,True,25,2,0.03456596241096829,0.23332024627403597,0.01866561970192288,0.41413595254291213,0.4766081871345029,13.439624999996624
power_theta100_rho16,power,100.0,16.0,-1.0,98,20141218,53,True,21,2,0.006624833915470317,0.03809279501395432,0.0036278852394242213,0.0935196358573746,0.4821428571428571,12.915708000001302
power_theta100_rho64,power,100.0,64.0,-1.0,1,20151121,91,True,45,1,0.035805626598465465,0.8235294117647058,0.01830065359477124,1.0,0.8235294117647058,11.448000000001457
power_theta100_rho64,power,100.0,64.0,-1.0,6,20151126,127,True,38,4,0.055011319716705365,0.2888094285127032,0.03040099247502139,0.3195609225484655,0.8018973214285714,12.415916999998444
power_theta100_rho64,power,100.0,64.0,-1.0,3,20151123,143,True,57,5,0.06265819081183849,0.3884807830333986,0.03407726166959637,0.6204780218417533,0.5606508606508607,13.004833000003657
power_theta100_rho64,power,100.0,64.0,-1.0,8,20151128,135,True,34,3,0.07959201025292555,0.4908173965597076,0.04330741734350361,0.6088594113494298,0.6935483870967741,12.368833000003576
power_theta100_rho64,power,100.0,64.0,-1.0,5,20151125,144,True,35,3,0.05807727558242332,0.3678227453553477,0.03152766388760123,0.5939864974223898,0.5438808373590982,12.25625000000008
power_theta100_rho64,power,100.0,64.0,-1.0,9,20151129,147,True,77,3,0.01922049401674713,0.2562732535566284,0.009984672216492015,0.4798121170401363,0.48255696713046986,12.447000000001651
power_theta100_rho64,power,100.0,64.0,-1.0,15,20151135,146,True,68,4,0.034241015495401095,0.3081691394586098,0.018127596438741754,0.4708133824070885,0.6931477489257809,13.17704200000236
power_theta100_rho64,power,100.0,64.0,-1.0,4,20151124,157,True,56,1,0.024110718636499627,0.6871554811402394,0.01227063359178999,0.7314880928267065,0.9393939393939394,11.658416999999588
power_theta100_rho64,power,100.0,64.0,-1.0,10,20151130,160,True,76,3,0.018331103273248394,0.24135952643110384,0.009527349727543573,0.6579736164704378,0.3527777777777778,12.541665999997065
power_theta100_rho64,power,100.0,64.0,-1.0,2,20151122,167,True,96,3,0.029138580141909974,0.48078657234151456,0.01502458038567233,0.7392775931761012,0.5862433862433862,12.020499999998435
power_theta100_rho64,power,100.0,64.0,-1.0,12,20151132,169,True,72,4,0.02822905134050461,0.26817598773479373,0.014898665985266318,0.5322452705722704,0.4803763440860215,13.525917000002607
power_theta100_rho64,power,100.0,64.0,-1.0,14,20151134,168,True,46,2,0.0026184175710766678,0.03142101085292001,0.0013661309066486961,0.1796638724409376,0.2311212814645309,12.523917000002882
power_theta100_rho64,power,100.0,64.0,-1.0,7,20151127,182,True,52,3,0.027238433524883088,0.24968564064476162,0.014404940806428556,0.3286116719505892,0.6544117647058824,12.265375000005463
power_theta100_rho64,power,100.0,64.0,-1.0,16,20151136,165,True,115,4,0.019472790083761893,0.28965775249595815,0.01007505226072898,0.41831477917431886,0.5862196626902509,12.287167000003762
power_theta100_rho64,power,100.0,64.0,-1.0,0,20151120,190,True,93,3,0.052422636527635576,0.8387621844421691,0.02705684465942481,1.0,0.8387621844421691,14.587374999997849
power_theta100_rho64,power,100.0,64.0,-1.0,13,20151133,203,True,112,3,0.0293476728198252,0.5624970623799829,0.015066885599463828,0.8193273454582726,0.6769230769230768,12.551999999999452
power_theta100_rho64,power,100.0,64.0,-1.0,23,20151143,120,True,35,3,0.08438333355730467,0.5344277791962629,0.045808095359679675,0.7091017193382193,0.7339008859357697,12.783249999998247
power_theta100_rho64,power,100.0,64.0,-1.0,11,20151131,209,True,74,5,0.08555596774077773,0.675892145152144,0.04566838818595568,0.7985970338091178,0.8681447963800905,13.901499999995792
power_theta100_rho64,power,100.0,64.0,-1.0,18,20151138,157,True,37,2,0.0364055085577204,0.3549537084377739,0.019186686942582375,0.6485636015555949,0.42794117647058827,12.661250000000734
power_theta100_rho64,power,100.0,64.0,-1.0,19,20151139,157,True,48,4,0.10010140380045975,0.6506591247029884,0.05422159372524903,0.6875115788219348,0.7700892857142857,12.808207999995602
power_theta100_rho64,power,100.0,64.0,-1.0,17,20151137,171,True,56,3,0.054879408708560416,0.5396475189675107,0.028909688516116645,0.7699286614362298,0.7319347319347319,12.53200000000021
power_theta100_rho64,power,100.0,64.0,-1.0,24,20151144,152,True,54,4,0.05629930084295479,0.40816993111142225,0.030234809711957203,0.5932203390963993,0.6848385989010989,12.914375000001144
power_theta100_rho64,power,100.0,64.0,-1.0,25,20151145,154,True,40,6,0.1444075011247066,0.5535620876447086,0.0830343131467063,0.610903861195916,0.7434062850729517,12.440208000001007
power_theta100_rho64,power,100.0,64.0,-1.0,22,20151142,161,True,54,4,0.03158989234564191,0.22902671950590384,0.016964942185622507,0.4207225950142593,0.4113763108443959,12.73166600000053
power_theta100_rho64,power,100.0,64.0,-1.0,20,20151140,169,True,87,3,0.03254010819086959,0.48810162286304387,0.016831090443553236,0.9052920555674712,0.5321751025991792,12.134750000001304
power_theta100_rho64,power,100.0,64.0,-1.0,21,20151141,178,True,57,6,0.09110042691429282,0.4782772413000373,0.05034497276842498,0.6218548305883705,0.7025553635432669,12.29520900000125
power_theta100_rho64,power,100.0,64.0,-1.0,26,20151146,160,True,33,4,0.1116717208349412,0.516481708861603,0.06260384349837612,0.6647321623218034,0.6672033392963626,12.627916999996103
power_theta100_rho64,power,100.0,64.0,-1.0,27,20151147,163,True,72,5,0.03559383784469589,0.2740725514041584,0.019032816069733224,0.49519559227854265,0.5062613981762918,12.838666000000387
power_theta100_rho64,power,100.0,64.0,-1.0,29,20151149,140,True,57,2,0.01149638162853552,0.16957162902089895,0.005949881720031542,0.3623129309353441,0.4375,13.53729200000231
power_theta100_rho64,power,100.0,64.0,-1.0,28,20151148,164,True,63,3,0.013720434028381056,0.15092477431219162,0.007186894014866267,0.2288733841739862,0.392825311942959,12.328917000004935
power_theta100_rho64,power,100.0,64.0,-1.0,33,20151153,132,True,59,5,0.0705118577586981,0.45127588965566784,0.038243719462344734,0.6900030478614447,0.5969203513693069,15.042791999995586
power_theta100_rho64,power,100.0,64.0,-1.0,34,20151154,143,True,68,2,0.012793097001350283,0.22387919752362995,0.006584682280106763,0.2722944001023282,0.7166666666666667,11.427999999995109
power_theta100_rho64,power,100.0,64.0,-1.0,32,20151152,161,True,42,5,0.11914296694480506,0.5599719446405838,0.06666332674292665,0.7107280896959937,0.7434391534391535,17.60183300000051
power_theta100_rho64,power,100.0,64.0,-1.0,35,20151155,150,True,61,3,0.046738942642196545,0.49854872151676305,0.024518789582791627,0.6894505580267044,0.7584541062801932,36.34320799999813
power_theta100_rho64,power,100.0,64.0,-1.0,36,20151156,155,True,49,2,0.01228527660266217,0.15663727668394267,0.00639335823199766,0.2706533885136181,0.38778409090909094,13.53170899999867
power_theta100_rho64,power,100.0,64.0,-1.0,41,20151161,126,True,52,4,0.07794184363158307,0.5455929054210815,0.04196868503239089,0.77360594927224,0.7174196981424148,16.225000000005707
power_theta100_rho64,power,100.0,64.0,-1.0,30,20151150,209,True,73,6,0.056057766457631476,0.3690469625127406,0.030332627055841693,0.6366019765892128,0.5381353592822858,15.921000000005847
power_theta100_rho64,power,100.0,64.0,-1.0,43,20151163,140,True,75,1,0.007474137179527622,0.28401721282204967,0.0037868961709606624,0.5049194894614216,0.5625,13.672957999993685
power_theta100_rho64,power,100.0,64.0,-1.0,42,20151162,150,True,38,4,0.08017432559449512,0.4209152093710994,0.044306864144326254,0.5830185397297218,0.504879679144385,15.505666000002805
power_theta100_rho64,power,100.0,64.0,-1.0,39,20151159,163,True,76,2,0.018783161465033234,0.3662716485681481,0.009638727593898633,0.5113646662683206,0.4795783926218709,13.418667000003381
power_theta100_rho64,power,100.0,64.0,-1.0,37,20151157,175,True,62,2,0.03139214777782467,0.5022743644451947,0.016202398853070798,0.5097177389931047,0.6170212765957447,13.124750000002905
power_theta100_rho64,power,100.0,64.0,-1.0,40,20151160,167,True,48,3,0.05364961454873581,0.45602172366425436,0.028501357729015898,0.5080841938701977,0.6560993696700037,15.614374999998404
power_theta100_rho64,power,100.0,64.0,-1.0,31,20151151,212,True,101,7,0.03935675064678479,0.3036092192751969,0.021042223118082955,0.5092189058959242,0.601633358554726,18.585040999994362
power_theta100_rho64,power,100.0,64.0,-1.0,38,20151158,181,True,58,4,0.04214668570746646,0.326636814232865,0.022526676843645864,0.5502078688752653,0.5015475912132447,14.823291999995547
power_theta100_rho64,power,100.0,64.0,-1.0,44,20151164,151,True,62,3,0.034109734427294536,0.3695221229623575,0.017880102723985037,0.613002482071179,0.5298382173382173,15.25916599999988
power_theta100_rho64,power,100.0,64.0,-1.0,46,20151166,168,True,28,5,0.08989203780637937,0.29664372476105194,0.052972093707330706,0.42304346105409546,0.69202979998143,13.957625000003304
power_theta100_rho64,power,100.0,64.0,-1.0,47,20151167,171,True,56,4,0.05632354340134829,0.42242657551011215,0.03017332682215087,0.6664112990770455,0.5504543779191666,17.011000000003662
power_theta100_rho64,power,100.0,64.0,-1.0,45,20151165,178,True,81,2,0.02423680767278919,0.5029137592103757,0.012417623684206808,0.6988012167915498,0.6083333333333334,19.83195900000112
power_theta100_rho64,power,100.0,64.0,-1.0,48,20151168,167,True,43,3,0.08501456623164913,0.65177834110931,0.04547290751925419,0.7014853056819111,0.9081651984465283,13.432041999998034
power_theta100_rho64,power,100.0,64.0,-1.0,53,20151173,133,True,34,7,0.16418700621487656,0.48083337534356707,0.09899510668838146,0.638707542522093,0.6832539783242895,14.84233300000426
power_theta100_rho64,power,100.0,64.0,-1.0,50,20151170,161,True,63,6,0.031058860960202155,0.17858845052116237,0.017008423859158323,0.4055383887869564,0.4131855069355069,15.05391599999939
power_theta100_rho64,power,100.0,64.0,-1.0,52,20151172,145,True,39,3,0.10512293464552057,0.735860542518644,0.056604657116818766,0.8807851587635462,0.8216374269005847,11.242707999997492
power_theta100_rho64,power,100.0,64.0,-1.0,51,20151171,155,True,69,4,0.0414052675371108,0.37782306627613604,0.021902786450790496,0.6267556235500542,0.5731235139129875,15.172040999999581
power_theta100_rho64,power,100.0,64.0,-1.0,49,20151169,170,True,76,3,0.006625218037312266,0.08723203749127817,0.0034433699009715065,0.5539297714721961,0.20375106564364875,12.630207999997367
power_theta100_rho64,power,100.0,64.0,-1.0,57,20151177,154,True,49,3,0.051879344530154706,0.4496209859280074,0.027527815464980048,0.8183464030627866,0.5274725274725275,12.832625000001485
power_theta100_rho64,power,100.0,64.0,-1.0,55,20151175,160,True,56,4,0.06653699540432385,0.4990274655324289,0.035644818966602064,0.7535039383139088,0.5953174104336895,14.38287500000257
power_theta100_rho64,power,100.0,64.0,-1.0,56,20151176,159,True,48,5,0.10414378287107438,0.5519620492166941,0.05749604679340564,0.8512339770058095,0.6682079414838036,15.83450000000397
power_theta100_rho64,power,100.0,64.0,-1.0,54,20151174,180,True,59,4,0.027558322626633283,0.21702179068473712,0.01471334174133811,0.38109402266317227,0.47348948880822744,13.185542000002215
power_theta100_rho64,power,100.0,64.0,-1.0,59,20151179,155,True,49,4,0.021331392361946904,0.14132047439789824,0.011536365256971284,0.33139514053040725,0.38946952805648455,13.418584000000067
power_theta100_rho64,power,100.0,64.0,-1.0,58,20151178,163,True,106,4,0.024150898800824033,0.33207485851133045,0.012531126736276621,0.5414394063822192,0.5423395135566188,12.510374999997964
power_theta100_rho64,power,100.0,64.0,-1.0,61,20151181,155,False,59,0,0.0,0.0,0.0,0.0,0.0,10.718375000003277
power_theta100_rho64,power,100.0,64.0,-1.0,60,20151180,172,True,93,4,0.016319747225603205,0.19787693511043886,0.008510835918728553,0.36378041212659185,0.545160999639553,16.302958000004253
power_theta100_rho64,power,100.0,64.0,-1.0,65,20151185,128,True,74,7,0.07132667773549554,0.41267577832679564,0.03903689794983202,0.7211518611044415,0.5678292856864285,14.815583000000743
power_theta100_rho64,power,100.0,64.0,-1.0,64,20151184,150,False,53,0,0.0,0.0,0.0,0.0,0.0,11.445874999999717
power_theta100_rho64,power,100.0,64.0,-1.0,63,20151183,163,True,70,3,0.01911486420480148,0.23256418115841795,0.00996703633536077,0.36331676836487503,0.6117724867724867,13.356708999999967
power_theta100_rho64,power,100.0,64.0,-1.0,62,20151182,160,True,70,5,0.061039856971875986,0.4577989272890699,0.03269992337779071,0.7704699745387456,0.6519917257683214,13.854541999997139
power_theta100_rho64,power,100.0,64.0,-1.0,67,20151187,164,True,53,5,0.08206208047098908,0.47596006673173663,0.044901893087899686,0.6538435092479166,0.68906432748538,13.208917000000042
power_theta100_rho64,power,100.0,64.0,-1.0,70,20151190,144,True,45,4,0.05468090288815263,0.33492053018993484,0.029770713794660876,0.6236821061233991,0.4686583963309443,12.456415999999138
power_theta100_rho64,power,100.0,64.0,-1.0,69,20151189,169,True,68,4,0.04480718321859101,0.4032646489673191,0.023721449939254066,0.636254368603928,0.6542076344707923,13.429291999997872
power_theta100_rho64,power,100.0,64.0,-1.0,66,20151186,187,True,71,3,0.019533343345615295,0.24091123459592198,0.010179347940672758,0.5590158555554662,0.5295138888888888,12.61129200000255
power_theta100_rho64,power,100.0,64.0,-1.0,75,20151195,156,True,70,1,0.0197944423296536,0.7027027027027027,0.010038610038610039,1.0,0.7027027027027027,13.957125000004567
power_theta100_rho64,power,100.0,64.0,-1.0,74,20151194,162,True,50,5,0.05164125385337539,0.2840268961935647,0.028402689619356467,0.7479663871701907,0.4093530202049472,13.497541999996088
power_theta100_rho64,power,100.0,64.0,-1.0,68,20151188,197,True,109,7,0.04929579394400258,0.4084508641074499,0.026230789438093115,0.7325436890788825,0.5061647103820356,15.78137499999599
power_theta100_rho64,power,100.0,64.0,-1.0,73,20151193,177,True,58,3,0.04856860967298207,0.4937808650086511,0.02554038956941299,0.8538826704100008,0.610345717234262,13.053583000001368
power_theta100_rho64,power,100.0,64.0,-1.0,71,20151191,194,True,123,2,0.000732599966303036,0.022893748946969873,0.00037225608043853453,0.03200820409413902,0.5885780885780886,12.436541999996109
power_theta100_rho64,power,100.0,64.0,-1.0,72,20151192,196,True,81,1,0.007844570863449748,0.32162740540143964,0.003970708708659749,0.3537901459415836,0.9090909090909091,12.39949999999368
power_theta100_rho64,power,100.0,64.0,-1.0,76,20151196,170,True,77,6,0.04658460584083164,0.32221019039908555,0.02510728756356511,0.5109610310811766,0.5045721303785821,13.593749999998295
power_theta100_rho64,power,100.0,64.0,-1.0,77,20151197,178,True,80,3,0.03385679357684399,0.4683523111463419,0.01756321166798782,0.6523806438692025,0.6606837606837607,14.575125000000355
power_theta100_rho64,power,100.0,64.0,-1.0,80,20151200,164,True,31,3,0.059031819110546224,0.33451364162642866,0.0323722878993318,0.33610715955273035,0.5694444444444444,12.965624999999648
power_theta100_rho64,power,100.0,64.0,-1.0,87,20151207,117,True,63,2,0.01718067958047933,0.27918604318278906,0.008863048989929812,0.5399584508182509,0.5076754385964912,12.29724999999604
power_theta100_rho64,power,100.0,64.0,-1.0,78,20151198,194,True,83,7,0.07862307661285935,0.5054340639398102,0.0426269692479358,0.649502556143337,0.7968956049619665,12.754167000004202
power_theta100_rho64,power,100.0,64.0,-1.0,86,20151206,148,True,56,2,0.007066166301312989,0.10245941136903834,0.0036592646917513695,0.31726660149065417,0.3055555555555556,12.965250000000594
power_theta100_rho64,power,100.0,64.0,-1.0,83,20151203,174,True,68,3,0.025051643307169677,0.2964444458015078,0.013078431432419463,0.5715016164440506,0.38484096548612684,13.909542000000386
power_theta100_rho64,power,100.0,64.0,-1.0,79,20151199,200,True,89,3,0.019407618882318595,0.29758348952888514,0.010030904141423094,0.46756941116936673,0.5415233415233415,14.286874999996257
power_theta100_rho64,power,100.0,64.0,-1.0,84,20151204,168,True,61,2,0.022052849539048108,0.34733238024000773,0.011387946893115007,0.512975159332206,0.8,12.248083000002907
power_theta200_rho0,power,200.0,0.0,-1.0,0,20161120,1,False,0,0,1.0,1.0,1.0,1.0,1.0,12.704083999999227
power_theta200_rho0,power,200.0,0.0,-1.0,1,20161121,1,False,0,0,1.0,1.0,1.0,1.0,1.0,12.208125000000791
power_theta100_rho64,power,100.0,64.0,-1.0,81,20151201,209,True,105,6,0.046744640474336525,0.4323879243876129,0.02470788139357788,0.7790130475385987,0.5774509803921568,14.40562499999487
power_theta200_rho0,power,200.0,0.0,-1.0,2,20161122,1,False,0,0,1.0,1.0,1.0,1.0,1.0,11.400291000001062
power_theta200_rho0,power,200.0,0.0,-1.0,3,20161123,1,False,0,0,1.0,1.0,1.0,1.0,1.0,12.556916000001195
power_theta200_rho0,power,200.0,0.0,-1.0,4,20161124,1,False,0,0,1.0,1.0,1.0,1.0,1.0,11.653875000000369
power_theta200_rho0,power,200.0,0.0,-1.0,5,20161125,1,False,0,0,1.0,1.0,1.0,1.0,1.0,14.747499999998581
power_theta200_rho0,power,200.0,0.0,-1.0,6,20161126,1,False,0,0,1.0,1.0,1.0,1.0,1.0,12.586874999996667
power_theta200_rho0,power,200.0,0.0,-1.0,7,20161127,1,False,0,0,1.0,1.0,1.0,1.0,1.0,13.106708000002243
power_theta100_rho64,power,100.0,64.0,-1.0,82,20151202,183,True,91,3,0.018060832558436764,0.2829530434155093,0.009328122310401405,0.3198841701866131,0.8497899159663865,13.483791000005851
power_theta200_rho0,power,200.0,0.0,-1.0,8,20161128,1,False,0,0,1.0,1.0,1.0,1.0,1.0,12.309750000000008
power_theta200_rho0,power,200.0,0.0,-1.0,9,20161129,1,False,0,0,1.0,1.0,1.0,1.0,1.0,13.639125000004526
power_theta200_rho0,power,200.0,0.0,-1.0,11,20161131,1,False,0,0,1.0,1.0,1.0,1.0,1.0,17.082166999998094
power_theta200_rho0,power,200.0,0.0,-1.0,10,20161130,1,False,0,0,1.0,1.0,1.0,1.0,1.0,19.563290999997207
power_theta200_rho0,power,200.0,0.0,-1.0,12,20161132,1,False,0,0,1.0,1.0,1.0,1.0,1.0,11.999666999997771
power_theta200_rho0,power,200.0,0.0,-1.0,14,20161134,1,False,0,0,1.0,1.0,1.0,1.0,1.0,14.872166000003517
power_theta200_rho0,power,200.0,0.0,-1.0,13,20161133,1,False,0,0,1.0,1.0,1.0,1.0,1.0,13.415291999997692
power_theta200_rho0,power,200.0,0.0,-1.0,15,20161135,1,False,0,0,1.0,1.0,1.0,1.0,1.0,12.998457999998436
power_theta200_rho0,power,200.0,0.0,-1.0,17,20161137,1,False,0,0,1.0,1.0,1.0,1.0,1.0,13.488957999996387
power_theta200_rho0,power,200.0,0.0,-1.0,16,20161136,1,False,0,0,1.0,1.0,1.0,1.0,1.0,13.424000000000547
power_theta200_rho0,power,200.0,0.0,-1.0,18,20161138,1,False,0,0,1.0,1.0,1.0,1.0,1.0,13.14212500000167
power_theta200_rho0,power,200.0,0.0,-1.0,20,20161140,1,False,0,0,1.0,1.0,1.0,1.0,1.0,11.71012500000046
power_theta200_rho0,power,200.0,0.0,-1.0,19,20161139,1,False,0,0,1.0,1.0,1.0,1.0,1.0,11.574166000002606
power_theta200_rho0,power,200.0,0.0,-1.0,21,20161141,1,False,0,0,1.0,1.0,1.0,1.0,1.0,11.368333000000064
power_theta200_rho0,power,200.0,0.0,-1.0,23,20161143,1,False,0,0,1.0,1.0,1.0,1.0,1.0,11.320791999999358
power_theta200_rho0,power,200.0,0.0,-1.0,22,20161142,1,False,0,0,1.0,1.0,1.0,1.0,1.0,11.388125000003413
power_theta200_rho0,power,200.0,0.0,-1.0,24,20161144,1,False,0,0,1.0,1.0,1.0,1.0,1.0,11.49279199999853
power_theta200_rho0,power,200.0,0.0,-1.0,25,20161145,1,False,0,0,1.0,1.0,1.0,1.0,1.0,11.99116700000502
power_theta200_rho0,power,200.0,0.0,-1.0,26,20161146,1,False,0,0,1.0,1.0,1.0,1.0,1.0,13.906708000000378
power_theta200_rho0,power,200.0,0.0,-1.0,27,20161147,1,False,0,0,1.0,1.0,1.0,1.0,1.0,12.641040999994857
power_theta200_rho0,power,200.0,0.0,-1.0,28,20161148,1,False,0,0,1.0,1.0,1.0,1.0,1.0,13.52954200000056
power_theta200_rho0,power,200.0,0.0,-1.0,29,20161149,1,False,0,0,1.0,1.0,1.0,1.0,1.0,15.668334000004336
power_theta200_rho0,power,200.0,0.0,-1.0,30,20161150,1,False,0,0,1.0,1.0,1.0,1.0,1.0,13.78166599999986
power_theta200_rho0,power,200.0,0.0,-1.0,31,20161151,1,False,0,0,1.0,1.0,1.0,1.0,1.0,12.609292000000494
power_theta200_rho0,power,200.0,0.0,-1.0,32,20161152,1,False,0,0,1.0,1.0,1.0,1.0,1.0,12.571958000002326
power_theta200_rho0,power,200.0,0.0,-1.0,33,20161153,1,False,0,0,1.0,1.0,1.0,1.0,1.0,11.590417000000741
power_theta200_rho0,power,200.0,0.0,-1.0,34,20161154,1,False,0,0,1.0,1.0,1.0,1.0,1.0,11.099166000001048
power_theta200_rho0,power,200.0,0.0,-1.0,35,20161155,1,False,0,0,1.0,1.0,1.0,1.0,1.0,12.537917000003063
power_theta200_rho0,power,200.0,0.0,-1.0,36,20161156,1,False,0,0,1.0,1.0,1.0,1.0,1.0,11.669499999996447
power_theta200_rho0,power,200.0,0.0,-1.0,37,20161157,1,False,0,0,1.0,1.0,1.0,1.0,1.0,11.296624999999949
power_theta200_rho0,power,200.0,0.0,-1.0,38,20161158,1,False,0,0,1.0,1.0,1.0,1.0,1.0,12.739041999999756
power_theta200_rho0,power,200.0,0.0,-1.0,39,20161159,1,False,0,0,1.0,1.0,1.0,1.0,1.0,12.612582999999233
power_theta200_rho0,power,200.0,0.0,-1.0,40,20161160,1,False,0,0,1.0,1.0,1.0,1.0,1.0,11.915750000000003
power_theta200_rho0,power,200.0,0.0,-1.0,41,20161161,1,False,0,0,1.0,1.0,1.0,1.0,1.0,11.942334000003996
power_theta100_rho64,power,100.0,64.0,-1.0,85,20151205,181,True,66,1,0.014439535863200612,0.4837244514172205,0.007329158354806371,0.5170847584115116,0.9354838709677419,13.046459000001676
power_theta200_rho0,power,200.0,0.0,-1.0,42,20161162,1,False,0,0,1.0,1.0,1.0,1.0,1.0,13.5481249999998
power_theta200_rho0,power,200.0,0.0,-1.0,43,20161163,1,False,0,0,1.0,1.0,1.0,1.0,1.0,12.355958000000555
power_theta200_rho0,power,200.0,0.0,-1.0,44,20161164,1,False,0,0,1.0,1.0,1.0,1.0,1.0,11.933416000005082
power_theta200_rho0,power,200.0,0.0,-1.0,45,20161165,1,False,0,0,1.0,1.0,1.0,1.0,1.0,13.13870799999961
power_theta200_rho0,power,200.0,0.0,-1.0,46,20161166,1,False,0,0,1.0,1.0,1.0,1.0,1.0,14.053457999999353
power_theta200_rho0,power,200.0,0.0,-1.0,47,20161167,1,False,0,0,1.0,1.0,1.0,1.0,1.0,12.106041000002676
power_theta200_rho0,power,200.0,0.0,-1.0,48,20161168,1,False,0,0,1.0,1.0,1.0,1.0,1.0,13.756667000002665
power_theta200_rho0,power,200.0,0.0,-1.0,49,20161169,1,False,0,0,1.0,1.0,1.0,1.0,1.0,11.283875000003718
power_theta200_rho0,power,200.0,0.0,-1.0,51,20161171,1,False,0,0,1.0,1.0,1.0,1.0,1.0,14.06504200000569
power_theta200_rho0,power,200.0,0.0,-1.0,50,20161170,1,False,0,0,1.0,1.0,1.0,1.0,1.0,12.874666999998396
power_theta200_rho0,power,200.0,0.0,-1.0,52,20161172,1,False,0,0,1.0,1.0,1.0,1.0,1.0,13.453417000000911
power_theta200_rho0,power,200.0,0.0,-1.0,53,20161173,1,False,0,0,1.0,1.0,1.0,1.0,1.0,13.91395800000339
power_theta200_rho0,power,200.0,0.0,-1.0,56,20161176,1,False,0,0,1.0,1.0,1.0,1.0,1.0,11.872584000002462
power_theta200_rho0,power,200.0,0.0,-1.0,54,20161174,1,False,0,0,1.0,1.0,1.0,1.0,1.0,12.522542000006354
power_theta200_rho0,power,200.0,0.0,-1.0,55,20161175,1,False,0,0,1.0,1.0,1.0,1.0,1.0,12.213707999997325
power_theta200_rho0,power,200.0,0.0,-1.0,57,20161177,1,False,0,0,1.0,1.0,1.0,1.0,1.0,11.04245899999512
power_theta200_rho0,power,200.0,0.0,-1.0,58,20161178,1,False,0,0,1.0,1.0,1.0,1.0,1.0,14.56316600000207
power_theta200_rho0,power,200.0,0.0,-1.0,59,20161179,1,False,0,0,1.0,1.0,1.0,1.0,1.0,14.025250000003098
power_theta200_rho0,power,200.0,0.0,-1.0,60,20161180,1,False,0,0,1.0,1.0,1.0,1.0,1.0,14.112916000001974
power_theta200_rho0,power,200.0,0.0,-1.0,61,20161181,1,False,0,0,1.0,1.0,1.0,1.0,1.0,12.23533299999957
power_theta200_rho0,power,200.0,0.0,-1.0,63,20161183,1,False,0,0,1.0,1.0,1.0,1.0,1.0,12.526832999995463
power_theta200_rho0,power,200.0,0.0,-1.0,62,20161182,1,False,0,0,1.0,1.0,1.0,1.0,1.0,11.80654099999856
power_theta200_rho0,power,200.0,0.0,-1.0,65,20161185,1,False,0,0,1.0,1.0,1.0,1.0,1.0,12.042624999999418
power_theta200_rho0,power,200.0,0.0,-1.0,64,20161184,1,False,0,0,1.0,1.0,1.0,1.0,1.0,11.746207999998148
power_theta200_rho0,power,200.0,0.0,-1.0,67,20161187,1,False,0,0,1.0,1.0,1.0,1.0,1.0,11.198916999994424
power_theta200_rho0,power,200.0,0.0,-1.0,66,20161186,1,False,0,0,1.0,1.0,1.0,1.0,1.0,12.236041999997838
power_theta200_rho0,power,200.0,0.0,-1.0,68,20161188,1,False,0,0,1.0,1.0,1.0,1.0,1.0,11.351541999999881
power_theta200_rho0,power,200.0,0.0,-1.0,69,20161189,1,False,0,0,1.0,1.0,1.0,1.0,1.0,11.426084000000003
power_theta200_rho0,power,200.0,0.0,-1.0,71,20161191,1,False,0,0,1.0,1.0,1.0,1.0,1.0,10.331082999996966
power_theta200_rho0,power,200.0,0.0,-1.0,70,20161190,1,False,0,0,1.0,1.0,1.0,1.0,1.0,11.190499999997883
power_theta200_rho0,power,200.0,0.0,-1.0,72,20161192,1,False,0,0,1.0,1.0,1.0,1.0,1.0,11.53749999999576
power_theta200_rho0,power,200.0,0.0,-1.0,73,20161193,1,False,0,0,1.0,1.0,1.0,1.0,1.0,12.43949999999927
power_theta200_rho0,power,200.0,0.0,-1.0,74,20161194,1,False,0,0,1.0,1.0,1.0,1.0,1.0,11.798499999997603
power_theta200_rho0,power,200.0,0.0,-1.0,75,20161195,1,False,0,0,1.0,1.0,1.0,1.0,1.0,11.787666000003583
power_theta200_rho0,power,200.0,0.0,-1.0,76,20161196,1,False,0,0,1.0,1.0,1.0,1.0,1.0,12.019084000002067
power_theta200_rho0,power,200.0,0.0,-1.0,77,20161197,1,False,0,0,1.0,1.0,1.0,1.0,1.0,12.90320800000444
power_theta200_rho0,power,200.0,0.0,-1.0,78,20161198,1,False,0,0,1.0,1.0,1.0,1.0,1.0,12.895249999999692
power_theta200_rho0,power,200.0,0.0,-1.0,79,20161199,1,False,0,0,1.0,1.0,1.0,1.0,1.0,11.989540999998383
power_theta200_rho0,power,200.0,0.0,-1.0,80,20161200,1,False,0,0,1.0,1.0,1.0,1.0,1.0,11.4244160000041
power_theta200_rho0,power,200.0,0.0,-1.0,81,20161201,1,False,0,0,1.0,1.0,1.0,1.0,1.0,11.899249999999029
power_theta200_rho0,power,200.0,0.0,-1.0,82,20161202,1,False,0,0,1.0,1.0,1.0,1.0,1.0,12.469708000004687
power_theta200_rho0,power,200.0,0.0,-1.0,83,20161203,1,False,0,0,1.0,1.0,1.0,1.0,1.0,13.07591700000188
power_theta200_rho0,power,200.0,0.0,-1.0,84,20161204,1,False,0,0,1.0,1.0,1.0,1.0,1.0,11.778124999999307
power_theta200_rho0,power,200.0,0.0,-1.0,85,20161205,1,False,0,0,1.0,1.0,1.0,1.0,1.0,12.35495800000308
power_theta200_rho0,power,200.0,0.0,-1.0,86,20161206,1,False,0,0,1.0,1.0,1.0,1.0,1.0,11.509959000001402
power_theta100_rho64,power,100.0,64.0,-1.0,88,20151208,178,True,81,3,0.03658126056154993,0.5121376478616989,0.018968061031914774,0.763011868090517,0.6095238095238096,13.488625000000809
power_theta200_rho0,power,200.0,0.0,-1.0,87,20161207,1,False,0,0,1.0,1.0,1.0,1.0,1.0,14.898250000001667
power_theta200_rho0,power,200.0,0.0,-1.0,88,20161208,1,False,0,0,1.0,1.0,1.0,1.0,1.0,13.419374999998013
power_theta200_rho0,power,200.0,0.0,-1.0,90,20161210,1,False,0,0,1.0,1.0,1.0,1.0,1.0,13.153582999997582
power_theta200_rho0,power,200.0,0.0,-1.0,91,20161211,1,False,0,0,1.0,1.0,1.0,1.0,1.0,13.254082999999639
power_theta200_rho0,power,200.0,0.0,-1.0,89,20161209,1,False,0,0,1.0,1.0,1.0,1.0,1.0,14.886208000000067
power_theta200_rho0,power,200.0,0.0,-1.0,92,20161212,1,False,0,0,1.0,1.0,1.0,1.0,1.0,14.245250000001874
power_theta200_rho0,power,200.0,0.0,-1.0,93,20161213,1,False,0,0,1.0,1.0,1.0,1.0,1.0,15.426541000003624
power_theta200_rho0,power,200.0,0.0,-1.0,94,20161214,1,False,0,0,1.0,1.0,1.0,1.0,1.0,13.737792000000582
power_theta200_rho0,power,200.0,0.0,-1.0,95,20161215,1,False,0,0,1.0,1.0,1.0,1.0,1.0,11.896083000003443
power_theta200_rho0,power,200.0,0.0,-1.0,96,20161216,1,False,0,0,1.0,1.0,1.0,1.0,1.0,12.59929100000079
power_theta200_rho0,power,200.0,0.0,-1.0,98,20161218,1,False,0,0,1.0,1.0,1.0,1.0,1.0,12.430582999996886
power_theta200_rho0,power,200.0,0.0,-1.0,97,20161217,1,False,0,0,1.0,1.0,1.0,1.0,1.0,12.373249999996005
power_theta200_rho0,power,200.0,0.0,-1.0,99,20161219,1,False,0,0,1.0,1.0,1.0,1.0,1.0,12.826917000005267
power_theta200_rho1,power,200.0,1.0,-1.0,1,20171121,2,False,0,0,1.0,1.0,1.0,1.0,1.0,12.58183299999871
power_theta200_rho1,power,200.0,1.0,-1.0,2,20171122,2,False,0,0,1.0,1.0,1.0,1.0,1.0,13.726290999997559
power_theta200_rho1,power,200.0,1.0,-1.0,0,20171120,8,False,1,0,0.0,0.0,0.0,0.0,0.0,13.2918329999967
power_theta200_rho1,power,200.0,1.0,-1.0,3,20171123,5,False,0,0,1.0,1.0,1.0,1.0,1.0,12.028665999999077
power_theta200_rho1,power,200.0,1.0,-1.0,4,20171124,5,True,7,1,0.24545454545454548,0.9818181818181818,0.14025974025974025,1.0,0.9818181818181818,12.706166000000962
power_theta200_rho1,power,200.0,1.0,-1.0,5,20171125,3,False,0,0,1.0,1.0,1.0,1.0,1.0,12.507749999997486
power_theta200_rho1,power,200.0,1.0,-1.0,7,20171127,2,False,0,0,1.0,1.0,1.0,1.0,1.0,14.231250000001694
power_theta200_rho1,power,200.0,1.0,-1.0,8,20171128,2,False,1,0,0.0,0.0,0.0,0.0,0.0,13.141917000005776
power_theta200_rho1,power,200.0,1.0,-1.0,6,20171126,6,False,2,0,0.0,0.0,0.0,0.0,0.0,12.609625000003177
power_theta200_rho1,power,200.0,1.0,-1.0,9,20171129,3,False,0,0,1.0,1.0,1.0,1.0,1.0,11.86649999999645
power_theta200_rho1,power,200.0,1.0,-1.0,10,20171130,5,True,4,2,0.6495554820693948,0.9743332231040924,0.4871666115520462,0.9826665564374257,0.9916666666666667,12.476958999997123
power_theta200_rho1,power,200.0,1.0,-1.0,12,20171132,4,True,2,1,0.0034384775129108493,0.005157716269366274,0.002578858134683137,0.009210207623868346,0.56,13.48712499999749
power_theta200_rho1,power,200.0,1.0,-1.0,13,20171133,5,True,0,1,0.0,0.0,0.0,0.0,0.0,13.380999999995424
power_theta200_rho1,power,200.0,1.0,-1.0,14,20171134,5,True,1,1,0.1594074147944119,0.1594074147944119,0.1594074147944119,0.1632028294323741,0.9767441860465116,12.817583000000354
power_theta200_rho1,power,200.0,1.0,-1.0,15,20171135,1,False,0,0,1.0,1.0,1.0,1.0,1.0,12.191874999999186
power_theta200_rho1,power,200.0,1.0,-1.0,11,20171131,9,True,4,1,0.30217712265857405,0.7554428066464351,0.1888607016616088,0.7554428066464351,1.0,12.482165999998074
power_theta100_rho64,power,100.0,64.0,-1.0,90,20151210,171,True,92,3,0.017935230970684564,0.28397449036917227,0.009260037729429531,0.356412273122158,0.654891304347826,13.122666000001004
power_theta200_rho1,power,200.0,1.0,-1.0,16,20171136,4,False,3,0,0.0,0.0,0.0,0.0,0.0,15.20049999999884
power_theta200_rho1,power,200.0,1.0,-1.0,19,20171139,1,False,0,0,1.0,1.0,1.0,1.0,1.0,14.240499999999656
power_theta200_rho1,power,200.0,1.0,-1.0,20,20171140,1,False,0,0,1.0,1.0,1.0,1.0,1.0,13.527541999998505
power_theta200_rho1,power,200.0,1.0,-1.0,21,20171141,1,False,0,0,1.0,1.0,1.0,1.0,1.0,13.713290999994854
power_theta200_rho1,power,200.0,1.0,-1.0,17,20171137,3,True,3,1,0.5,1.0,0.3333333333333333,1.0,1.0,13.933041999997897
power_theta200_rho1,power,200.0,1.0,-1.0,18,20171138,6,False,0,0,1.0,1.0,1.0,1.0,1.0,13.750666999996497
power_theta200_rho1,power,200.0,1.0,-1.0,23,20171143,2,False,0,0,1.0,1.0,1.0,1.0,1.0,12.838917000003391
power_theta200_rho1,power,200.0,1.0,-1.0,24,20171144,2,False,0,0,1.0,1.0,1.0,1.0,1.0,12.989417000000003
power_theta200_rho1,power,200.0,1.0,-1.0,25,20171145,3,False,0,0,1.0,1.0,1.0,1.0,1.0,11.396584000003429
power_theta200_rho1,power,200.0,1.0,-1.0,22,20171142,5,True,1,1,0.0005901014164705457,0.0005901014164705457,0.0005901014164705457,0.0007081216997646548,0.8333333333333334,12.636167000003695
power_theta200_rho1,power,200.0,1.0,-1.0,27,20171147,5,False,1,0,0.0,0.0,0.0,0.0,0.0,12.041541999998628
power_theta200_rho1,power,200.0,1.0,-1.0,26,20171146,8,True,3,1,0.4378869227891859,0.8757738455783718,0.2919246151927906,0.8890431462689532,0.9850746268656716,12.050207999998008
power_theta200_rho1,power,200.0,1.0,-1.0,28,20171148,2,False,0,0,1.0,1.0,1.0,1.0,1.0,11.490416999997421
power_theta200_rho1,power,200.0,1.0,-1.0,29,20171149,1,False,0,0,1.0,1.0,1.0,1.0,1.0,11.049708000001601
power_theta200_rho1,power,200.0,1.0,-1.0,31,20171151,4,False,0,0,1.0,1.0,1.0,1.0,1.0,12.387042000000292
power_theta200_rho1,power,200.0,1.0,-1.0,35,20171155,1,False,0,0,1.0,1.0,1.0,1.0,1.0,12.30499999999779
power_theta200_rho1,power,200.0,1.0,-1.0,32,20171152,4,False,0,0,1.0,1.0,1.0,1.0,1.0,12.705834000001914
power_theta200_rho1,power,200.0,1.0,-1.0,34,20171154,3,False,0,0,1.0,1.0,1.0,1.0,1.0,12.920125000000837
power_theta200_rho1,power,200.0,1.0,-1.0,30,20171150,8,True,5,1,0.15420608166700117,0.4626182450010035,0.0925236490002007,0.7117203769246208,0.65,11.910667000002206
power_theta200_rho1,power,200.0,1.0,-1.0,33,20171153,6,False,0,0,1.0,1.0,1.0,1.0,1.0,11.425166999998737
power_theta100_rho64,power,100.0,64.0,-1.0,93,20151213,156,True,68,4,0.048761208190606364,0.43885087371545733,0.025814757277379842,0.542386861379506,0.8003146047500886,13.105040999995765
power_theta200_rho1,power,200.0,1.0,-1.0,36,20171156,5,True,2,2,0.7301778253345248,0.7301778253345248,0.7301778253345248,0.7467776605310064,0.9777337951509153,12.4102909999948
power_theta200_rho1,power,200.0,1.0,-1.0,40,20171160,1,False,0,0,1.0,1.0,1.0,1.0,1.0,12.281667000003438
power_theta200_rho1,power,200.0,1.0,-1.0,37,20171157,1,False,0,0,1.0,1.0,1.0,1.0,1.0,14.753417000001434
power_theta200_rho1,power,200.0,1.0,-1.0,38,20171158,7,False,0,0,1.0,1.0,1.0,1.0,1.0,12.330083000001935
power_theta200_rho1,power,200.0,1.0,-1.0,41,20171161,1,False,0,0,1.0,1.0,1.0,1.0,1.0,12.730041999994057
power_theta200_rho1,power,200.0,1.0,-1.0,39,20171159,5,True,3,2,0.3321988737507709,0.4152485921884636,0.2768323947923091,0.508133187384437,0.8263611519865461,13.755208000006292
power_theta100_rho64,power,100.0,64.0,-1.0,94,20151214,154,True,61,3,0.0882071910034883,0.9408767040372085,0.046272624788715175,0.9713444859672687,0.9666666666666667,13.499792000004618
power_theta200_rho1,power,200.0,1.0,-1.0,43,20171163,3,False,5,0,0.0,0.0,0.0,0.0,0.0,13.225458000000856
power_theta200_rho1,power,200.0,1.0,-1.0,44,20171164,2,False,1,0,0.0,0.0,0.0,0.0,0.0,11.872791999998356
power_theta200_rho1,power,200.0,1.0,-1.0,46,20171166,2,False,0,0,1.0,1.0,1.0,1.0,1.0,12.476749999997594
power_theta200_rho1,power,200.0,1.0,-1.0,42,20171162,7,False,3,0,0.0,0.0,0.0,0.0,0.0,14.53066599999886
power_theta200_rho1,power,200.0,1.0,-1.0,48,20171168,3,True,2,2,0.959008180118367,0.959008180118367,0.959008180118367,0.9631404115233257,0.9958677685950413,12.815957999997352
power_theta200_rho1,power,200.0,1.0,-1.0,45,20171165,6,True,3,1,0.0029409494551957023,0.005881898910391405,0.001960632970130468,0.09411038256626247,0.0625,12.135374999999726
power_theta200_rho1,power,200.0,1.0,-1.0,49,20171169,3,False,3,0,0.0,0.0,0.0,0.0,0.0,12.60895800000128
power_theta200_rho1,power,200.0,1.0,-1.0,47,20171167,5,False,0,0,1.0,1.0,1.0,1.0,1.0,12.316583000000492
power_theta200_rho1,power,200.0,1.0,-1.0,50,20171170,2,False,1,0,0.0,0.0,0.0,0.0,0.0,14.848209000000168
power_theta200_rho1,power,200.0,1.0,-1.0,51,20171171,6,False,1,0,0.0,0.0,0.0,0.0,0.0,11.747540999998307
power_theta200_rho1,power,200.0,1.0,-1.0,52,20171172,1,False,0,0,1.0,1.0,1.0,1.0,1.0,13.008292000002086
power_theta200_rho1,power,200.0,1.0,-1.0,56,20171176,1,False,0,0,1.0,1.0,1.0,1.0,1.0,14.260207999996055
power_theta200_rho1,power,200.0,1.0,-1.0,54,20171174,2,False,0,0,1.0,1.0,1.0,1.0,1.0,14.012416999996447
power_theta100_rho64,power,100.0,64.0,-1.0,97,20151217,126,True,36,3,0.08192891027955886,0.5325379168171326,0.044378159734761044,0.6197136049722543,0.7861678004535148,12.810375000000818
power_theta200_rho1,power,200.0,1.0,-1.0,53,20171173,3,False,0,0,1.0,1.0,1.0,1.0,1.0,15.02995799999951
power_theta200_rho1,power,200.0,1.0,-1.0,57,20171177,3,False,0,0,1.0,1.0,1.0,1.0,1.0,12.325875000001929
power_theta200_rho1,power,200.0,1.0,-1.0,55,20171175,6,True,2,1,0.39561959889717935,0.593429398345769,0.2967146991728845,0.6428818482079164,0.9230769230769231,12.92804199999864
power_theta200_rho1,power,200.0,1.0,-1.0,58,20171178,3,True,2,1,0.05652418102661335,0.08478627153992004,0.04239313576996002,0.24279705031886192,0.3492063492063492,13.222750000004169
power_theta200_rho1,power,200.0,1.0,-1.0,59,20171179,3,False,0,0,1.0,1.0,1.0,1.0,1.0,10.737665999997148
power_theta200_rho1,power,200.0,1.0,-1.0,65,20171185,1,False,0,0,1.0,1.0,1.0,1.0,1.0,10.33995800000298
power_theta200_rho1,power,200.0,1.0,-1.0,62,20171182,4,True,1,1,0.012981078058096798,0.012981078058096797,0.012981078058096797,0.022982892299581215,0.5648148148148148,10.953250000000025
power_theta200_rho1,power,200.0,1.0,-1.0,64,20171184,4,False,5,0,0.0,0.0,0.0,0.0,0.0,11.063166999996099
power_theta200_rho1,power,200.0,1.0,-1.0,60,20171180,6,True,1,1,0.0005256142583474474,0.0005256142583474474,0.0005256142583474474,0.002365264162563513,0.2222222222222222,13.38516599999906
power_theta200_rho1,power,200.0,1.0,-1.0,63,20171183,8,False,1,0,0.0,0.0,0.0,0.0,0.0,13.010999999998774
power_theta200_rho1,power,200.0,1.0,-1.0,67,20171187,4,True,0,1,0.0,0.0,0.0,0.0,0.0,12.201459000003467
power_theta200_rho1,power,200.0,1.0,-1.0,61,20171181,9,True,7,1,0.024828352679706834,0.09931341071882734,0.014187630102689619,0.7062286984449944,0.140625,12.987125000002209
power_theta200_rho1,power,200.0,1.0,-1.0,68,20171188,3,True,4,1,0.4,1.0,0.25,1.0,1.0,12.516124999997658
power_theta200_rho1,power,200.0,1.0,-1.0,66,20171186,5,False,2,0,0.0,0.0,0.0,0.0,0.0,13.68045800000317
power_theta200_rho1,power,200.0,1.0,-1.0,72,20171192,2,False,1,0,0.0,0.0,0.0,0.0,0.0,11.396749999995848
power_theta200_rho1,power,200.0,1.0,-1.0,71,20171191,5,False,3,0,0.0,0.0,0.0,0.0,0.0,11.810833000005516
power_theta200_rho1,power,200.0,1.0,-1.0,69,20171189,5,True,5,1,0.33333333333333337,1.0,0.2,1.0,1.0,12.013541000001737
power_theta200_rho1,power,200.0,1.0,-1.0,70,20171190,7,False,5,0,0.0,0.0,0.0,0.0,0.0,13.638124999999945
power_theta200_rho1,power,200.0,1.0,-1.0,73,20171193,3,False,0,0,1.0,1.0,1.0,1.0,1.0,12.331417000005729
power_theta100_rho64,power,100.0,64.0,-1.0,95,20151215,146,True,68,5,0.055550414083492775,0.4055180228094972,0.029817501677168914,0.4805186210861301,0.8054768616396523,13.891624999999408
power_theta200_rho1,power,200.0,1.0,-1.0,74,20171194,5,False,0,0,1.0,1.0,1.0,1.0,1.0,17.520124999997222
power_theta200_rho1,power,200.0,1.0,-1.0,79,20171199,5,False,1,0,0.0,0.0,0.0,0.0,0.0,17.860417000001405
power_theta200_rho1,power,200.0,1.0,-1.0,80,20171200,5,False,2,0,0.0,0.0,0.0,0.0,0.0,17.087709000001894
power_theta200_rho1,power,200.0,1.0,-1.0,77,20171197,5,True,2,2,0.4583574733335965,0.4583574733335965,0.4583574733335965,0.4849126549976383,0.9513261439813465,25.269541999996648
power_theta200_rho1,power,200.0,1.0,-1.0,76,20171196,6,False,2,0,0.0,0.0,0.0,0.0,0.0,21.381417000000624
power_theta200_rho1,power,200.0,1.0,-1.0,78,20171198,3,False,0,0,1.0,1.0,1.0,1.0,1.0,18.064040999995257
power_theta200_rho1,power,200.0,1.0,-1.0,75,20171195,7,False,5,0,0.0,0.0,0.0,0.0,0.0,20.89062499999983
power_theta200_rho1,power,200.0,1.0,-1.0,81,20171201,6,True,0,1,0.0,0.0,0.0,0.0,0.0,16.220791999998596
power_theta200_rho1,power,200.0,1.0,-1.0,82,20171202,2,False,0,0,1.0,1.0,1.0,1.0,1.0,16.27562500000579
power_theta200_rho1,power,200.0,1.0,-1.0,83,20171203,3,False,0,0,1.0,1.0,1.0,1.0,1.0,14.537834000002192
power_theta200_rho1,power,200.0,1.0,-1.0,84,20171204,6,False,0,0,1.0,1.0,1.0,1.0,1.0,14.088499999999726
power_theta200_rho1,power,200.0,1.0,-1.0,87,20171207,2,False,0,0,1.0,1.0,1.0,1.0,1.0,12.12495800000113
power_theta200_rho1,power,200.0,1.0,-1.0,85,20171205,4,False,1,0,0.0,0.0,0.0,0.0,0.0,11.763374999993914
power_theta200_rho1,power,200.0,1.0,-1.0,90,20171210,3,False,0,0,1.0,1.0,1.0,1.0,1.0,12.13554199999578
power_theta100_rho64,power,100.0,64.0,-1.0,92,20151212,184,True,61,2,0.055472013366750214,0.8736842105263158,0.028645383951682486,1.0,0.8736842105263158,13.52112500000402
power_theta200_rho1,power,200.0,1.0,-1.0,86,20171206,4,False,1,0,0.0,0.0,0.0,0.0,0.0,11.331667000000323
power_theta200_rho1,power,200.0,1.0,-1.0,91,20171211,5,True,1,1,0.037043499480669706,0.037043499480669706,0.037043499480669706,0.08870943296686692,0.4175824175824176,12.79375000000016
power_theta200_rho1,power,200.0,1.0,-1.0,93,20171213,1,False,0,0,1.0,1.0,1.0,1.0,1.0,12.763958000000741
power_theta200_rho1,power,200.0,1.0,-1.0,88,20171208,7,True,2,1,0.3804558271373212,0.5706837407059818,0.2853418703529909,0.5706837407059818,1.0,11.801542000000609
power_theta200_rho1,power,200.0,1.0,-1.0,92,20171212,6,False,1,0,0.0,0.0,0.0,0.0,0.0,11.498209000002646
power_theta200_rho1,power,200.0,1.0,-1.0,89,20171209,5,False,0,0,1.0,1.0,1.0,1.0,1.0,12.015499999996848
power_theta200_rho1,power,200.0,1.0,-1.0,94,20171214,3,False,1,0,0.0,0.0,0.0,0.0,0.0,13.644083000002638
power_theta200_rho1,power,200.0,1.0,-1.0,95,20171215,2,False,0,0,1.0,1.0,1.0,1.0,1.0,12.960374999998692
power_theta200_rho1,power,200.0,1.0,-1.0,96,20171216,1,True,0,1,0.0,0.0,0.0,0.0,0.0,12.425333999999566
power_theta200_rho1,power,200.0,1.0,-1.0,97,20171217,2,False,0,0,1.0,1.0,1.0,1.0,1.0,12.316249999997808
power_theta200_rho1,power,200.0,1.0,-1.0,98,20171218,2,False,1,0,0.0,0.0,0.0,0.0,0.0,11.794957999995859
power_theta200_rho4,power,200.0,4.0,-1.0,0,20181120,4,False,1,0,0.0,0.0,0.0,0.0,0.0,12.957499999998845
power_theta200_rho1,power,200.0,1.0,-1.0,99,20171219,6,False,3,0,0.0,0.0,0.0,0.0,0.0,12.066167000000405
power_theta200_rho4,power,200.0,4.0,-1.0,4,20181124,8,True,4,1,0.4,1.0,0.25,1.0,1.0,14.388624999995159
power_theta200_rho4,power,200.0,4.0,-1.0,5,20181125,7,True,2,1,0.436726712220055,0.6550900683300825,0.32754503416504127,0.7607497567704185,0.8611111111111112,13.127624999995646
power_theta200_rho4,power,200.0,4.0,-1.0,3,20181123,11,False,3,0,0.0,0.0,0.0,0.0,0.0,13.237166999999772
power_theta200_rho4,power,200.0,4.0,-1.0,7,20181127,9,False,3,0,0.0,0.0,0.0,0.0,0.0,11.762750000002598
power_theta200_rho4,power,200.0,4.0,-1.0,1,20181121,12,True,2,1,0.6176435057976012,0.9264652586964018,0.4632326293482009,0.9446312441610372,0.9807692307692307,14.36112500000064
power_theta200_rho4,power,200.0,4.0,-1.0,10,20181130,5,True,1,1,0.0010493904742175683,0.0010493904742175683,0.0010493904742175683,0.0010493904742175683,1.0,13.53300000000246
power_theta200_rho4,power,200.0,4.0,-1.0,6,20181126,11,False,3,0,0.0,0.0,0.0,0.0,0.0,75.3913329999989
power_theta200_rho4,power,200.0,4.0,-1.0,8,20181128,9,True,11,1,0.10746310902153183,0.6447786541291911,0.05861624128447192,0.8547065880317184,0.7543859649122807,75.36487499999822
power_theta200_rho4,power,200.0,4.0,-1.0,2,20181122,16,True,8,2,0.18503437641705756,0.46258594104264383,0.11564648526066096,0.5087891912309116,0.652732060566162,74.3364590000013
power_theta200_rho4,power,200.0,4.0,-1.0,12,20181132,13,True,4,1,0.0906607937962907,0.22665198449072674,0.056662996122681684,0.4533039689814535,0.5,15.020666000005178
power_theta200_rho4,power,200.0,4.0,-1.0,15,20181135,16,False,0,0,1.0,1.0,1.0,1.0,1.0,13.644082999995533
power_theta100_rho64,power,100.0,64.0,-1.0,91,20151211,193,True,51,5,0.11301607335005058,0.6328900107602833,0.062048040270616014,0.8080562000259605,0.7158730158730158,15.101250000000732
power_theta200_rho4,power,200.0,4.0,-1.0,11,20181131,8,True,2,1,0.016965759712391337,0.02544863956858701,0.012724319784293505,0.05014878973809793,0.5074626865671642,15.31245799999681
power_theta200_rho4,power,200.0,4.0,-1.0,9,20181129,14,True,7,2,0.21963617331480223,0.4941813899583051,0.14119468284523,0.6144923513878636,0.6383333333333333,15.21570900000313
power_theta200_rho4,power,200.0,4.0,-1.0,13,20181133,7,False,1,0,0.0,0.0,0.0,0.0,0.0,13.649958000002016
power_theta200_rho4,power,200.0,4.0,-1.0,14,20181134,17,True,12,1,0.007148018215826221,0.046462118402870435,0.003871843200239203,0.04824912295682699,0.9629629629629629,12.100291000002983
power_theta200_rho4,power,200.0,4.0,-1.0,16,20181136,9,False,4,0,0.0,0.0,0.0,0.0,0.0,12.221000000003812
power_theta200_rho4,power,200.0,4.0,-1.0,21,20181141,9,True,9,2,0.1859787632066261,0.5114415988182217,0.1136536886262715,0.6175022048788279,0.8939393939393939,11.770125000005294
power_theta200_rho4,power,200.0,4.0,-1.0,23,20181143,11,False,5,0,0.0,0.0,0.0,0.0,0.0,12.358874999996772
power_theta200_rho4,power,200.0,4.0,-1.0,20,20181140,14,True,6,1,0.23628680037072972,0.827003801297554,0.13783396688292568,0.8389031365680224,0.9858156028368794,12.609250000004124
power_theta200_rho4,power,200.0,4.0,-1.0,17,20181137,17,False,6,0,0.0,0.0,0.0,0.0,0.0,12.50804200000033
power_theta100_rho64,power,100.0,64.0,-1.0,89,20151209,215,True,43,2,0.001466460115111162,0.016497676295000572,0.0007673337811628173,0.023904672414260454,0.7483370288248337,12.656208000002778
power_theta200_rho4,power,200.0,4.0,-1.0,24,20181144,12,True,10,2,0.09534124457688516,0.2860237337306555,0.057204746746131095,0.2928120592264907,0.8846153846153846,11.892375000002176
power_theta200_rho4,power,200.0,4.0,-1.0,26,20181146,12,False,3,0,0.0,0.0,0.0,0.0,0.0,12.493208999998728
power_theta200_rho4,power,200.0,4.0,-1.0,19,20181139,18,False,4,0,0.0,0.0,0.0,0.0,0.0,15.948125000001312
power_theta200_rho4,power,200.0,4.0,-1.0,29,20181149,4,False,0,0,1.0,1.0,1.0,1.0,1.0,13.794000000004303
power_theta200_rho4,power,200.0,4.0,-1.0,25,20181145,13,False,2,0,0.0,0.0,0.0,0.0,0.0,14.438583000000449
power_theta200_rho4,power,200.0,4.0,-1.0,22,20181142,17,True,12,4,0.040433010743410165,0.08086602148682033,0.026955340495606776,0.3282902721809229,0.09216897081413211,12.795250000003477
power_theta200_rho4,power,200.0,4.0,-1.0,18,20181138,19,True,20,5,0.173635540277222,0.43408885069305503,0.10852221267326376,0.6460029279486028,0.5795959958165248,14.10820800000323
power_theta200_rho4,power,200.0,4.0,-1.0,28,20181148,11,True,4,1,0.04483234786553389,0.11208086966383472,0.02802021741595868,0.17696979420605483,0.6333333333333333,13.066999999999496
power_theta200_rho4,power,200.0,4.0,-1.0,35,20181155,7,False,3,0,0.0,0.0,0.0,0.0,0.0,13.71862500000276
power_theta200_rho4,power,200.0,4.0,-1.0,33,20181153,10,False,1,0,0.0,0.0,0.0,0.0,0.0,11.30633399999681
power_theta200_rho4,power,200.0,4.0,-1.0,27,20181147,18,True,7,2,0.3446200702415533,0.7753951580434948,0.2215414737267128,0.781640979012169,0.991541113381001,14.311749999997403
power_theta200_rho4,power,200.0,4.0,-1.0,36,20181156,6,True,4,1,0.3897435897435898,0.9743589743589743,0.24358974358974358,1.0,0.9743589743589743,12.35495899999961
power_theta200_rho4,power,200.0,4.0,-1.0,34,20181154,8,False,5,0,0.0,0.0,0.0,0.0,0.0,12.074958999996
power_theta200_rho4,power,200.0,4.0,-1.0,32,20181152,8,True,11,3,0.1925325616695079,0.44924264389551843,0.12252072106241413,0.6442688584613089,0.7058457711442786,14.277249999999242
power_theta200_rho4,power,200.0,4.0,-1.0,39,20181159,7,True,7,2,0.2405578353387683,0.5412551295122286,0.15464432271777961,0.5589323285366223,0.9412932501418037,12.182082999999011
power_theta200_rho4,power,200.0,4.0,-1.0,37,20181157,10,False,4,0,0.0,0.0,0.0,0.0,0.0,12.527749999996729
power_theta200_rho4,power,200.0,4.0,-1.0,31,20181151,16,False,1,0,0.0,0.0,0.0,0.0,0.0,11.856042000005118
power_theta200_rho4,power,200.0,4.0,-1.0,41,20181161,6,True,6,1,0.2857142857142857,1.0,0.16666666666666666,1.0,1.0,12.606292000000963
power_theta200_rho4,power,200.0,4.0,-1.0,38,20181158,12,True,6,3,0.3872892230509889,0.5809338345764833,0.29046691728824164,0.6054187514421511,0.7916666666666666,12.737792000002912
power_theta200_rho4,power,200.0,4.0,-1.0,40,20181160,13,True,3,2,0.5931971234662795,0.7414964043328494,0.49433093622189955,0.8982681509690811,0.8214285714285714,11.62758299999922
power_theta200_rho4,power,200.0,4.0,-1.0,47,20181167,3,False,0,0,1.0,1.0,1.0,1.0,1.0,12.305957999998896
power_theta200_rho4,power,200.0,4.0,-1.0,43,20181163,9,True,2,1,0.6262626262626263,0.9393939393939394,0.4696969696969697,1.0,0.9393939393939394,13.263332999997601
power_theta200_rho4,power,200.0,4.0,-1.0,48,20181168,6,False,3,0,0.0,0.0,0.0,0.0,0.0,12.17049999999631
power_theta200_rho4,power,200.0,4.0,-1.0,44,20181164,10,True,4,1,0.35241340419842826,0.8810335104960706,0.22025837762401765,0.8810335104960706,1.0,13.211540999996885
power_theta200_rho4,power,200.0,4.0,-1.0,46,20181166,12,True,6,2,0.054008847642388225,0.10801769528477645,0.03600589842825882,0.5194533648960865,0.15889830508474576,12.496666000004097
power_theta200_rho4,power,200.0,4.0,-1.0,42,20181162,15,False,0,0,1.0,1.0,1.0,1.0,1.0,11.210874999996179
power_theta200_rho4,power,200.0,4.0,-1.0,50,20181170,10,True,3,1,0.24095223829712692,0.48190447659425384,0.16063482553141795,0.4921577633303018,0.9791666666666666,11.747709000005102
power_theta200_rho4,power,200.0,4.0,-1.0,30,20181150,25,False,2,0,0.0,0.0,0.0,0.0,0.0,13.783375000002707
power_theta200_rho4,power,200.0,4.0,-1.0,45,20181165,18,True,3,1,0.300649046532955,0.60129809306591,0.20043269768863667,0.7257045950795464,0.8285714285714286,13.256292000001224
power_theta200_rho4,power,200.0,4.0,-1.0,52,20181172,10,True,2,1,0.0,0.0,0.0,0.15343981648541088,0.0,12.402041999997948
power_theta200_rho4,power,200.0,4.0,-1.0,49,20181169,12,True,3,3,0.06786682970087861,0.06786682970087861,0.06786682970087861,0.11550680821260961,0.20634920634920637,13.469624999999041
power_theta200_rho4,power,200.0,4.0,-1.0,57,20181177,4,True,7,3,0.20768975306739643,0.34614958844566074,0.1483498236195689,0.4795790312186527,0.6762820512820512,13.13458399999945
power_theta200_rho4,power,200.0,4.0,-1.0,54,20181174,9,True,6,2,0.252048833454665,0.50409766690933,0.16803255563644334,0.575804566979402,0.8787878787878788,12.999624999999071
power_theta200_rho4,power,200.0,4.0,-1.0,55,20181175,9,True,8,1,0.1923671989105353,0.8656523950974089,0.10820654938717611,0.8656523950974089,1.0,12.736582999998802
power_theta200_rho4,power,200.0,4.0,-1.0,60,20181180,6,True,7,1,0.1302645104429283,0.5210580417717132,0.07443686311024475,0.5467893030937732,0.9529411764705882,11.993207999999811
power_theta200_rho4,power,200.0,4.0,-1.0,51,20181171,19,True,3,1,0.4850798060448946,0.9701596120897892,0.32338653736326306,0.9927214635337378,0.9772727272727273,11.277415999998652
power_theta200_rho4,power,200.0,4.0,-1.0,53,20181173,15,True,7,2,0.10295377100823841,0.23164598476853643,0.0661845670767247,0.44719190852883395,0.75,14.145750000004398
power_theta200_rho4,power,200.0,4.0,-1.0,61,20181181,10,False,1,0,0.0,0.0,0.0,0.0,0.0,12.800042000002065
power_theta200_rho4,power,200.0,4.0,-1.0,58,20181178,11,True,7,1,0.022822570123246594,0.09129028049298638,0.013041468641855196,0.17388624855806928,0.525,13.634375000002308
power_theta200_rho4,power,200.0,4.0,-1.0,56,20181176,15,True,15,3,0.08621328242140482,0.25863984726421446,0.051727969452842894,0.6420937246500268,0.41167694681828143,13.419374999998013
power_theta200_rho4,power,200.0,4.0,-1.0,66,20181186,8,True,11,3,0.21554438552986066,0.5029368995696749,0.1371646089735477,0.6836923879387999,0.699047619047619,12.382708000004072
power_theta200_rho4,power,200.0,4.0,-1.0,59,20181179,12,True,8,2,0.18623188405797103,0.46557971014492755,0.11639492753623189,1.0,0.46557971014492755,12.906334000000186
power_theta200_rho4,power,200.0,4.0,-1.0,65,20181185,11,True,11,1,0.1148585631945504,0.6891513791673024,0.06265012537884568,0.9188685055564032,0.75,11.759707999999591
power_theta200_rho4,power,200.0,4.0,-1.0,64,20181184,13,False,5,0,0.0,0.0,0.0,0.0,0.0,12.161417000001506
power_theta200_rho4,power,200.0,4.0,-1.0,67,20181187,11,False,6,0,0.0,0.0,0.0,0.0,0.0,15.077249999997377
power_theta200_rho4,power,200.0,4.0,-1.0,72,20181192,5,True,5,1,0.3001119789644732,0.9003359368934197,0.18006718737868393,0.9003359368934197,1.0,12.985249999999837
power_theta200_rho4,power,200.0,4.0,-1.0,62,20181182,17,True,13,4,0.21272693110175253,0.45204472859122413,0.13909068572037667,0.6205340746969153,0.6158311776035534,12.826791000001947
power_theta200_rho4,power,200.0,4.0,-1.0,63,20181183,18,True,15,2,0.12413887787571606,0.5275902309717934,0.07034536412957244,0.5514738060574556,0.8693244739756367,11.686457999999789
power_theta200_rho4,power,200.0,4.0,-1.0,69,20181189,15,False,1,0,0.0,0.0,0.0,0.0,0.0,11.957459000001336
power_theta200_rho4,power,200.0,4.0,-1.0,75,20181195,9,False,2,0,0.0,0.0,0.0,0.0,0.0,15.564916999998957
power_theta200_rho4,power,200.0,4.0,-1.0,68,20181188,16,True,18,3,0.05747811653410824,0.20117340786937885,0.033528901311563136,0.2605234491658379,0.7830981098710442,12.080499999996164
power_theta200_rho4,power,200.0,4.0,-1.0,70,20181190,15,True,4,2,0.3333333333333333,0.5,0.25,0.5150270546040014,0.5,14.08537500000051
power_theta200_rho4,power,200.0,4.0,-1.0,74,20181194,13,False,3,0,0.0,0.0,0.0,0.0,0.0,24.360125000001176
power_theta200_rho4,power,200.0,4.0,-1.0,81,20181201,4,True,2,1,0.40356014769371856,0.6053402215405778,0.3026701107702889,0.7106167818085043,0.8518518518518519,30.81816699999962
power_theta200_rho4,power,200.0,4.0,-1.0,77,20181197,10,True,3,2,0.07090858845492151,0.0886357355686519,0.05909049037910127,0.27491338196864695,0.6213093709884467,31.502291999998988
power_theta200_rho4,power,200.0,4.0,-1.0,73,20181193,15,True,7,2,0.3009726583343836,0.677188481252363,0.19348242321496084,0.6901472002331259,0.9804966686856451,36.037540999998896
power_theta200_rho4,power,200.0,4.0,-1.0,80,20181200,7,False,1,0,0.0,0.0,0.0,0.0,0.0,24.22058399999827
power_theta200_rho4,power,200.0,4.0,-1.0,76,20181196,17,True,3,1,0.4409136222942572,0.8818272445885145,0.2939424148628382,0.8818272445885145,1.0,22.033084000000258
power_theta200_rho4,power,200.0,4.0,-1.0,71,20181191,17,True,10,4,0.2026405544785959,0.3546209703375428,0.14184838813501713,0.383448894352061,0.8473684210526315,26.59133299999894
power_theta100_rho64,power,100.0,64.0,-1.0,96,20151216,161,True,50,5,0.0879552080630661,0.48375364434686363,0.04837536443468636,0.572393978265483,0.815723704866562,37.61691700000114
power_theta200_rho4,power,200.0,4.0,-1.0,78,20181198,13,True,7,2,0.4080250182932496,0.9180562911598116,0.2623017974742319,0.9823726436459363,0.9333333333333333,19.239417000001424
power_theta200_rho4,power,200.0,4.0,-1.0,82,20181202,6,True,3,2,0.6175609756097561,0.7719512195121951,0.5146341463414634,1.0,0.7719512195121951,19.176874999999427
power_theta200_rho4,power,200.0,4.0,-1.0,84,20181204,7,True,4,1,0.11685253799371059,0.2921313449842765,0.07303283624606913,0.2921313449842765,1.0,12.6468750000015
power_theta200_rho4,power,200.0,4.0,-1.0,83,20181203,16,False,2,0,0.0,0.0,0.0,0.0,0.0,13.078667000002042
power_theta200_rho4,power,200.0,4.0,-1.0,88,20181208,6,False,5,0,0.0,0.0,0.0,0.0,0.0,11.47225000000418
power_theta200_rho4,power,200.0,4.0,-1.0,90,20181210,3,False,0,0,1.0,1.0,1.0,1.0,1.0,12.8739999999965
power_theta200_rho4,power,200.0,4.0,-1.0,87,20181207,7,False,4,0,0.0,0.0,0.0,0.0,0.0,12.143666000000053
power_theta200_rho4,power,200.0,4.0,-1.0,85,20181205,13,True,8,3,0.09572232875172976,0.1754909360448379,0.06580910101681421,0.463270521064623,0.26318654612617864,11.961332999995022
power_theta200_rho4,power,200.0,4.0,-1.0,89,20181209,10,False,2,0,0.0,0.0,0.0,0.0,0.0,13.457916000000125
power_theta100_rho64,power,100.0,64.0,-1.0,98,20151218,161,True,53,4,0.054024908114865024,0.3849274703184133,0.029051129835351946,0.5386641332849396,0.7128804347826087,13.599083000002565
power_theta200_rho4,power,200.0,4.0,-1.0,79,20181199,22,True,16,3,0.21061006528676385,0.6669318734080855,0.12504972626401603,0.667497182514794,0.7731092436974789,11.536792000001128
power_theta200_rho4,power,200.0,4.0,-1.0,93,20181213,12,True,8,2,0.21115878291875095,0.5278969572968774,0.13197423932421934,0.5940438222637183,0.8401709401709402,13.191707999993696
power_theta200_rho4,power,200.0,4.0,-1.0,86,20181206,17,False,4,0,0.0,0.0,0.0,0.0,0.0,13.208624999997198
power_theta200_rho4,power,200.0,4.0,-1.0,96,20181216,10,True,2,1,0.20689655172413793,0.3103448275862069,0.15517241379310345,1.0,0.3103448275862069,12.211125000000322
power_theta200_rho4,power,200.0,4.0,-1.0,92,20181212,14,True,8,2,0.07990550309863638,0.19976375774659094,0.049940939436647735,0.3725364847587902,0.2990384615384616,11.734917000005396
power_theta200_rho4,power,200.0,4.0,-1.0,94,20181214,13,True,7,2,0.01818784584832497,0.040922653158731184,0.011692186616780339,0.04420619296036653,0.9627659574468085,11.986082999996484
power_theta200_rho4,power,200.0,4.0,-1.0,98,20181218,8,True,4,2,0.38240251035026157,0.5736037655253924,0.2868018827626962,0.6312389816214219,0.8194444444444444,12.773500000001548
power_theta200_rho4,power,200.0,4.0,-1.0,97,20181217,13,True,2,1,0.4735202492211838,0.7102803738317757,0.35514018691588783,1.0,0.7102803738317757,13.849666999995236
power_theta200_rho4,power,200.0,4.0,-1.0,91,20181211,18,True,0,1,0.0,0.0,0.0,0.0,0.0,13.276665999995885
power_theta200_rho4,power,200.0,4.0,-1.0,99,20181219,13,True,8,1,0.12967776334851666,0.5835499350683249,0.07294374188354061,0.5835499350683249,1.0,11.84483300000494
power_theta200_rho4,power,200.0,4.0,-1.0,95,20181215,21,True,8,4,0.3089439732839915,0.4634159599259873,0.23170797996299364,0.6236862937213218,0.5698501075734115,12.830458000003375
power_theta200_rho16,power,200.0,16.0,-1.0,8,20191128,14,True,6,1,0.027489036819650026,0.09621162886877509,0.016035271478129182,0.25015023505881523,0.38461538461538464,14.01829200000293
power_theta200_rho16,power,200.0,16.0,-1.0,11,20191131,25,True,20,3,0.10406421739003939,0.3989128333284844,0.05983692499927266,0.4759435647484181,0.8559420805183517,12.711791999997502
power_theta200_rho16,power,200.0,16.0,-1.0,0,20191120,37,True,19,4,0.13399687480551986,0.3852410150658696,0.08110337159281465,0.49869831164723655,0.6659862757473537,14.139000000000124
power_theta200_rho16,power,200.0,16.0,-1.0,2,20191122,37,True,13,2,0.047161228223269167,0.1768546058372594,0.027208400898039907,0.2823984958701281,0.7625,13.819165999997551
power_theta200_rho16,power,200.0,16.0,-1.0,3,20191123,35,False,13,0,0.0,0.0,0.0,0.0,0.0,14.278041000004293
power_theta200_rho16,power,200.0,16.0,-1.0,9,20191129,41,False,17,0,0.0,0.0,0.0,0.0,0.0,12.192708999997137
power_theta200_rho16,power,200.0,16.0,-1.0,4,20191124,42,True,24,6,0.16224115272811285,0.40560288182028215,0.10140072045507054,0.5296327863564747,0.6573361478745395,16.05804200000449
power_theta200_rho16,power,200.0,16.0,-1.0,18,20191138,16,True,6,1,0.2857142857142857,1.0,0.16666666666666666,1.0,1.0,12.461958000002937
power_theta200_rho16,power,200.0,16.0,-1.0,6,20191126,48,True,5,1,0.0,0.0,0.0,0.003756980096015411,0.0,12.321665999998288
power_theta200_rho16,power,200.0,16.0,-1.0,16,20191136,30,True,14,5,0.27749980262048474,0.527249624978921,0.18830343749247178,0.5498885944883507,0.7603723897481548,13.155666999999482
power_theta200_rho16,power,200.0,16.0,-1.0,10,20191130,50,True,31,1,0.01834129257052169,0.29346068112834706,0.009466473584785388,0.5227268382598682,0.5614035087719298,12.585749999999507
power_theta200_rho16,power,200.0,16.0,-1.0,7,20191127,51,True,26,5,0.22177847178559137,0.6875132625353333,0.13221408894910255,0.7706566889879226,0.9067270351147279,13.878874999996071
power_theta200_rho16,power,200.0,16.0,-1.0,19,20191139,31,True,8,2,0.3732162726630101,0.9330406816575252,0.2332601704143813,0.9850720625634768,0.9472222222222222,12.811457999994502
power_theta200_rho16,power,200.0,16.0,-1.0,12,20191132,56,True,23,3,0.12056172208843428,0.5224341290498818,0.0681435820499846,0.5610861135662399,0.9052422086720867,13.209040999996091
power_theta200_rho16,power,200.0,16.0,-1.0,5,20191125,57,True,22,2,0.040530990872772635,0.2431859452366358,0.022107813203330526,0.3246604210311948,0.48596995139195753,11.274708000001965
power_theta200_rho16,power,200.0,16.0,-1.0,13,20191133,56,True,27,3,0.06453788529403963,0.3226894264701981,0.0358543807189109,0.4327291227332093,0.7062490821952555,13.60358299999831
power_theta200_rho16,power,200.0,16.0,-1.0,17,20191137,44,True,21,2,0.05643169828509999,0.32448226513932493,0.0309030728704119,0.5105978973533787,0.39678030303030304,13.488000000002387
power_theta200_rho16,power,200.0,16.0,-1.0,21,20191141,36,True,4,1,0.22474689343831517,0.5618672335957879,0.14046680839894699,0.7559668233834238,0.7432432432432432,12.099209000005828
power_theta200_rho16,power,200.0,16.0,-1.0,14,20191134,57,True,18,6,0.3153333845889466,0.6306667691778932,0.2102222563926311,0.7706542803264552,0.825436550017674,17.09149999999937
power_theta200_rho16,power,200.0,16.0,-1.0,15,20191135,56,True,38,3,0.03572013994314134,0.24408762294479922,0.019270075495642042,0.6204701182324451,0.460392123626296,13.249958999999478
power_theta200_rho16,power,200.0,16.0,-1.0,23,20191143,38,True,22,4,0.09303018191206598,0.30234809121421446,0.05497238022076627,0.3857936363877297,0.4431962025316456,13.509207999994999
power_theta200_rho16,power,200.0,16.0,-1.0,1,20191121,69,True,28,1,0.004990001876250562,0.07235502720563314,0.0025841081144868977,0.5141015090926565,0.14074074074074075,12.136374999997201
power_theta100_rho64,power,100.0,64.0,-1.0,99,20151219,178,True,66,4,0.044429597744012686,0.388758980260111,0.023561150318794608,0.6693872865050213,0.633917297979798,12.584666999998717
power_theta200_rho16,power,200.0,16.0,-1.0,22,20191142,43,True,16,2,0.05197315689820988,0.23387920604194445,0.029234900755243057,0.30672724893764575,0.5186196623634558,16.414792000006173
power_theta200_rho16,power,200.0,16.0,-1.0,29,20191149,40,True,11,1,0.0458797360785108,0.27527841647106477,0.025025310588278615,0.35786194141238414,0.7692307692307693,12.144040999999106
power_theta200_rho16,power,200.0,16.0,-1.0,26,20191146,45,True,28,4,0.12316564820811751,0.49266259283247005,0.07038037040463858,0.5641525435320157,0.860930735930736,12.155290999999124
power_theta200_rho16,power,200.0,16.0,-1.0,20,20191140,60,True,15,3,0.15666101780738104,0.46998305342214314,0.09399661068442862,0.5108908211582285,0.7664519309503518,14.967542000000833
power_theta200_rho16,power,200.0,16.0,-1.0,32,20191152,39,True,17,1,0.00035872026065162044,0.003228482345864584,0.00018991072622732847,0.0034618666118306986,0.9325842696629213,11.323250000003782
power_theta200_rho16,power,200.0,16.0,-1.0,27,20191147,51,True,11,6,0.31847249782893466,0.45116937192432416,0.246092384685995,0.5102174911403635,0.7133249724472627,13.935875000001374
power_theta200_rho16,power,200.0,16.0,-1.0,24,20191144,58,True,28,1,0.03704051485642578,0.5370874654181739,0.01918169519350621,0.760873909342413,0.7058823529411765,12.055874999994387
power_theta200_rho16,power,200.0,16.0,-1.0,36,20191156,34,True,37,3,0.048282538589602526,0.3218835905973502,0.02609866950789326,0.5576362719235933,0.6349259383004789,11.55041599999862
power_theta200_rho16,power,200.0,16.0,-1.0,30,20191150,52,True,21,1,0.07692307692307693,0.8461538461538461,0.040293040293040296,1.0,0.8461538461538461,11.140959000002226
power_theta200_rho16,power,200.0,16.0,-1.0,28,20191148,55,True,21,2,0.1283070174920456,0.7377653505792621,0.07026336672183449,0.7814642730429905,0.9482758620689655,12.312542000003646
power_theta200_rho16,power,200.0,16.0,-1.0,34,20191154,41,True,25,4,0.13793004892993327,0.49999642737100813,0.0799994283793613,0.5713111882438346,0.7701425775789768,12.891291999999055
power_theta200_rho16,power,200.0,16.0,-1.0,33,20191153,47,True,25,2,0.09137555504503685,0.6167849965539987,0.049342799724319895,0.7584851042757809,0.8050847457627119,14.044625000003919
power_theta200_rho16,power,200.0,16.0,-1.0,25,20191145,64,True,25,1,0.003062172335554659,0.03980824036221056,0.0015923296144884226,0.16535730611995159,0.24074074074074073,14.003875000000221
power_theta200_rho16,power,200.0,16.0,-1.0,41,20191161,28,False,6,0,0.0,0.0,0.0,0.0,0.0,12.928042000005746
power_theta200_rho16,power,200.0,16.0,-1.0,35,20191155,43,True,28,5,0.15652287992030658,0.5165255037370117,0.09223669709589495,0.6112005186311534,0.7534024832503535,13.642332999999951
power_theta200_rho16,power,200.0,16.0,-1.0,39,20191159,34,True,14,1,0.012886851556369771,0.09665138667277329,0.006903670476626663,0.13692279778642882,0.7058823529411765,12.469125000002634
power_theta200_rho16,power,200.0,16.0,-1.0,38,20191158,44,True,32,1,0.0255759345598196,0.42200292023702335,0.01318759125740698,0.5077222634101687,0.8311688311688312,11.15737499999625
power_theta200_rho16,power,200.0,16.0,-1.0,31,20191151,61,True,20,3,0.19296735746384963,0.7397082036114235,0.11095623054171352,0.9113804320133516,0.8283277715980719,12.235625000002415
power_theta200_rho16,power,200.0,16.0,-1.0,42,20191162,42,True,9,7,0.31083367804299555,0.3552384891919949,0.27629660270488493,0.4503670270557595,0.5583706154526589,13.827416000005144
power_theta200_rho16,power,200.0,16.0,-1.0,40,20191160,48,True,14,1,0.0004476028553129651,0.0033570214148472386,0.0002397872439176599,0.0035712993774970627,0.94,11.90445799999651
power_theta200_rho16,power,200.0,16.0,-1.0,44,20191164,36,True,21,2,0.06932511706859393,0.3986194231444151,0.03796375458518239,0.4767778035909607,0.8360695907865718,12.43408300000226
power_theta200_rho16,power,200.0,16.0,-1.0,51,20191171,27,True,10,2,0.09431957248551703,0.2829587174565511,0.05659174349131022,0.5039544603994468,0.49729938271604934,14.216624999995986
power_theta200_rho16,power,200.0,16.0,-1.0,43,20191163,42,True,23,2,0.08424847738741902,0.5265529836713689,0.045787215971423385,0.6127975069704702,0.8709273182957393,12.737375000000384
power_theta200_rho16,power,200.0,16.0,-1.0,52,20191172,28,True,21,4,0.12860127279814682,0.40187897749420876,0.07654837666556358,0.4835419854828122,0.7068667853766376,12.543416999996282
power_theta200_rho16,power,200.0,16.0,-1.0,53,20191173,31,True,20,5,0.2751008114660019,0.6877520286650047,0.17193800716625118,0.7452235567263741,0.8678060985406345,13.800875000001156
power_theta200_rho16,power,200.0,16.0,-1.0,49,20191169,36,True,22,4,0.1712663447618597,0.5566156204760441,0.10120284008655346,0.691845280588149,0.7910233516483516,12.458125000001985
power_theta200_rho16,power,200.0,16.0,-1.0,37,20191157,60,True,18,2,0.1093766928138259,0.5468834640691294,0.060764829341014376,0.7811807128963217,0.6994357256215835,12.208707999995738
power_theta200_rho16,power,200.0,16.0,-1.0,47,20191167,44,True,29,4,0.19633977824567994,0.8099015852634297,0.11171056348461099,0.9617601614662694,0.8316993464052287,14.04095800000249
power_theta200_rho16,power,200.0,16.0,-1.0,48,20191168,44,True,18,3,0.2523478835978836,0.8832175925925926,0.14720293209876545,1.0,0.8832175925925926,15.929582999994807
power_theta200_rho16,power,200.0,16.0,-1.0,54,20191174,37,True,9,1,0.008128566793657432,0.04064283396828716,0.0045158704409207955,0.228225144591151,0.1780821917808219,16.261833000001502
power_theta200_rho16,power,200.0,16.0,-1.0,56,20191176,27,True,19,3,0.18845030516075942,0.6909844522561178,0.10910280825096598,0.8100293625956301,0.8173076923076922,14.060541999995735
power_theta200_rho16,power,200.0,16.0,-1.0,46,20191166,51,True,35,3,0.035801431963187344,0.22674240243351984,0.01943506306573027,0.34851518684021365,0.6962475633528266,12.52529199999941
power_theta200_rho16,power,200.0,16.0,-1.0,60,20191180,28,True,18,1,0.10526315789473684,1.0,0.05555555555555555,1.0,1.0,10.96654199999847
power_theta200_rho16,power,200.0,16.0,-1.0,55,20191175,40,True,8,4,0.22405793471766847,0.33608690207650266,0.16804345103825133,0.4878562491473656,0.6079801200300075,13.424666000005914
power_theta200_rho16,power,200.0,16.0,-1.0,58,20191178,40,True,24,2,0.14093494987168634,0.9160771741659613,0.07633976451383011,0.9687562842440203,0.9446428571428571,13.308332999997674
power_theta200_rho16,power,200.0,16.0,-1.0,62,20191182,34,True,20,2,0.08275518062139624,0.4551534934176793,0.04551534934176793,0.48603416092861085,0.8229448961156278,11.965457999998819
power_theta200_rho16,power,200.0,16.0,-1.0,45,20191165,62,True,24,6,0.1953145184434103,0.4882862961085257,0.12207157402713142,0.6318641097569071,0.7400431620182522,13.533457999997722
power_theta200_rho16,power,200.0,16.0,-1.0,59,20191179,42,True,4,1,0.3804878048780488,0.9512195121951219,0.23780487804878048,1.0,0.9512195121951219,11.28229200000419
power_theta200_rho16,power,200.0,16.0,-1.0,64,20191184,31,True,15,2,0.11786110846653068,0.5009097109827554,0.06678796146436738,0.6431917779895677,0.6041963015647227,14.046290999999655
power_theta200_rho16,power,200.0,16.0,-1.0,61,20191181,44,True,28,4,0.1829683846552746,0.7318735386210984,0.10455336266015691,0.8140306904768739,0.8757411193457705,13.792000000002247
power_theta200_rho16,power,200.0,16.0,-1.0,63,20191183,42,True,25,1,0.028085885259411754,0.36511650837235277,0.014604660334894111,0.5539698747718456,0.6590909090909091,12.097915999994768
power_theta200_rho16,power,200.0,16.0,-1.0,65,20191185,42,True,10,3,0.08627467959502844,0.18692847245589495,0.05607854173676848,0.293430585964066,0.7202922077922077,13.600374999995779
power_theta200_rho16,power,200.0,16.0,-1.0,57,20191177,55,True,28,3,0.07951299140734704,0.410817122271293,0.04401612024335282,0.49409447371508897,0.628413591828226,11.986249999999643
power_theta200_rho16,power,200.0,16.0,-1.0,68,20191188,39,True,18,5,0.2468712826588879,0.5678039501154422,0.15772331947651172,0.5962179057648972,0.8510675381263617,12.294750000002352
power_theta200_rho16,power,200.0,16.0,-1.0,70,20191190,36,True,20,4,0.10671197018309925,0.3201359105492978,0.06402718210985955,0.4347622049594462,0.6257621367815763,14.00629100000117
power_theta200_rho16,power,200.0,16.0,-1.0,74,20191194,27,False,4,0,0.0,0.0,0.0,0.0,0.0,13.509624999997527
power_theta200_rho16,power,200.0,16.0,-1.0,50,20191170,67,True,19,1,0.03348723497081234,0.33487234970812335,0.01762486051095386,0.7271513879376393,0.4605263157894737,12.732375000005902
power_theta200_rho16,power,200.0,16.0,-1.0,67,20191187,43,True,34,3,0.05872813752425103,0.36215684806621473,0.031955016005842475,0.45297090904714626,0.6502564102564102,12.692958000002363
power_theta200_rho16,power,200.0,16.0,-1.0,71,20191191,36,True,31,4,0.08650461005525026,0.3784576689917199,0.04883324761183482,0.5371632761403738,0.7379734848484848,15.037583000001575
power_theta200_rho16,power,200.0,16.0,-1.0,75,20191195,31,True,11,3,0.1379444687906229,0.3218704271781201,0.08778284377585094,0.3463448557480471,0.9120567375886525,12.63525000000243
power_theta200_rho16,power,200.0,16.0,-1.0,69,20191189,46,True,15,1,0.036458333333333336,0.2916666666666667,0.019444444444444445,1.0,0.2916666666666667,12.542541000001961
power_theta200_rho16,power,200.0,16.0,-1.0,72,20191192,42,True,11,2,0.10634158793647396,0.34561016079354034,0.06283821105337097,0.5559978110246768,0.35119047619047616,13.40691699999752
power_theta200_rho16,power,200.0,16.0,-1.0,77,20191197,38,True,11,1,0.003732925954449303,0.022397555726695818,0.0020361414296996196,0.029863407635594422,0.75,12.367791999999156
power_theta200_rho16,power,200.0,16.0,-1.0,73,20191193,46,True,24,4,0.07441219255122482,0.2604426739292869,0.043407112321547814,0.5638679728925904,0.44567782266078415,11.70349999999587
power_theta200_rho16,power,200.0,16.0,-1.0,82,20191202,32,False,14,0,0.0,0.0,0.0,0.0,0.0,12.329459000000043
power_theta200_rho16,power,200.0,16.0,-1.0,66,20191186,57,True,25,1,0.026441637700248277,0.34374129010322757,0.013749651604129103,0.6187343221858096,0.5555555555555556,12.71970800000588
power_theta200_rho16,power,200.0,16.0,-1.0,81,20191201,38,True,42,6,0.12163526247087492,0.4865410498834997,0.06950586426907139,0.7567714877010553,0.6484313944761706,13.12037499999974
power_theta200_rho16,power,200.0,16.0,-1.0,78,20191198,51,True,14,4,0.22886495279006766,0.5149461437776521,0.14712746965075776,0.5664382242567679,0.6798529076071449,12.539375000002906
power_theta200_rho16,power,200.0,16.0,-1.0,80,20191200,43,True,29,5,0.17752661075260265,0.603590476558849,0.10406732354462914,0.772263237753456,0.7324795927868649,12.817708000000039
power_theta200_rho16,power,200.0,16.0,-1.0,79,20191199,49,True,16,2,0.13126367824778234,0.5906865521150205,0.07383581901437757,0.7626670143889378,0.7972541507024266,12.616082999997502
power_theta200_rho16,power,200.0,16.0,-1.0,83,20191203,44,True,20,3,0.023310912031988963,0.08935849612262435,0.013403774418393652,0.358942197765858,0.3465320910973085,13.817959000000712
power_theta200_rho16,power,200.0,16.0,-1.0,84,20191204,43,True,13,3,0.16734455355053185,0.4462521428014182,0.1029812637234042,0.6300946141025974,0.6214328863114655,13.732208000000412
power_theta200_rho16,power,200.0,16.0,-1.0,76,20191196,58,True,27,4,0.0955098571186328,0.3701006963347021,0.05482973279032624,0.5959213740215918,0.5331738286303587,12.419708000003027
power_theta200_rho16,power,200.0,16.0,-1.0,86,20191206,43,True,17,2,0.060647744676000544,0.28807678721100255,0.033891386730706186,0.448877186209784,0.4068627450980392,12.931375000000855
power_theta200_rho16,power,200.0,16.0,-1.0,95,20191215,23,True,16,3,0.10603561688513843,0.335779453469605,0.06295864752555094,0.3450989394496449,0.6094622392007053,13.940208999997594
power_theta200_rho16,power,200.0,16.0,-1.0,92,20191212,30,True,8,1,0.2222222222222222,1.0,0.125,1.0,1.0,14.008291999999756
power_theta200_rho16,power,200.0,16.0,-1.0,87,20191207,50,True,21,6,0.18107140905221203,0.4074106703674771,0.11640304867642201,0.5801570603708835,0.5452498077486154,13.475041999996051
power_theta200_rho16,power,200.0,16.0,-1.0,89,20191209,42,True,19,2,0.056858620051523555,0.2985077552704987,0.03142186897584197,0.4848513853996973,0.5442708333333334,12.990499999993688
power_theta200_rho16,power,200.0,16.0,-1.0,91,20191211,44,True,29,3,0.12172866107012822,0.6492195257073504,0.06716064059041557,0.7527184965489409,0.8676517548698,12.146792000002904
power_theta200_rho16,power,200.0,16.0,-1.0,88,20191208,58,True,19,2,0.09190212659756197,0.4824861646372004,0.05078801733023162,0.7200260268383916,0.6991181657848324,12.971584000005976
power_theta200_rho16,power,200.0,16.0,-1.0,93,20191213,44,True,38,3,0.06880441889170506,0.47016352909331793,0.03711817334947247,0.634587797017741,0.5967261904761905,12.66308299999963
power_theta200_rho16,power,200.0,16.0,-1.0,85,20191205,63,True,40,6,0.10015328428300149,0.38392092308483905,0.057588138462725855,0.5269735645451799,0.6862377941605821,14.463875000004123
power_theta200_rho16,power,200.0,16.0,-1.0,94,20191214,49,True,19,1,0.03809523809523809,0.38095238095238093,0.020050125313283207,1.0,0.38095238095238093,12.735749999997381
power_theta200_rho16,power,200.0,16.0,-1.0,99,20191219,47,True,3,2,0.3964101879037336,0.49551273487966707,0.3303418232531114,0.4957139085193579,0.5031645569620253,13.831791999997733
power_theta200_rho16,power,200.0,16.0,-1.0,98,20191218,46,True,16,5,0.2223450584093539,0.4669246226596432,0.1459139445811385,0.5131600850166744,0.7185714285714285,13.765250000005835
power_theta200_rho16,power,200.0,16.0,-1.0,90,20191210,69,True,10,2,0.07056926678439006,0.2117078003531702,0.04234156007063404,0.22099972867260118,0.8133333333333332,13.291584000000967
power_theta200_rho16,power,200.0,16.0,-1.0,97,20191217,54,True,27,1,0.01949125172671855,0.27287752417405975,0.01010657496940962,0.4263711315219683,0.64,13.327041000003703
power_theta200_rho16,power,200.0,16.0,-1.0,96,20191216,57,True,29,6,0.1605581204202829,0.4682945178924917,0.09688852094327415,0.6862609391345712,0.6115578497455777,13.548374999999169
power_theta200_rho64,power,200.0,64.0,-1.0,5,20201125,124,False,41,0,0.0,0.0,0.0,0.0,0.0,10.803584000001365
power_theta200_rho64,power,200.0,64.0,-1.0,8,20201128,123,True,48,4,0.04707972250876647,0.30601819630698207,0.025501516358915174,0.43957455020021236,0.6799075241698191,12.960500000005482
power_theta200_rho64,power,200.0,64.0,-1.0,2,20201122,133,True,76,5,0.05665111414926681,0.4588740246090611,0.0301890805663856,0.7565133525781478,0.537483193135367,16.058000000001016
power_theta200_rho64,power,200.0,64.0,-1.0,7,20201127,137,True,63,2,0.03961053272946852,0.6436711568538634,0.02043400497948773,0.7574108226965054,0.7790697674418605,12.674791999998547
power_theta200_rho64,power,200.0,64.0,-1.0,11,20201131,152,True,64,4,0.06245282283545828,0.5308489941013954,0.03317806213133721,0.585251362492813,0.8782051282051282,13.123333000002901
power_theta200_rho64,power,200.0,64.0,-1.0,1,20201121,159,True,85,8,0.0809372977897344,0.4704480434028312,0.04427746290850176,0.7349201924773965,0.6151988387543884,13.498957999999561
power_theta200_rho64,power,200.0,64.0,-1.0,14,20201134,151,True,35,3,0.05549224680596291,0.3514508964377651,0.030124362551808437,0.4403549891468324,0.698813209494324,13.326042000002758
power_theta200_rho64,power,200.0,64.0,-1.0,13,20201133,151,True,58,3,0.008416133121220463,0.08556402006574139,0.00442572517581421,0.1770349488246679,0.7792207792207794,13.097874999999704
power_theta200_rho64,power,200.0,64.0,-1.0,4,20201124,174,True,80,5,0.028704089750657573,0.24398476288058935,0.015249047680036834,0.478480485064927,0.5014522514522514,13.437584000001834
power_theta200_rho64,power,200.0,64.0,-1.0,6,20201126,170,True,92,5,0.05000834319090739,0.48508092895180177,0.026363093964771833,0.6452505362910104,0.6557639419174458,12.709332999996548
power_theta200_rho64,power,200.0,64.0,-1.0,12,20201132,175,True,47,2,0.014518649676850627,0.1778534585414202,0.007568232278358306,0.5508358375758098,0.2082023884349466,13.42116699999707
power_theta200_rho64,power,200.0,64.0,-1.0,15,20201135,183,True,106,2,0.015300436004577918,0.4131117721236038,0.007794561738181204,0.5153969850380398,0.8900226757369614,14.796709000002295
power_theta200_rho64,power,200.0,64.0,-1.0,9,20201129,193,True,81,1,0.024390243902439022,1.0,0.012345679012345678,1.0,1.0,15.105791999999951
power_theta200_rho64,power,200.0,64.0,-1.0,17,20201137,138,True,38,2,0.013603494233065509,0.1360349423306551,0.007159733806876584,0.3308301493124639,0.4318181818181818,13.126500000005592
power_theta200_rho64,power,200.0,64.0,-1.0,0,20201120,207,True,83,5,0.038798360438250676,0.34142557185660605,0.02056780553353048,0.5656926631372963,0.5849421167068225,13.931250000005946
power_theta200_rho64,power,200.0,64.0,-1.0,16,20201136,165,True,56,4,0.042695768349734646,0.32021826262300984,0.022872733044500704,0.5928853209277974,0.4606865356865357,15.697458000005327
power_theta200_rho64,power,200.0,64.0,-1.0,19,20201139,135,True,28,3,0.05445636662008404,0.2813578942037675,0.030145488664689378,0.36169023668725747,0.5703703703703704,13.84137499999838
power_theta200_rho64,power,200.0,64.0,-1.0,18,20201138,152,True,29,2,0.02392186313248229,0.18539443927673777,0.012785823398395709,0.259608860182456,0.43349753694581283,13.307625000003043
power_theta200_rho64,power,200.0,64.0,-1.0,3,20201123,206,True,93,10,0.11648717607485146,0.599908956785485,0.06450633943929947,0.7668284711655836,0.7322538583122108,15.66416700000417
power_theta200_rho64,power,200.0,64.0,-1.0,25,20201145,122,True,38,5,0.1275804664376032,0.5485960056816939,0.07218368495811761,0.6796508984695737,0.6892791461412152,18.893084000005445
power_theta200_rho64,power,200.0,64.0,-1.0,23,20201143,134,True,90,4,0.020597677131850588,0.2420227062992444,0.010756564724410863,0.4955632579490093,0.45201333058475923,13.573082999997155
power_theta200_rho64,power,200.0,64.0,-1.0,21,20201141,159,True,73,4,0.034250728055164305,0.3296632575309564,0.018063740138682543,0.4704397580292957,0.6937292358803986,12.870083000002808
power_theta200_rho64,power,200.0,64.0,-1.0,10,20201130,226,True,78,4,0.03158719853103759,0.3237687849431353,0.0166035274329813,0.5346380860507168,0.573532888332638,14.519708000001685
power_theta200_rho64,power,200.0,64.0,-1.0,22,20201142,158,True,75,2,0.017993116597680634,0.3463674945053522,0.009236466520142726,0.43007357059020984,0.85,11.937457999998458
power_theta200_rho64,power,200.0,64.0,-1.0,27,20201147,133,True,64,6,0.053510436135351704,0.3121442107895516,0.029263519761520466,0.5050456300297521,0.6420750795405364,15.196709000001363
power_theta200_rho64,power,200.0,64.0,-1.0,30,20201150,134,True,74,4,0.05281733403274303,0.5149690068192445,0.027836162530769974,0.6158368997879069,0.8404625997697246,12.992625000002533
power_theta200_rho64,power,200.0,64.0,-1.0,24,20201144,173,True,64,5,0.07203615179659648,0.49704944739651574,0.03883198807785279,0.7327140405609758,0.6258591000502765,15.316458999997451
power_theta200_rho64,power,200.0,64.0,-1.0,32,20201152,143,True,71,3,0.019478045592392166,0.2402292289728367,0.010150530801669156,0.7088455916853653,0.3466125704724147,13.278624999998101
power_theta200_rho64,power,200.0,64.0,-1.0,28,20201148,159,True,61,2,0.030545460460083853,0.4810910022463206,0.015773475483485924,0.5118250400321313,0.8472222222222222,12.754790999998988
power_theta200_rho64,power,200.0,64.0,-1.0,35,20201155,138,True,51,3,0.07457717234362854,0.6711945510926568,0.03948203241721511,0.8349200412887353,0.8362745098039216,12.422958000001927
power_theta200_rho64,power,200.0,64.0,-1.0,33,20201153,149,True,79,2,0.018471293620699807,0.37404369581917113,0.009469460653649902,0.6408675364420927,0.4198903932946486,14.117166999994879
power_theta200_rho64,power,200.0,64.0,-1.0,39,20201159,129,True,56,6,0.12078512903958726,0.6240565000378675,0.06686319643262865,0.7628330239748813,0.8089847837554971,13.553916999995863
power_theta200_rho64,power,200.0,64.0,-1.0,26,20201146,194,True,84,4,0.021928645194096565,0.24121509713506223,0.011486433196907725,0.5086309574321195,0.48843198260673987,13.948833000000604
power_theta200_rho64,power,200.0,64.0,-1.0,29,20201149,184,True,42,1,0.00045526738363243884,0.009788248748097434,0.00023305354162136749,0.07038216956965299,0.1390728476821192,13.043165999995665
power_theta200_rho64,power,200.0,64.0,-1.0,20,20201140,235,True,72,2,0.005000236264712034,0.09250437089717264,0.0025695658582547956,0.3676839668005137,0.3719366132301456,12.749374999998508
power_theta200_rho64,power,200.0,64.0,-1.0,34,20201154,171,True,90,4,0.03485783824113361,0.4095795993333199,0.01820353774814755,0.6992628682444637,0.6686904160046223,12.54070799999596
power_theta200_rho64,power,200.0,64.0,-1.0,31,20201151,182,True,129,3,0.010682614343620457,0.2350175155596501,0.005465523617666281,0.448307916339928,0.46317634746206177,12.79245799999984
power_theta200_rho64,power,200.0,64.0,-1.0,37,20201157,171,True,64,6,0.05196253723732681,0.3031148005510731,0.028417012551663103,0.425559486790275,0.6808562723198128,15.700416999997913
power_theta200_rho64,power,200.0,64.0,-1.0,38,20201158,180,True,62,5,0.07772643843271552,0.5207671374991939,0.04199734979832209,0.6514668561544076,0.8241701293487724,14.19408399999611
power_theta200_rho64,power,200.0,64.0,-1.0,44,20201164,123,True,36,4,0.0477429395352818,0.23871469767640902,0.02652385529737878,0.5436882864845642,0.5125062845651082,13.589582999998129
power_theta200_rho64,power,200.0,64.0,-1.0,40,20201160,156,True,59,1,0.013324803215101743,0.39974409645305237,0.0067753236686958025,0.4293547702643896,0.9310344827586207,11.757875000000695
power_theta200_rho64,power,200.0,64.0,-1.0,36,20201156,182,True,83,6,0.05693712698637628,0.42228369181562403,0.030526531938478846,0.5746102952724443,0.687833102463464,13.284916000003477
power_theta200_rho64,power,200.0,64.0,-1.0,41,20201161,175,True,64,7,0.10523885919040565,0.5337113573227715,0.058374679707178134,0.6590417135449204,0.8117840527015403,13.29608300000018
power_theta200_rho64,power,200.0,64.0,-1.0,49,20201169,147,True,77,3,0.04271166382259148,0.5694888509678864,0.022187877310437133,0.6699010333888165,0.8466183574879227,13.349083000001372
power_theta200_rho64,power,200.0,64.0,-1.0,47,20201167,148,True,98,2,0.014639890576710677,0.3659972644177669,0.007469331926893203,0.5625278912316253,0.7005347593582887,13.762958000000935
power_theta200_rho64,power,200.0,64.0,-1.0,42,20201162,166,True,52,3,0.07093205077974817,0.6502104654810249,0.0375121422392899,0.6963329314431984,0.9074930619796485,12.581083000000604
power_theta200_rho64,power,200.0,64.0,-1.0,46,20201166,172,True,55,1,1.6452827184898907e-05,0.00046067916117716935,8.375984748675807e-06,0.0011516979029429233,0.4,12.974834000004876
power_theta200_rho64,power,200.0,64.0,-1.0,43,20201163,179,True,90,3,0.02256400144802723,0.34974202244442204,0.011658067414814068,0.5253893963455386,0.6666666666666666,12.45283300000466
power_theta200_rho64,power,200.0,64.0,-1.0,48,20201168,170,True,89,2,0.043691248510525624,0.9939759036144578,0.022336537159875457,1.0,0.9939759036144578,12.64604100000355
power_theta200_rho64,power,200.0,64.0,-1.0,50,20201170,170,True,70,5,0.05292957823170887,0.39697183673781655,0.028355131195558325,0.7655191581357276,0.5295947380064373,18.342000000004077
power_theta200_rho64,power,200.0,64.0,-1.0,45,20201165,200,True,58,2,0.013652393776675452,0.20478590665013177,0.007061582987935578,0.6535283097557788,0.38005982053838483,14.435624999997287
power_theta200_rho64,power,200.0,64.0,-1.0,56,20201176,144,True,57,2,0.020727322886438932,0.30572801257497423,0.010727298686841202,0.4118607382822006,0.5120359037127703,12.359542000005774
power_theta200_rho64,power,200.0,64.0,-1.0,54,20201174,165,True,51,4,0.04861112474407275,0.3342014826155002,0.026211880989450997,0.7071423779610493,0.47731097230541053,13.261292000002811
power_theta200_rho64,power,200.0,64.0,-1.0,57,20201177,152,True,77,1,0.020738285882609935,0.8087931494217875,0.01050380713534789,0.8682632339380955,0.9315068493150684,14.594208000005437
power_theta200_rho64,power,200.0,64.0,-1.0,51,20201171,176,True,83,6,0.04837922099404521,0.3588125557058353,0.025938257038976047,0.5001829362280531,0.6749265138154027,13.21800000000195
power_theta200_rho64,power,200.0,64.0,-1.0,52,20201172,173,True,60,1,0.015384370210987677,0.46922329143512415,0.007820388190585403,0.47443688356218106,0.989010989010989,13.459457999999813
power_theta200_rho64,power,200.0,64.0,-1.0,60,20201180,141,True,35,2,0.08892173308345122,0.8225260310219238,0.04700148748696707,0.9584004692340942,0.8553030303030302,12.960708000001375
power_theta200_rho64,power,200.0,64.0,-1.0,59,20201179,144,True,77,3,0.03724791891116819,0.4966389188155758,0.019349568265541916,0.8834171961091496,0.5695031712473573,13.909167000001332
power_theta200_rho64,power,200.0,64.0,-1.0,53,20201173,197,True,82,6,0.056150896451179,0.4117732406419794,0.030129749315266786,0.7036403629939124,0.5888611718555398,14.033959000002483
power_theta200_rho64,power,200.0,64.0,-1.0,61,20201181,145,False,68,0,0.0,0.0,0.0,0.0,0.0,12.823791999998946
power_theta200_rho64,power,200.0,64.0,-1.0,55,20201175,180,True,115,4,0.020419659042391035,0.3037424282555667,0.01056495402628058,0.6263318854022031,0.45462758706247736,13.196041999997021
power_theta200_rho64,power,200.0,64.0,-1.0,62,20201182,143,True,53,3,0.04819886878808294,0.449856108688774,0.025463553322006078,0.5267182273410379,0.8815789473684211,13.745041999996488
power_theta200_rho64,power,200.0,64.0,-1.0,58,20201178,185,True,111,5,0.033233450020236914,0.38550802023474817,0.01736522613670037,0.5184682379801003,0.7584321475625824,13.274499999994305
power_theta200_rho64,power,200.0,64.0,-1.0,64,20201184,153,True,47,3,0.06431845461403835,0.5359871217836528,0.03421194394363742,0.721991863766121,0.6794751920979131,13.012707999997986
power_theta200_rho64,power,200.0,64.0,-1.0,65,20201185,158,True,35,3,0.08623714400952381,0.546168578726984,0.04681444960517006,0.7678286495160206,0.6328104575163399,13.634707999997886
power_theta200_rho64,power,200.0,64.0,-1.0,66,20201186,160,True,103,6,0.053594852554350064,0.486819910702013,0.028358441400117264,0.594785600654069,0.672675782687882,15.820083999997792
power_theta200_rho64,power,200.0,64.0,-1.0,68,20201188,157,True,52,2,0.051369708032755264,0.693491058442196,0.026672733017007542,0.7579149243129462,0.9142156862745098,12.57970799999697
power_theta200_rho64,power,200.0,64.0,-1.0,71,20201191,162,False,62,0,0.0,0.0,0.0,0.0,0.0,13.716416999997705
power_theta200_rho64,power,200.0,64.0,-1.0,67,20201187,178,True,72,5,0.04004304785901917,0.3083314685144476,0.021411907535725527,0.4508658390520065,0.5998464904328487,13.829832999995517
power_theta200_rho64,power,200.0,64.0,-1.0,63,20201183,199,True,83,2,0.010287670303513605,0.2186129939496641,0.005267782986738894,0.2897554264618064,0.7794117647058824,12.988917000001265
power_theta200_rho64,power,200.0,64.0,-1.0,76,20201196,153,True,68,7,0.1281982196593693,0.6867761767466213,0.07069754760626984,0.8404657683082337,0.7883990935453608,13.424499999999284
power_theta200_rho64,power,200.0,64.0,-1.0,69,20201189,189,True,112,4,0.0261436533044534,0.37908297291457427,0.013538677604091939,0.5878112765516534,0.5382034632034631,13.0955000000057
power_theta200_rho64,power,200.0,64.0,-1.0,70,20201190,192,True,65,3,0.05115378303121585,0.5797428743537796,0.026757363431712904,0.7200916118320083,0.6327781479013991,13.561042000006296
power_theta200_rho64,power,200.0,64.0,-1.0,77,20201197,151,True,81,2,0.014668130538576322,0.3043637086754587,0.00751515330062861,0.5161021258161115,0.5836363636363636,12.5263750000002
power_theta200_rho64,power,200.0,64.0,-1.0,74,20201194,185,True,107,1,0.008634793254526653,0.4662788357444393,0.004357746128452703,0.527097814319801,0.8846153846153846,13.114583000003677
power_theta200_rho64,power,200.0,64.0,-1.0,79,20201199,163,True,49,2,0.02383765225153197,0.3039300662070326,0.012405308824776841,0.5135665471081573,0.6231380337636544,15.642665999997973
power_theta200_rho64,power,200.0,64.0,-1.0,75,20201195,197,True,66,6,0.10563948299064191,0.6338368979438515,0.05762153617671376,0.922191466939687,0.6567073425769079,15.8442080000043
power_theta200_rho64,power,200.0,64.0,-1.0,72,20201192,202,True,81,5,0.043201871712487364,0.3715360967273914,0.02293432695848095,0.6148261383867814,0.4962536841083673,14.490917000003378
power_theta200_rho64,power,200.0,64.0,-1.0,80,20201200,154,True,75,4,0.015818976329353023,0.15621239125236108,0.008331327533459257,0.3887540721261358,0.34863516113516113,13.184166999991476
power_theta200_rho64,power,200.0,64.0,-1.0,81,20201201,138,True,77,7,0.08670266700576414,0.5202160020345848,0.0472923638213259,0.7350560771152896,0.652861784926161,13.92820899999947
power_theta200_rho64,power,200.0,64.0,-1.0,83,20201203,132,True,80,6,0.03613095620784757,0.25893851948957425,0.01942038896171807,0.4264610558770649,0.5929446496248577,12.497042000006786
power_theta200_rho64,power,200.0,64.0,-1.0,73,20201193,219,True,101,7,0.030358117745385355,0.23419119403582986,0.016231072853968406,0.5199673523729708,0.40142791260485694,16.30341699998894
power_theta200_rho64,power,200.0,64.0,-1.0,78,20201198,188,True,72,7,0.07916157879093948,0.4466974803203014,0.04342892169780708,0.6454260749970693,0.5745514721515436,17.10245900000018
power_theta200_rho64,power,200.0,64.0,-1.0,82,20201202,166,True,79,4,0.035280264303081676,0.3660327421444724,0.018533303399720123,0.7945868615638921,0.4934300041356493,14.171250000003965
power_theta200_rho64,power,200.0,64.0,-1.0,85,20201205,152,True,54,5,0.06770455416704758,0.39945686958558074,0.03698674718385007,0.5857836751271752,0.6511382245205775,16.034583999996244
fp_theta10_alpha2p0,false_positive,10.0,0.0,2.0,0,20211120,1,False,0,0,1.0,1.0,1.0,1.0,1.0,12.89662499999622
power_theta200_rho64,power,200.0,64.0,-1.0,92,20201212,107,True,42,3,0.045037893776012694,0.33778420332009523,0.024127443094292517,0.42236360113948496,0.7643600180913613,12.6264999999961
fp_theta10_alpha2p0,false_positive,10.0,0.0,2.0,2,20211122,1,False,0,0,1.0,1.0,1.0,1.0,1.0,12.675958999992076
fp_theta10_alpha2p0,false_positive,10.0,0.0,2.0,1,20211121,1,False,0,0,1.0,1.0,1.0,1.0,1.0,12.666207999998846
fp_theta10_alpha2p0,false_positive,10.0,0.0,2.0,3,20211123,1,False,0,0,1.0,1.0,1.0,1.0,1.0,11.365709000003221
fp_theta10_alpha2p0,false_positive,10.0,0.0,2.0,5,20211125,1,False,0,0,1.0,1.0,1.0,1.0,1.0,14.019750000002773
fp_theta10_alpha2p0,false_positive,10.0,0.0,2.0,4,20211124,1,False,0,0,1.0,1.0,1.0,1.0,1.0,11.369833999992807
power_theta200_rho64,power,200.0,64.0,-1.0,84,20201204,187,True,63,4,0.020973168179685052,0.1756502835048623,0.011152398952689671,0.5292677562191108,0.34385361552028215,13.621624999998971
fp_theta10_alpha2p0,false_positive,10.0,0.0,2.0,6,20211126,1,False,0,0,1.0,1.0,1.0,1.0,1.0,11.282833999999298
fp_theta10_alpha2p0,false_positive,10.0,0.0,2.0,7,20211127,1,False,0,0,1.0,1.0,1.0,1.0,1.0,10.746374999996533
fp_theta10_alpha2p0,false_positive,10.0,0.0,2.0,9,20211129,1,False,0,0,1.0,1.0,1.0,1.0,1.0,12.239624999992316
power_theta200_rho64,power,200.0,64.0,-1.0,91,20201211,137,True,28,6,0.09849207797271686,0.2790608875893644,0.05979876162629238,0.43961073346449026,0.5018902907791797,15.357582999996566
fp_theta10_alpha2p0,false_positive,10.0,0.0,2.0,8,20211128,1,False,0,0,1.0,1.0,1.0,1.0,1.0,12.734790999999746
fp_theta10_alpha2p0,false_positive,10.0,0.0,2.0,10,20211130,1,False,0,0,1.0,1.0,1.0,1.0,1.0,13.045875000003093
fp_theta10_alpha2p0,false_positive,10.0,0.0,2.0,12,20211132,1,False,0,0,1.0,1.0,1.0,1.0,1.0,9.976582999996708
power_theta200_rho64,power,200.0,64.0,-1.0,87,20201207,165,True,55,8,0.10041678366465882,0.39539108567959413,0.0575114306443046,0.6253085397448193,0.6566639127020483,16.05716599999596
fp_theta10_alpha2p0,false_positive,10.0,0.0,2.0,13,20211133,1,False,0,0,1.0,1.0,1.0,1.0,1.0,12.74041700000339
fp_theta10_alpha2p0,false_positive,10.0,0.0,2.0,11,20211131,1,False,0,0,1.0,1.0,1.0,1.0,1.0,14.309332999999924
fp_theta10_alpha2p0,false_positive,10.0,0.0,2.0,14,20211134,1,False,0,0,1.0,1.0,1.0,1.0,1.0,13.897042000010629
fp_theta10_alpha2p0,false_positive,10.0,0.0,2.0,15,20211135,1,False,0,0,1.0,1.0,1.0,1.0,1.0,11.610750000002668
fp_theta10_alpha2p0,false_positive,10.0,0.0,2.0,18,20211138,1,False,0,0,1.0,1.0,1.0,1.0,1.0,15.052791999991655
fp_theta10_alpha2p0,false_positive,10.0,0.0,2.0,17,20211137,1,False,0,0,1.0,1.0,1.0,1.0,1.0,11.711542000000463
fp_theta10_alpha2p0,false_positive,10.0,0.0,2.0,16,20211136,1,False,0,0,1.0,1.0,1.0,1.0,1.0,11.553915999996889
fp_theta10_alpha2p0,false_positive,10.0,0.0,2.0,19,20211139,1,False,0,0,1.0,1.0,1.0,1.0,1.0,11.657249999998953
fp_theta10_alpha2p0,false_positive,10.0,0.0,2.0,20,20211140,1,False,0,0,1.0,1.0,1.0,1.0,1.0,11.051667000003818
fp_theta10_alpha2p0,false_positive,10.0,0.0,2.0,21,20211141,1,False,0,0,1.0,1.0,1.0,1.0,1.0,9.00870799999609
fp_theta10_alpha2p0,false_positive,10.0,0.0,2.0,23,20211143,1,False,0,0,1.0,1.0,1.0,1.0,1.0,11.289500000003727
fp_theta10_alpha2p0,false_positive,10.0,0.0,2.0,22,20211142,1,False,0,0,1.0,1.0,1.0,1.0,1.0,10.929083000007722
fp_theta10_alpha2p0,false_positive,10.0,0.0,2.0,26,20211146,1,False,0,0,1.0,1.0,1.0,1.0,1.0,9.434208999991256
fp_theta10_alpha2p0,false_positive,10.0,0.0,2.0,24,20211144,1,False,0,0,1.0,1.0,1.0,1.0,1.0,11.58516700000689
fp_theta10_alpha2p0,false_positive,10.0,0.0,2.0,25,20211145,1,False,0,0,1.0,1.0,1.0,1.0,1.0,12.084208999993962
fp_theta10_alpha2p0,false_positive,10.0,0.0,2.0,30,20211150,1,False,0,0,1.0,1.0,1.0,1.0,1.0,9.144083999998998
fp_theta10_alpha2p0,false_positive,10.0,0.0,2.0,28,20211148,1,False,0,0,1.0,1.0,1.0,1.0,1.0,11.833999999993239
fp_theta10_alpha2p0,false_positive,10.0,0.0,2.0,27,20211147,1,False,0,0,1.0,1.0,1.0,1.0,1.0,11.892958000004228
fp_theta10_alpha2p0,false_positive,10.0,0.0,2.0,29,20211149,1,False,0,0,1.0,1.0,1.0,1.0,1.0,12.71187499999371
fp_theta10_alpha2p0,false_positive,10.0,0.0,2.0,31,20211151,1,False,0,0,1.0,1.0,1.0,1.0,1.0,11.934916999990719
fp_theta10_alpha2p0,false_positive,10.0,0.0,2.0,34,20211154,1,False,0,0,1.0,1.0,1.0,1.0,1.0,9.090041000007432
fp_theta10_alpha2p0,false_positive,10.0,0.0,2.0,32,20211152,1,False,0,0,1.0,1.0,1.0,1.0,1.0,11.733833000008076
fp_theta10_alpha2p0,false_positive,10.0,0.0,2.0,33,20211153,1,False,0,0,1.0,1.0,1.0,1.0,1.0,11.292624999995837
fp_theta10_alpha2p0,false_positive,10.0,0.0,2.0,36,20211156,1,False,0,0,1.0,1.0,1.0,1.0,1.0,11.489957999998524
fp_theta10_alpha2p0,false_positive,10.0,0.0,2.0,35,20211155,1,False,0,0,1.0,1.0,1.0,1.0,1.0,13.687833000005867
fp_theta10_alpha2p0,false_positive,10.0,0.0,2.0,37,20211157,1,False,0,0,1.0,1.0,1.0,1.0,1.0,12.358749999989982
fp_theta10_alpha2p0,false_positive,10.0,0.0,2.0,39,20211159,1,False,0,0,1.0,1.0,1.0,1.0,1.0,11.237166000000798
fp_theta10_alpha2p0,false_positive,10.0,0.0,2.0,40,20211160,1,False,0,0,1.0,1.0,1.0,1.0,1.0,10.638207999988936
fp_theta10_alpha2p0,false_positive,10.0,0.0,2.0,42,20211162,1,False,0,0,1.0,1.0,1.0,1.0,1.0,11.414874999999824
fp_theta10_alpha2p0,false_positive,10.0,0.0,2.0,38,20211158,1,False,0,0,1.0,1.0,1.0,1.0,1.0,10.798082999997405
fp_theta10_alpha2p0,false_positive,10.0,0.0,2.0,41,20211161,1,False,0,0,1.0,1.0,1.0,1.0,1.0,13.843917000002648
fp_theta10_alpha2p0,false_positive,10.0,0.0,2.0,45,20211165,1,False,0,0,1.0,1.0,1.0,1.0,1.0,12.05954200000292
fp_theta10_alpha2p0,false_positive,10.0,0.0,2.0,43,20211163,1,False,0,0,1.0,1.0,1.0,1.0,1.0,14.30249999999944
power_theta200_rho64,power,200.0,64.0,-1.0,95,20201215,141,True,44,6,0.10552885787668788,0.43970357448619946,0.0599595783390272,0.7815202765980988,0.5679225319417217,13.544000000010215
fp_theta10_alpha2p0,false_positive,10.0,0.0,2.0,46,20211166,1,False,0,0,1.0,1.0,1.0,1.0,1.0,13.182458000002839
fp_theta10_alpha2p0,false_positive,10.0,0.0,2.0,47,20211167,1,False,0,0,1.0,1.0,1.0,1.0,1.0,12.698541999995427
power_theta200_rho64,power,200.0,64.0,-1.0,89,20201209,184,True,90,1,0.005494505494505495,0.25,0.002777777777777778,1.0,0.25,13.295749999997497
fp_theta10_alpha2p0,false_positive,10.0,0.0,2.0,44,20211164,1,False,0,0,1.0,1.0,1.0,1.0,1.0,16.1352920000013
fp_theta10_alpha2p0,false_positive,10.0,0.0,2.0,49,20211169,1,False,0,0,1.0,1.0,1.0,1.0,1.0,12.871290999996177
fp_theta10_alpha2p0,false_positive,10.0,0.0,2.0,48,20211168,1,False,0,0,1.0,1.0,1.0,1.0,1.0,14.429082999996012
fp_theta10_alpha2p0,false_positive,10.0,0.0,2.0,53,20211173,1,False,0,0,1.0,1.0,1.0,1.0,1.0,11.953708000007168
fp_theta10_alpha2p0,false_positive,10.0,0.0,2.0,54,20211174,1,False,0,0,1.0,1.0,1.0,1.0,1.0,12.258625000001189
fp_theta10_alpha2p0,false_positive,10.0,0.0,2.0,50,20211170,1,False,0,0,1.0,1.0,1.0,1.0,1.0,14.459082999991324
fp_theta10_alpha2p0,false_positive,10.0,0.0,2.0,51,20211171,1,False,0,0,1.0,1.0,1.0,1.0,1.0,11.302458000002957
fp_theta10_alpha2p0,false_positive,10.0,0.0,2.0,52,20211172,1,False,0,0,1.0,1.0,1.0,1.0,1.0,19.395333999995046
fp_theta10_alpha2p0,false_positive,10.0,0.0,2.0,56,20211176,1,False,0,0,1.0,1.0,1.0,1.0,1.0,13.76737500000047
fp_theta10_alpha2p0,false_positive,10.0,0.0,2.0,57,20211177,1,False,0,0,1.0,1.0,1.0,1.0,1.0,12.39404199999683
fp_theta10_alpha2p0,false_positive,10.0,0.0,2.0,55,20211175,1,False,0,0,1.0,1.0,1.0,1.0,1.0,12.017999999997642
fp_theta10_alpha2p0,false_positive,10.0,0.0,2.0,58,20211178,1,False,0,0,1.0,1.0,1.0,1.0,1.0,14.6282919999976
fp_theta10_alpha2p0,false_positive,10.0,0.0,2.0,59,20211179,1,False,0,0,1.0,1.0,1.0,1.0,1.0,12.177499999992847
fp_theta10_alpha2p0,false_positive,10.0,0.0,2.0,61,20211181,1,False,0,0,1.0,1.0,1.0,1.0,1.0,14.685957999986954
fp_theta10_alpha2p0,false_positive,10.0,0.0,2.0,60,20211180,1,False,0,0,1.0,1.0,1.0,1.0,1.0,14.003875000000221
fp_theta10_alpha2p0,false_positive,10.0,0.0,2.0,62,20211182,1,False,0,0,1.0,1.0,1.0,1.0,1.0,16.716666999997187
fp_theta10_alpha2p0,false_positive,10.0,0.0,2.0,63,20211183,1,False,0,0,1.0,1.0,1.0,1.0,1.0,12.639499999991699
fp_theta10_alpha2p0,false_positive,10.0,0.0,2.0,66,20211186,1,False,0,0,1.0,1.0,1.0,1.0,1.0,14.801083999998355
fp_theta10_alpha2p0,false_positive,10.0,0.0,2.0,64,20211184,1,False,0,0,1.0,1.0,1.0,1.0,1.0,14.210125000005291
fp_theta10_alpha2p0,false_positive,10.0,0.0,2.0,69,20211189,1,False,0,0,1.0,1.0,1.0,1.0,1.0,13.149875000010525
fp_theta10_alpha2p0,false_positive,10.0,0.0,2.0,65,20211185,1,False,0,0,1.0,1.0,1.0,1.0,1.0,12.240583999997057
fp_theta10_alpha2p0,false_positive,10.0,0.0,2.0,67,20211187,1,False,0,0,1.0,1.0,1.0,1.0,1.0,15.143750000007117
fp_theta10_alpha2p0,false_positive,10.0,0.0,2.0,68,20211188,1,False,0,0,1.0,1.0,1.0,1.0,1.0,13.363249999997606
fp_theta10_alpha2p0,false_positive,10.0,0.0,2.0,70,20211190,1,False,0,0,1.0,1.0,1.0,1.0,1.0,12.792250000003946
fp_theta10_alpha2p0,false_positive,10.0,0.0,2.0,74,20211194,1,False,0,0,1.0,1.0,1.0,1.0,1.0,10.006708000005915
power_theta200_rho64,power,200.0,64.0,-1.0,96,20201216,159,True,29,5,0.09364191739161178,0.3183825191314801,0.05489353778128967,0.5664553427623732,0.4907814585251312,17.300292000001605
fp_theta10_alpha2p0,false_positive,10.0,0.0,2.0,72,20211192,1,False,0,0,1.0,1.0,1.0,1.0,1.0,11.848791999995
power_theta200_rho64,power,200.0,64.0,-1.0,94,20201214,172,True,43,1,0.004621963292422795,0.1016831924333015,0.002364725405425616,0.4406271672109731,0.23076923076923078,14.43204100000628
fp_theta10_alpha2p0,false_positive,10.0,0.0,2.0,75,20211195,1,False,0,0,1.0,1.0,1.0,1.0,1.0,11.227458999996998
power_theta200_rho64,power,200.0,64.0,-1.0,90,20201210,181,True,67,3,0.020650230588566392,0.24091935686660793,0.010787433889549608,0.4880221381846888,0.4970449840015057,14.628791999996338
fp_theta10_alpha2p0,false_positive,10.0,0.0,2.0,73,20211193,1,False,0,0,1.0,1.0,1.0,1.0,1.0,12.517416999997977
fp_theta10_alpha2p0,false_positive,10.0,0.0,2.0,71,20211191,1,False,0,0,1.0,1.0,1.0,1.0,1.0,12.407707999997797
fp_theta10_alpha2p0,false_positive,10.0,0.0,2.0,76,20211196,1,False,0,0,1.0,1.0,1.0,1.0,1.0,14.079542000004608
fp_theta10_alpha2p0,false_positive,10.0,0.0,2.0,77,20211197,1,False,0,0,1.0,1.0,1.0,1.0,1.0,13.644667000008326
fp_theta10_alpha2p0,false_positive,10.0,0.0,2.0,78,20211198,1,False,0,0,1.0,1.0,1.0,1.0,1.0,14.047292000000766
fp_theta10_alpha2p0,false_positive,10.0,0.0,2.0,79,20211199,1,False,0,0,1.0,1.0,1.0,1.0,1.0,16.292082999996182
fp_theta10_alpha2p0,false_positive,10.0,0.0,2.0,81,20211201,1,False,0,0,1.0,1.0,1.0,1.0,1.0,13.815791999988392
fp_theta10_alpha2p0,false_positive,10.0,0.0,2.0,82,20211202,1,False,0,0,1.0,1.0,1.0,1.0,1.0,14.899790999990614
fp_theta10_alpha2p0,false_positive,10.0,0.0,2.0,83,20211203,1,False,0,0,1.0,1.0,1.0,1.0,1.0,12.423249999997665
fp_theta10_alpha2p0,false_positive,10.0,0.0,2.0,80,20211200,1,False,0,0,1.0,1.0,1.0,1.0,1.0,14.362457999993694
power_theta200_rho64,power,200.0,64.0,-1.0,93,20201213,177,True,93,10,0.047046724952453614,0.2422906335051361,0.026052756290874852,0.47861317582276885,0.46392400773418885,15.512624999999503
fp_theta10_alpha2p0,false_positive,10.0,0.0,2.0,85,20211205,1,False,0,0,1.0,1.0,1.0,1.0,1.0,11.854540999991059
power_theta200_rho64,power,200.0,64.0,-1.0,88,20201208,198,True,75,4,0.03326476305531654,0.3284895351712508,0.017519441875800044,0.5712353879057045,0.5789224664224664,15.688707999998996
power_theta200_rho64,power,200.0,64.0,-1.0,86,20201206,207,True,99,1,0.005362129198270164,0.26810645991350823,0.0027081460597324063,0.49296994242161185,0.543859649122807,13.93324999999379
fp_theta10_alpha2p0,false_positive,10.0,0.0,2.0,88,20211208,1,False,0,0,1.0,1.0,1.0,1.0,1.0,12.096041999996032
fp_theta10_alpha2p0,false_positive,10.0,0.0,2.0,87,20211207,1,False,0,0,1.0,1.0,1.0,1.0,1.0,12.85741699999221
fp_theta10_alpha2p0,false_positive,10.0,0.0,2.0,86,20211206,1,False,0,0,1.0,1.0,1.0,1.0,1.0,12.11175000000253
fp_theta10_alpha2p0,false_positive,10.0,0.0,2.0,84,20211204,1,False,0,0,1.0,1.0,1.0,1.0,1.0,13.882750000007604
fp_theta10_alpha2p0,false_positive,10.0,0.0,2.0,96,20211216,1,False,0,0,1.0,1.0,1.0,1.0,1.0,10.250541999994311
fp_theta10_alpha2p0,false_positive,10.0,0.0,2.0,93,20211213,1,False,0,0,1.0,1.0,1.0,1.0,1.0,12.065790999997716
fp_theta10_alpha2p0,false_positive,10.0,0.0,2.0,90,20211210,1,False,0,0,1.0,1.0,1.0,1.0,1.0,13.493292000006818
fp_theta10_alpha2p0,false_positive,10.0,0.0,2.0,89,20211209,1,False,0,0,1.0,1.0,1.0,1.0,1.0,12.175541999994266
fp_theta10_alpha2p0,false_positive,10.0,0.0,2.0,99,20211219,1,False,0,0,1.0,1.0,1.0,1.0,1.0,10.981999999998493
fp_theta10_alpha2p0,false_positive,10.0,0.0,2.0,91,20211211,1,False,0,0,1.0,1.0,1.0,1.0,1.0,14.129124999996634
fp_theta10_alpha2p0,false_positive,10.0,0.0,2.0,94,20211214,1,False,0,0,1.0,1.0,1.0,1.0,1.0,12.526874999991833
fp_theta10_alpha2p0,false_positive,10.0,0.0,2.0,97,20211217,1,False,0,0,1.0,1.0,1.0,1.0,1.0,12.012124999998264
fp_theta10_alpha2p0,false_positive,10.0,0.0,2.0,92,20211212,1,False,0,0,1.0,1.0,1.0,1.0,1.0,12.067084000008776
fp_theta10_alpha2p0,false_positive,10.0,0.0,2.0,98,20211218,1,False,0,0,1.0,1.0,1.0,1.0,1.0,12.14762499999722
fp_theta10_alpha2p0,false_positive,10.0,0.0,2.0,95,20211215,1,False,0,0,1.0,1.0,1.0,1.0,1.0,16.000333000008027
fp_theta10_alpha0p5,false_positive,10.0,0.0,0.5,1,20221121,1,False,0,0,1.0,1.0,1.0,1.0,1.0,12.711791999990396
fp_theta10_alpha0p5,false_positive,10.0,0.0,0.5,0,20221120,1,False,0,0,1.0,1.0,1.0,1.0,1.0,12.454167000001348
fp_theta10_alpha0p5,false_positive,10.0,0.0,0.5,3,20221123,1,False,0,0,1.0,1.0,1.0,1.0,1.0,12.237834000004
fp_theta10_alpha0p5,false_positive,10.0,0.0,0.5,2,20221122,1,False,0,0,1.0,1.0,1.0,1.0,1.0,12.001916000002666
fp_theta10_alpha0p5,false_positive,10.0,0.0,0.5,6,20221126,1,False,0,0,1.0,1.0,1.0,1.0,1.0,13.842499999995539
fp_theta10_alpha0p5,false_positive,10.0,0.0,0.5,4,20221124,1,False,0,0,1.0,1.0,1.0,1.0,1.0,14.72916699999871
fp_theta10_alpha0p5,false_positive,10.0,0.0,0.5,9,20221129,1,False,0,0,1.0,1.0,1.0,1.0,1.0,14.824500000003127
fp_theta10_alpha0p5,false_positive,10.0,0.0,0.5,8,20221128,1,False,0,0,1.0,1.0,1.0,1.0,1.0,10.885999999999285
fp_theta10_alpha0p5,false_positive,10.0,0.0,0.5,12,20221132,1,False,0,0,1.0,1.0,1.0,1.0,1.0,9.67533399999354
fp_theta10_alpha0p5,false_positive,10.0,0.0,0.5,5,20221125,1,False,0,0,1.0,1.0,1.0,1.0,1.0,12.06491699998935
fp_theta10_alpha0p5,false_positive,10.0,0.0,0.5,7,20221127,1,False,0,0,1.0,1.0,1.0,1.0,1.0,14.310291999990454
fp_theta10_alpha0p5,false_positive,10.0,0.0,0.5,10,20221130,1,False,0,0,1.0,1.0,1.0,1.0,1.0,15.778667000006408
fp_theta10_alpha0p5,false_positive,10.0,0.0,0.5,11,20221131,1,False,0,0,1.0,1.0,1.0,1.0,1.0,13.501167000001146
power_theta200_rho64,power,200.0,64.0,-1.0,98,20201218,173,True,47,7,0.113489237861161,0.4377442031787639,0.06519594515428398,0.6008369076946122,0.6279616366955938,13.822166999986507
fp_theta10_alpha0p5,false_positive,10.0,0.0,0.5,16,20221136,1,False,0,0,1.0,1.0,1.0,1.0,1.0,14.787458000000697
fp_theta10_alpha0p5,false_positive,10.0,0.0,0.5,14,20221134,1,False,0,0,1.0,1.0,1.0,1.0,1.0,11.256625000001463
fp_theta10_alpha0p5,false_positive,10.0,0.0,0.5,13,20221133,1,False,0,0,1.0,1.0,1.0,1.0,1.0,12.575541999993334
fp_theta10_alpha0p5,false_positive,10.0,0.0,0.5,17,20221137,1,False,0,0,1.0,1.0,1.0,1.0,1.0,13.28216599999621
fp_theta10_alpha0p5,false_positive,10.0,0.0,0.5,18,20221138,1,False,0,0,1.0,1.0,1.0,1.0,1.0,11.968707999997719
fp_theta10_alpha0p5,false_positive,10.0,0.0,0.5,15,20221135,1,False,0,0,1.0,1.0,1.0,1.0,1.0,12.369832999993946
fp_theta10_alpha0p5,false_positive,10.0,0.0,0.5,19,20221139,1,False,0,0,1.0,1.0,1.0,1.0,1.0,12.223583999997345
fp_theta10_alpha0p5,false_positive,10.0,0.0,0.5,20,20221140,1,False,0,0,1.0,1.0,1.0,1.0,1.0,13.117625000006683
fp_theta10_alpha0p5,false_positive,10.0,0.0,0.5,21,20221141,1,False,0,0,1.0,1.0,1.0,1.0,1.0,13.086459000007267
fp_theta10_alpha0p5,false_positive,10.0,0.0,0.5,24,20221144,1,False,0,0,1.0,1.0,1.0,1.0,1.0,13.971749999996064
fp_theta10_alpha0p5,false_positive,10.0,0.0,0.5,25,20221145,1,False,0,0,1.0,1.0,1.0,1.0,1.0,12.220624999997654
fp_theta10_alpha0p5,false_positive,10.0,0.0,0.5,23,20221143,1,False,0,0,1.0,1.0,1.0,1.0,1.0,13.930583999993473
fp_theta10_alpha0p5,false_positive,10.0,0.0,0.5,22,20221142,1,False,0,0,1.0,1.0,1.0,1.0,1.0,14.254458999999997
fp_theta10_alpha0p5,false_positive,10.0,0.0,0.5,26,20221146,1,False,0,0,1.0,1.0,1.0,1.0,1.0,12.570708000012587
power_theta200_rho64,power,200.0,64.0,-1.0,99,20201219,165,True,56,7,0.117383748812408,0.528226869655836,0.0660283587069795,0.711331786011265,0.7376788207615276,14.859665999992444
fp_theta10_alpha0p5,false_positive,10.0,0.0,0.5,29,20221149,1,False,0,0,1.0,1.0,1.0,1.0,1.0,12.731250000001637
fp_theta10_alpha0p5,false_positive,10.0,0.0,0.5,27,20221147,1,False,0,0,1.0,1.0,1.0,1.0,1.0,12.579041000009283
fp_theta10_alpha0p5,false_positive,10.0,0.0,0.5,28,20221148,1,False,0,0,1.0,1.0,1.0,1.0,1.0,13.372000000003936
fp_theta10_alpha0p5,false_positive,10.0,0.0,0.5,30,20221150,1,False,0,0,1.0,1.0,1.0,1.0,1.0,12.623625000003358
fp_theta10_alpha0p5,false_positive,10.0,0.0,0.5,31,20221151,1,False,0,0,1.0,1.0,1.0,1.0,1.0,11.835290999997028
fp_theta10_alpha0p5,false_positive,10.0,0.0,0.5,32,20221152,1,False,0,0,1.0,1.0,1.0,1.0,1.0,12.223208999998292
fp_theta10_alpha0p5,false_positive,10.0,0.0,0.5,34,20221154,1,False,0,0,1.0,1.0,1.0,1.0,1.0,12.398708000006309
fp_theta10_alpha0p5,false_positive,10.0,0.0,0.5,35,20221155,1,False,0,0,1.0,1.0,1.0,1.0,1.0,12.945791999996459
fp_theta10_alpha0p5,false_positive,10.0,0.0,0.5,37,20221157,1,False,0,0,1.0,1.0,1.0,1.0,1.0,10.446999999999207
fp_theta10_alpha0p5,false_positive,10.0,0.0,0.5,40,20221160,1,False,0,0,1.0,1.0,1.0,1.0,1.0,13.277833000003625
fp_theta10_alpha0p5,false_positive,10.0,0.0,0.5,33,20221153,1,False,0,0,1.0,1.0,1.0,1.0,1.0,12.196959000007723
fp_theta10_alpha0p5,false_positive,10.0,0.0,0.5,42,20221162,1,False,0,0,1.0,1.0,1.0,1.0,1.0,13.259000000005017
fp_theta10_alpha0p5,false_positive,10.0,0.0,0.5,36,20221156,1,False,0,0,1.0,1.0,1.0,1.0,1.0,12.92054099999973
fp_theta10_alpha0p5,false_positive,10.0,0.0,0.5,39,20221159,1,False,0,0,1.0,1.0,1.0,1.0,1.0,12.994750000004274
fp_theta10_alpha0p5,false_positive,10.0,0.0,0.5,41,20221161,1,False,0,0,1.0,1.0,1.0,1.0,1.0,12.105040999998096
fp_theta10_alpha0p5,false_positive,10.0,0.0,0.5,46,20221166,1,False,0,0,1.0,1.0,1.0,1.0,1.0,11.060458000002882
fp_theta10_alpha0p5,false_positive,10.0,0.0,0.5,38,20221158,1,False,0,0,1.0,1.0,1.0,1.0,1.0,14.196709000003693
fp_theta10_alpha0p5,false_positive,10.0,0.0,0.5,43,20221163,1,False,0,0,1.0,1.0,1.0,1.0,1.0,14.725832999999966
fp_theta10_alpha0p5,false_positive,10.0,0.0,0.5,45,20221165,1,False,0,0,1.0,1.0,1.0,1.0,1.0,13.905750000006378
fp_theta10_alpha0p5,false_positive,10.0,0.0,0.5,48,20221168,1,False,0,0,1.0,1.0,1.0,1.0,1.0,13.052040999994574
fp_theta10_alpha0p5,false_positive,10.0,0.0,0.5,47,20221167,1,False,0,0,1.0,1.0,1.0,1.0,1.0,12.017541999995274
fp_theta10_alpha0p5,false_positive,10.0,0.0,0.5,49,20221169,1,False,0,0,1.0,1.0,1.0,1.0,1.0,11.505499999998392
fp_theta10_alpha0p5,false_positive,10.0,0.0,0.5,44,20221164,1,False,0,0,1.0,1.0,1.0,1.0,1.0,11.875875000001201
fp_theta10_alpha0p5,false_positive,10.0,0.0,0.5,55,20221175,1,False,0,0,1.0,1.0,1.0,1.0,1.0,11.735874999999396
fp_theta10_alpha0p5,false_positive,10.0,0.0,0.5,50,20221170,1,False,0,0,1.0,1.0,1.0,1.0,1.0,11.364000000000374
fp_theta10_alpha0p5,false_positive,10.0,0.0,0.5,58,20221178,1,False,0,0,1.0,1.0,1.0,1.0,1.0,14.197542000005114
fp_theta10_alpha0p5,false_positive,10.0,0.0,0.5,53,20221173,1,False,0,0,1.0,1.0,1.0,1.0,1.0,11.67412499999898
fp_theta10_alpha0p5,false_positive,10.0,0.0,0.5,57,20221177,1,False,0,0,1.0,1.0,1.0,1.0,1.0,12.394666999995252
fp_theta10_alpha0p5,false_positive,10.0,0.0,0.5,54,20221174,1,False,0,0,1.0,1.0,1.0,1.0,1.0,12.941832999999292
fp_theta10_alpha0p5,false_positive,10.0,0.0,0.5,60,20221180,1,False,0,0,1.0,1.0,1.0,1.0,1.0,12.177332999996793
fp_theta10_alpha0p5,false_positive,10.0,0.0,0.5,52,20221172,1,False,0,0,1.0,1.0,1.0,1.0,1.0,12.918124999998781
fp_theta10_alpha0p5,false_positive,10.0,0.0,0.5,56,20221176,1,False,0,0,1.0,1.0,1.0,1.0,1.0,11.92950000000792
fp_theta10_alpha0p5,false_positive,10.0,0.0,0.5,51,20221171,1,False,0,0,1.0,1.0,1.0,1.0,1.0,11.81629199999179
fp_theta10_alpha0p5,false_positive,10.0,0.0,0.5,59,20221179,1,False,0,0,1.0,1.0,1.0,1.0,1.0,12.313125000005698
fp_theta10_alpha0p5,false_positive,10.0,0.0,0.5,61,20221181,1,False,0,0,1.0,1.0,1.0,1.0,1.0,12.332583000002728
fp_theta10_alpha0p5,false_positive,10.0,0.0,0.5,62,20221182,1,False,0,0,1.0,1.0,1.0,1.0,1.0,12.022540999993225
fp_theta10_alpha0p5,false_positive,10.0,0.0,0.5,67,20221187,1,False,0,0,1.0,1.0,1.0,1.0,1.0,12.724625000004153
fp_theta10_alpha0p5,false_positive,10.0,0.0,0.5,64,20221184,1,False,0,0,1.0,1.0,1.0,1.0,1.0,11.360332999998946
fp_theta10_alpha0p5,false_positive,10.0,0.0,0.5,63,20221183,1,False,0,0,1.0,1.0,1.0,1.0,1.0,12.122833999995919
fp_theta10_alpha0p5,false_positive,10.0,0.0,0.5,66,20221186,1,False,0,0,1.0,1.0,1.0,1.0,1.0,12.207916999997792
fp_theta10_alpha0p5,false_positive,10.0,0.0,0.5,68,20221188,1,False,0,0,1.0,1.0,1.0,1.0,1.0,13.603083999996102
fp_theta10_alpha0p5,false_positive,10.0,0.0,0.5,70,20221190,1,False,0,0,1.0,1.0,1.0,1.0,1.0,12.386708000008184
fp_theta10_alpha0p5,false_positive,10.0,0.0,0.5,65,20221185,1,False,0,0,1.0,1.0,1.0,1.0,1.0,12.175834000004215
fp_theta10_alpha0p5,false_positive,10.0,0.0,0.5,71,20221191,1,False,0,0,1.0,1.0,1.0,1.0,1.0,13.136583000004975
fp_theta10_alpha0p5,false_positive,10.0,0.0,0.5,69,20221189,1,False,0,0,1.0,1.0,1.0,1.0,1.0,12.550833000005923
fp_theta10_alpha0p5,false_positive,10.0,0.0,0.5,75,20221195,1,False,0,0,1.0,1.0,1.0,1.0,1.0,12.882167000000777
fp_theta10_alpha0p5,false_positive,10.0,0.0,0.5,72,20221192,1,False,0,0,1.0,1.0,1.0,1.0,1.0,12.480082999999809
fp_theta10_alpha0p5,false_positive,10.0,0.0,0.5,74,20221194,1,False,0,0,1.0,1.0,1.0,1.0,1.0,11.65920900000117
fp_theta10_alpha0p5,false_positive,10.0,0.0,0.5,76,20221196,1,False,0,0,1.0,1.0,1.0,1.0,1.0,12.679458000008026
fp_theta10_alpha0p5,false_positive,10.0,0.0,0.5,77,20221197,1,False,0,0,1.0,1.0,1.0,1.0,1.0,12.00637499999857
fp_theta10_alpha0p5,false_positive,10.0,0.0,0.5,73,20221193,1,False,0,0,1.0,1.0,1.0,1.0,1.0,11.673916999995981
fp_theta10_alpha0p5,false_positive,10.0,0.0,0.5,78,20221198,1,False,0,0,1.0,1.0,1.0,1.0,1.0,12.317874999993705
fp_theta10_alpha0p5,false_positive,10.0,0.0,0.5,84,20221204,1,False,0,0,1.0,1.0,1.0,1.0,1.0,12.945958000003088
fp_theta10_alpha0p5,false_positive,10.0,0.0,0.5,80,20221200,1,False,0,0,1.0,1.0,1.0,1.0,1.0,12.138208999999733
fp_theta10_alpha0p5,false_positive,10.0,0.0,0.5,79,20221199,1,False,0,0,1.0,1.0,1.0,1.0,1.0,11.524874999992107
fp_theta10_alpha0p5,false_positive,10.0,0.0,0.5,87,20221207,1,False,0,0,1.0,1.0,1.0,1.0,1.0,10.728000000000293
fp_theta10_alpha0p5,false_positive,10.0,0.0,0.5,86,20221206,1,False,0,0,1.0,1.0,1.0,1.0,1.0,11.87820899998826
fp_theta10_alpha0p5,false_positive,10.0,0.0,0.5,81,20221201,1,False,0,0,1.0,1.0,1.0,1.0,1.0,13.149374999997576
fp_theta10_alpha0p5,false_positive,10.0,0.0,0.5,85,20221205,1,False,0,0,1.0,1.0,1.0,1.0,1.0,12.0487080000089
fp_theta10_alpha0p5,false_positive,10.0,0.0,0.5,82,20221202,1,False,0,0,1.0,1.0,1.0,1.0,1.0,13.130916000008597
fp_theta10_alpha0p5,false_positive,10.0,0.0,0.5,83,20221203,1,False,0,0,1.0,1.0,1.0,1.0,1.0,12.98904200000095
fp_theta10_alpha0p5,false_positive,10.0,0.0,0.5,90,20221210,1,False,0,0,1.0,1.0,1.0,1.0,1.0,11.261458999996421
fp_theta10_alpha0p5,false_positive,10.0,0.0,0.5,92,20221212,1,False,0,0,1.0,1.0,1.0,1.0,1.0,12.522707999991667
fp_theta10_alpha0p5,false_positive,10.0,0.0,0.5,88,20221208,1,False,0,0,1.0,1.0,1.0,1.0,1.0,12.006790999990358
fp_theta10_alpha0p5,false_positive,10.0,0.0,0.5,91,20221211,1,False,0,0,1.0,1.0,1.0,1.0,1.0,13.927458000011939
fp_theta10_alpha0p5,false_positive,10.0,0.0,0.5,93,20221213,1,False,0,0,1.0,1.0,1.0,1.0,1.0,12.688667000006149
fp_theta10_alpha0p5,false_positive,10.0,0.0,0.5,89,20221209,1,False,0,0,1.0,1.0,1.0,1.0,1.0,12.053750000006858
fp_theta10_alpha0p5,false_positive,10.0,0.0,0.5,97,20221217,1,False,0,0,1.0,1.0,1.0,1.0,1.0,11.004665999990948
fp_theta10_alpha0p5,false_positive,10.0,0.0,0.5,94,20221214,1,False,0,0,1.0,1.0,1.0,1.0,1.0,12.216208999987543
fp_theta10_alpha0p5,false_positive,10.0,0.0,0.5,98,20221218,1,False,0,0,1.0,1.0,1.0,1.0,1.0,12.451957999999763
fp_theta10_alpha0p5,false_positive,10.0,0.0,0.5,96,20221216,1,False,0,0,1.0,1.0,1.0,1.0,1.0,11.483792000007043
fp_theta10_alpha0p05,false_positive,10.0,0.0,0.05,0,20231120,1,False,0,0,1.0,1.0,1.0,1.0,1.0,11.95662499999628
fp_theta10_alpha0p05,false_positive,10.0,0.0,0.05,4,20231124,1,False,0,0,1.0,1.0,1.0,1.0,1.0,11.98054099999979
fp_theta10_alpha0p5,false_positive,10.0,0.0,0.5,95,20221215,1,False,0,0,1.0,1.0,1.0,1.0,1.0,12.607583000004752
fp_theta10_alpha0p05,false_positive,10.0,0.0,0.05,2,20231122,1,False,0,0,1.0,1.0,1.0,1.0,1.0,11.861832999997546
fp_theta10_alpha0p05,false_positive,10.0,0.0,0.05,6,20231126,1,False,0,0,1.0,1.0,1.0,1.0,1.0,9.400124999999093
fp_theta10_alpha0p05,false_positive,10.0,0.0,0.05,1,20231121,1,False,0,0,1.0,1.0,1.0,1.0,1.0,13.547458999994433
fp_theta10_alpha0p05,false_positive,10.0,0.0,0.05,3,20231123,1,False,0,0,1.0,1.0,1.0,1.0,1.0,12.943957999993927
fp_theta10_alpha0p5,false_positive,10.0,0.0,0.5,99,20221219,1,False,0,0,1.0,1.0,1.0,1.0,1.0,13.611416000003373
fp_theta10_alpha0p05,false_positive,10.0,0.0,0.05,10,20231130,1,False,0,0,1.0,1.0,1.0,1.0,1.0,12.080292000007375
fp_theta10_alpha0p05,false_positive,10.0,0.0,0.05,5,20231125,1,False,0,0,1.0,1.0,1.0,1.0,1.0,16.38362499998891
fp_theta10_alpha0p05,false_positive,10.0,0.0,0.05,9,20231129,1,False,0,0,1.0,1.0,1.0,1.0,1.0,14.873207999997362
fp_theta10_alpha0p05,false_positive,10.0,0.0,0.05,8,20231128,1,False,0,0,1.0,1.0,1.0,1.0,1.0,14.740875000001097
fp_theta10_alpha0p05,false_positive,10.0,0.0,0.05,7,20231127,1,False,0,0,1.0,1.0,1.0,1.0,1.0,14.297249999998485
fp_theta10_alpha0p05,false_positive,10.0,0.0,0.05,11,20231131,1,False,0,0,1.0,1.0,1.0,1.0,1.0,12.11929100000475
fp_theta10_alpha0p05,false_positive,10.0,0.0,0.05,12,20231132,1,False,0,0,1.0,1.0,1.0,1.0,1.0,12.068041999995671
fp_theta10_alpha0p05,false_positive,10.0,0.0,0.05,17,20231137,1,False,0,0,1.0,1.0,1.0,1.0,1.0,13.591584000010926
fp_theta10_alpha0p05,false_positive,10.0,0.0,0.05,18,20231138,1,False,0,0,1.0,1.0,1.0,1.0,1.0,13.868000000002212
fp_theta10_alpha0p05,false_positive,10.0,0.0,0.05,15,20231135,1,False,0,0,1.0,1.0,1.0,1.0,1.0,13.206500000009669
fp_theta10_alpha0p05,false_positive,10.0,0.0,0.05,13,20231133,1,False,0,0,1.0,1.0,1.0,1.0,1.0,12.582209000001399
fp_theta10_alpha0p05,false_positive,10.0,0.0,0.05,16,20231136,1,False,0,0,1.0,1.0,1.0,1.0,1.0,12.82183400000747
fp_theta10_alpha0p05,false_positive,10.0,0.0,0.05,14,20231134,1,False,0,0,1.0,1.0,1.0,1.0,1.0,11.88375000000974
fp_theta10_alpha0p05,false_positive,10.0,0.0,0.05,24,20231144,1,False,0,0,1.0,1.0,1.0,1.0,1.0,14.995209000005616
fp_theta10_alpha0p05,false_positive,10.0,0.0,0.05,20,20231140,1,False,0,0,1.0,1.0,1.0,1.0,1.0,13.905375000007325
fp_theta10_alpha0p05,false_positive,10.0,0.0,0.05,19,20231139,1,False,0,0,1.0,1.0,1.0,1.0,1.0,13.352457999999956
fp_theta10_alpha0p05,false_positive,10.0,0.0,0.05,21,20231141,1,False,0,0,1.0,1.0,1.0,1.0,1.0,14.47879200000557
fp_theta10_alpha0p05,false_positive,10.0,0.0,0.05,23,20231143,1,False,0,0,1.0,1.0,1.0,1.0,1.0,12.89774999999338
fp_theta10_alpha0p05,false_positive,10.0,0.0,0.05,25,20231145,1,False,0,0,1.0,1.0,1.0,1.0,1.0,13.097874999999704
fp_theta10_alpha0p05,false_positive,10.0,0.0,0.05,22,20231142,1,False,0,0,1.0,1.0,1.0,1.0,1.0,12.558291999994253
fp_theta10_alpha0p05,false_positive,10.0,0.0,0.05,27,20231147,1,False,0,0,1.0,1.0,1.0,1.0,1.0,15.4068750000107
fp_theta10_alpha0p05,false_positive,10.0,0.0,0.05,26,20231146,1,False,0,0,1.0,1.0,1.0,1.0,1.0,11.989249999999174
fp_theta10_alpha0p05,false_positive,10.0,0.0,0.05,29,20231149,1,False,0,0,1.0,1.0,1.0,1.0,1.0,13.637041999999155
fp_theta10_alpha0p05,false_positive,10.0,0.0,0.05,30,20231150,1,False,0,0,1.0,1.0,1.0,1.0,1.0,11.581417000002148
fp_theta10_alpha0p05,false_positive,10.0,0.0,0.05,33,20231153,1,False,0,0,1.0,1.0,1.0,1.0,1.0,13.302332999998612
fp_theta10_alpha0p05,false_positive,10.0,0.0,0.05,28,20231148,1,False,0,0,1.0,1.0,1.0,1.0,1.0,13.71204199999454
fp_theta10_alpha0p05,false_positive,10.0,0.0,0.05,32,20231152,1,False,0,0,1.0,1.0,1.0,1.0,1.0,12.855082999990941
fp_theta10_alpha0p05,false_positive,10.0,0.0,0.05,35,20231155,1,False,0,0,1.0,1.0,1.0,1.0,1.0,12.586875000010878
fp_theta10_alpha0p05,false_positive,10.0,0.0,0.05,31,20231151,1,False,0,0,1.0,1.0,1.0,1.0,1.0,10.559624999999073
fp_theta10_alpha0p05,false_positive,10.0,0.0,0.05,37,20231157,1,False,0,0,1.0,1.0,1.0,1.0,1.0,10.202832999993916
fp_theta10_alpha0p05,false_positive,10.0,0.0,0.05,36,20231156,1,False,0,0,1.0,1.0,1.0,1.0,1.0,9.528541999998197
fp_theta10_alpha0p05,false_positive,10.0,0.0,0.05,34,20231154,1,False,0,0,1.0,1.0,1.0,1.0,1.0,13.429666999996925
fp_theta10_alpha0p05,false_positive,10.0,0.0,0.05,38,20231158,1,False,0,0,1.0,1.0,1.0,1.0,1.0,13.205959000003986
fp_theta10_alpha0p05,false_positive,10.0,0.0,0.05,39,20231159,1,False,0,0,1.0,1.0,1.0,1.0,1.0,15.876500000004512
fp_theta10_alpha0p05,false_positive,10.0,0.0,0.05,40,20231160,1,False,0,0,1.0,1.0,1.0,1.0,1.0,12.433624999999893
fp_theta10_alpha0p05,false_positive,10.0,0.0,0.05,44,20231164,1,False,0,0,1.0,1.0,1.0,1.0,1.0,13.799375000004943
fp_theta10_alpha0p05,false_positive,10.0,0.0,0.05,41,20231161,1,False,0,0,1.0,1.0,1.0,1.0,1.0,14.624709000003122
fp_theta10_alpha0p05,false_positive,10.0,0.0,0.05,42,20231162,1,False,0,0,1.0,1.0,1.0,1.0,1.0,14.03999999999428
fp_theta10_alpha0p05,false_positive,10.0,0.0,0.05,43,20231163,1,False,0,0,1.0,1.0,1.0,1.0,1.0,14.146832999998082
fp_theta10_alpha0p05,false_positive,10.0,0.0,0.05,46,20231166,1,False,0,0,1.0,1.0,1.0,1.0,1.0,14.498541999998338
fp_theta10_alpha0p05,false_positive,10.0,0.0,0.05,49,20231169,1,False,0,0,1.0,1.0,1.0,1.0,1.0,18.68883400000243
fp_theta10_alpha0p05,false_positive,10.0,0.0,0.05,45,20231165,1,False,0,0,1.0,1.0,1.0,1.0,1.0,15.895999999997912
fp_theta10_alpha0p05,false_positive,10.0,0.0,0.05,47,20231167,1,False,0,0,1.0,1.0,1.0,1.0,1.0,16.43612500001268
fp_theta10_alpha0p05,false_positive,10.0,0.0,0.05,52,20231172,1,False,0,0,1.0,1.0,1.0,1.0,1.0,12.181874999996012
fp_theta10_alpha0p05,false_positive,10.0,0.0,0.05,50,20231170,1,False,0,0,1.0,1.0,1.0,1.0,1.0,14.574625000008723
fp_theta10_alpha0p05,false_positive,10.0,0.0,0.05,51,20231171,1,False,0,0,1.0,1.0,1.0,1.0,1.0,12.987709000000791
fp_theta10_alpha0p05,false_positive,10.0,0.0,0.05,53,20231173,1,False,0,0,1.0,1.0,1.0,1.0,1.0,15.472415999994382
fp_theta10_alpha0p05,false_positive,10.0,0.0,0.05,48,20231168,1,False,0,0,1.0,1.0,1.0,1.0,1.0,14.863290999997503
fp_theta10_alpha0p05,false_positive,10.0,0.0,0.05,54,20231174,1,False,0,0,1.0,1.0,1.0,1.0,1.0,13.386459000003015
fp_theta10_alpha0p05,false_positive,10.0,0.0,0.05,55,20231175,1,False,0,0,1.0,1.0,1.0,1.0,1.0,9.512208999993277
fp_theta10_alpha0p05,false_positive,10.0,0.0,0.05,59,20231179,1,False,0,0,1.0,1.0,1.0,1.0,1.0,12.671000000011645
fp_theta10_alpha0p05,false_positive,10.0,0.0,0.05,56,20231176,1,False,0,0,1.0,1.0,1.0,1.0,1.0,11.422207999999046
fp_theta10_alpha0p05,false_positive,10.0,0.0,0.05,57,20231177,1,False,0,0,1.0,1.0,1.0,1.0,1.0,11.352958000003355
fp_theta10_alpha0p05,false_positive,10.0,0.0,0.05,61,20231181,1,False,0,0,1.0,1.0,1.0,1.0,1.0,12.477291999999807
fp_theta10_alpha0p05,false_positive,10.0,0.0,0.05,62,20231182,1,False,0,0,1.0,1.0,1.0,1.0,1.0,12.273042000003898
fp_theta10_alpha0p05,false_positive,10.0,0.0,0.05,58,20231178,1,False,0,0,1.0,1.0,1.0,1.0,1.0,13.58937499999513
fp_theta10_alpha0p05,false_positive,10.0,0.0,0.05,60,20231180,1,False,0,0,1.0,1.0,1.0,1.0,1.0,13.697333999999728
fp_theta10_alpha0p05,false_positive,10.0,0.0,0.05,66,20231186,1,False,0,0,1.0,1.0,1.0,1.0,1.0,11.500042000008648
fp_theta10_alpha0p05,false_positive,10.0,0.0,0.05,64,20231184,1,False,0,0,1.0,1.0,1.0,1.0,1.0,13.444500000005633
fp_theta10_alpha0p05,false_positive,10.0,0.0,0.05,63,20231183,1,False,0,0,1.0,1.0,1.0,1.0,1.0,14.995041000005926
fp_theta10_alpha0p05,false_positive,10.0,0.0,0.05,68,20231188,1,False,0,0,1.0,1.0,1.0,1.0,1.0,10.248541999999361
fp_theta10_alpha0p05,false_positive,10.0,0.0,0.05,65,20231185,1,False,0,0,1.0,1.0,1.0,1.0,1.0,15.381457999993131
fp_theta10_alpha0p05,false_positive,10.0,0.0,0.05,67,20231187,1,False,0,0,1.0,1.0,1.0,1.0,1.0,11.804083000001242
fp_theta10_alpha0p05,false_positive,10.0,0.0,0.05,70,20231190,1,False,0,0,1.0,1.0,1.0,1.0,1.0,11.40945900000645
fp_theta10_alpha0p05,false_positive,10.0,0.0,0.05,69,20231189,1,False,0,0,1.0,1.0,1.0,1.0,1.0,11.156999999997197
fp_theta10_alpha0p05,false_positive,10.0,0.0,0.05,71,20231191,1,False,0,0,1.0,1.0,1.0,1.0,1.0,9.588917000002084
fp_theta10_alpha0p05,false_positive,10.0,0.0,0.05,72,20231192,1,False,0,0,1.0,1.0,1.0,1.0,1.0,9.190708000005543
fp_theta10_alpha0p05,false_positive,10.0,0.0,0.05,73,20231193,1,False,0,0,1.0,1.0,1.0,1.0,1.0,12.27141699999379
fp_theta10_alpha0p05,false_positive,10.0,0.0,0.05,75,20231195,1,False,0,0,1.0,1.0,1.0,1.0,1.0,11.311458000008656
fp_theta10_alpha0p05,false_positive,10.0,0.0,0.05,76,20231196,1,False,0,0,1.0,1.0,1.0,1.0,1.0,12.37874999999633
fp_theta10_alpha0p05,false_positive,10.0,0.0,0.05,74,20231194,1,False,0,0,1.0,1.0,1.0,1.0,1.0,13.379000000000474
fp_theta10_alpha0p05,false_positive,10.0,0.0,0.05,78,20231198,1,False,0,0,1.0,1.0,1.0,1.0,1.0,12.238124999996103
fp_theta10_alpha0p05,false_positive,10.0,0.0,0.05,77,20231197,1,False,0,0,1.0,1.0,1.0,1.0,1.0,11.810666999991781
fp_theta10_alpha0p05,false_positive,10.0,0.0,0.05,81,20231201,1,False,0,0,1.0,1.0,1.0,1.0,1.0,12.191458000003763
fp_theta10_alpha0p05,false_positive,10.0,0.0,0.05,82,20231202,1,False,0,0,1.0,1.0,1.0,1.0,1.0,14.210333999997715
fp_theta10_alpha0p05,false_positive,10.0,0.0,0.05,79,20231199,1,False,0,0,1.0,1.0,1.0,1.0,1.0,12.50920799999733
fp_theta10_alpha0p05,false_positive,10.0,0.0,0.05,83,20231203,1,False,0,0,1.0,1.0,1.0,1.0,1.0,12.579999999999814
fp_theta10_alpha0p05,false_positive,10.0,0.0,0.05,80,20231200,1,False,0,0,1.0,1.0,1.0,1.0,1.0,12.467000000000894
fp_theta10_alpha0p05,false_positive,10.0,0.0,0.05,85,20231205,1,False,0,0,1.0,1.0,1.0,1.0,1.0,12.899500000003172
fp_theta10_alpha0p05,false_positive,10.0,0.0,0.05,87,20231207,1,False,0,0,1.0,1.0,1.0,1.0,1.0,12.596208999994474
fp_theta10_alpha0p05,false_positive,10.0,0.0,0.05,84,20231204,1,False,0,0,1.0,1.0,1.0,1.0,1.0,12.353750000002606
fp_theta10_alpha0p05,false_positive,10.0,0.0,0.05,86,20231206,1,False,0,0,1.0,1.0,1.0,1.0,1.0,12.472208999994905
fp_theta10_alpha0p05,false_positive,10.0,0.0,0.05,91,20231211,1,False,0,0,1.0,1.0,1.0,1.0,1.0,9.482124999991015
fp_theta10_alpha0p05,false_positive,10.0,0.0,0.05,90,20231210,1,False,0,0,1.0,1.0,1.0,1.0,1.0,12.135999999998148
fp_theta10_alpha0p05,false_positive,10.0,0.0,0.05,89,20231209,1,False,0,0,1.0,1.0,1.0,1.0,1.0,12.191749999999502
fp_theta10_alpha0p05,false_positive,10.0,0.0,0.05,92,20231212,1,False,0,0,1.0,1.0,1.0,1.0,1.0,11.85441700000922
fp_theta10_alpha0p05,false_positive,10.0,0.0,0.05,93,20231213,1,False,0,0,1.0,1.0,1.0,1.0,1.0,12.409750000003328
fp_theta10_alpha0p05,false_positive,10.0,0.0,0.05,88,20231208,1,False,0,0,1.0,1.0,1.0,1.0,1.0,11.72975000000065
fp_theta10_alpha0p05,false_positive,10.0,0.0,0.05,96,20231216,1,False,0,0,1.0,1.0,1.0,1.0,1.0,12.465417000001366
fp_theta10_alpha0p05,false_positive,10.0,0.0,0.05,95,20231215,1,False,0,0,1.0,1.0,1.0,1.0,1.0,13.285292000006166
fp_theta10_alpha0p05,false_positive,10.0,0.0,0.05,94,20231214,1,False,0,0,1.0,1.0,1.0,1.0,1.0,14.960290999994186
fp_theta10_alpha0p05,false_positive,10.0,0.0,0.05,97,20231217,1,False,0,0,1.0,1.0,1.0,1.0,1.0,11.981999999989057
fp_theta10_alpha0p05,false_positive,10.0,0.0,0.05,98,20231218,1,False,0,0,1.0,1.0,1.0,1.0,1.0,11.04016700000443
fp_theta10_alpha0p05,false_positive,10.0,0.0,0.05,99,20231219,1,False,0,0,1.0,1.0,1.0,1.0,1.0,11.368833999995331
fp_theta50_alpha2p0,false_positive,50.0,0.0,2.0,7,20241127,1,False,0,0,1.0,1.0,1.0,1.0,1.0,13.169000000004871
fp_theta50_alpha2p0,false_positive,50.0,0.0,2.0,0,20241120,1,False,0,0,1.0,1.0,1.0,1.0,1.0,11.496624999992378
fp_theta50_alpha2p0,false_positive,50.0,0.0,2.0,1,20241121,1,False,0,0,1.0,1.0,1.0,1.0,1.0,36.650791999988996
fp_theta50_alpha2p0,false_positive,50.0,0.0,2.0,9,20241129,1,False,0,0,1.0,1.0,1.0,1.0,1.0,14.26158400001043
fp_theta50_alpha2p0,false_positive,50.0,0.0,2.0,6,20241126,1,False,0,0,1.0,1.0,1.0,1.0,1.0,13.380957999999055
fp_theta50_alpha2p0,false_positive,50.0,0.0,2.0,11,20241131,1,False,0,0,1.0,1.0,1.0,1.0,1.0,13.639832999999157
fp_theta50_alpha2p0,false_positive,50.0,0.0,2.0,5,20241125,1,False,0,0,1.0,1.0,1.0,1.0,1.0,13.756333000003451
fp_theta50_alpha2p0,false_positive,50.0,0.0,2.0,3,20241123,1,False,0,0,1.0,1.0,1.0,1.0,1.0,36.85920800000986
fp_theta50_alpha2p0,false_positive,50.0,0.0,2.0,12,20241132,1,False,0,0,1.0,1.0,1.0,1.0,1.0,13.057583999994904
fp_theta50_alpha2p0,false_positive,50.0,0.0,2.0,4,20241124,1,False,0,0,1.0,1.0,1.0,1.0,1.0,13.542791000006105
fp_theta50_alpha2p0,false_positive,50.0,0.0,2.0,2,20241122,1,False,0,0,1.0,1.0,1.0,1.0,1.0,13.076624999996511
fp_theta50_alpha2p0,false_positive,50.0,0.0,2.0,8,20241128,1,False,0,0,1.0,1.0,1.0,1.0,1.0,14.371249999996394
fp_theta50_alpha2p0,false_positive,50.0,0.0,2.0,14,20241134,1,False,0,0,1.0,1.0,1.0,1.0,1.0,13.363041999994607
fp_theta50_alpha2p0,false_positive,50.0,0.0,2.0,10,20241130,1,False,0,0,1.0,1.0,1.0,1.0,1.0,11.381792000008772
power_theta200_rho64,power,200.0,64.0,-1.0,97,20201217,221,True,131,4,0.024466247994269313,0.41286793490329465,0.012606654500863958,0.7329347612729321,0.456443213649096,13.41570900000022
fp_theta50_alpha2p0,false_positive,50.0,0.0,2.0,15,20241135,1,False,0,0,1.0,1.0,1.0,1.0,1.0,13.026082999999744
fp_theta50_alpha2p0,false_positive,50.0,0.0,2.0,13,20241133,1,False,0,0,1.0,1.0,1.0,1.0,1.0,17.514332999994053
fp_theta50_alpha2p0,false_positive,50.0,0.0,2.0,22,20241142,1,False,0,0,1.0,1.0,1.0,1.0,1.0,17.349166999991894
fp_theta50_alpha2p0,false_positive,50.0,0.0,2.0,18,20241138,1,False,0,0,1.0,1.0,1.0,1.0,1.0,15.032082999994145
fp_theta50_alpha2p0,false_positive,50.0,0.0,2.0,19,20241139,1,False,0,0,1.0,1.0,1.0,1.0,1.0,21.67766699999163
fp_theta50_alpha2p0,false_positive,50.0,0.0,2.0,20,20241140,1,False,0,0,1.0,1.0,1.0,1.0,1.0,20.981625000004556
fp_theta50_alpha2p0,false_positive,50.0,0.0,2.0,23,20241143,1,False,0,0,1.0,1.0,1.0,1.0,1.0,16.08008299999142
fp_theta50_alpha2p0,false_positive,50.0,0.0,2.0,16,20241136,1,False,0,0,1.0,1.0,1.0,1.0,1.0,14.518334000001687
fp_theta50_alpha2p0,false_positive,50.0,0.0,2.0,29,20241149,1,False,0,0,1.0,1.0,1.0,1.0,1.0,15.961375000003386
fp_theta50_alpha2p0,false_positive,50.0,0.0,2.0,21,20241141,1,False,0,0,1.0,1.0,1.0,1.0,1.0,14.879457999995793
fp_theta50_alpha2p0,false_positive,50.0,0.0,2.0,27,20241147,1,False,0,0,1.0,1.0,1.0,1.0,1.0,15.170832999999107
fp_theta50_alpha2p0,false_positive,50.0,0.0,2.0,25,20241145,1,False,0,0,1.0,1.0,1.0,1.0,1.0,13.827708999997412
fp_theta50_alpha2p0,false_positive,50.0,0.0,2.0,28,20241148,1,False,0,0,1.0,1.0,1.0,1.0,1.0,14.331583000000592
fp_theta50_alpha2p0,false_positive,50.0,0.0,2.0,30,20241150,1,False,0,0,1.0,1.0,1.0,1.0,1.0,13.965416999994318
fp_theta50_alpha2p0,false_positive,50.0,0.0,2.0,24,20241144,1,False,0,0,1.0,1.0,1.0,1.0,1.0,13.479333999995902
fp_theta50_alpha2p0,false_positive,50.0,0.0,2.0,17,20241137,1,False,0,0,1.0,1.0,1.0,1.0,1.0,12.521875000004457
fp_theta50_alpha2p0,false_positive,50.0,0.0,2.0,26,20241146,1,False,0,0,1.0,1.0,1.0,1.0,1.0,11.66220799998996
fp_theta50_alpha2p0,false_positive,50.0,0.0,2.0,31,20241151,1,False,0,0,1.0,1.0,1.0,1.0,1.0,12.100833000005196
fp_theta50_alpha2p0,false_positive,50.0,0.0,2.0,32,20241152,1,False,0,0,1.0,1.0,1.0,1.0,1.0,12.173124999989682
fp_theta50_alpha2p0,false_positive,50.0,0.0,2.0,33,20241153,1,False,0,0,1.0,1.0,1.0,1.0,1.0,12.549083999999766
fp_theta50_alpha2p0,false_positive,50.0,0.0,2.0,34,20241154,1,False,0,0,1.0,1.0,1.0,1.0,1.0,13.307333000000199
fp_theta50_alpha2p0,false_positive,50.0,0.0,2.0,38,20241158,1,False,0,0,1.0,1.0,1.0,1.0,1.0,12.772208000001228
fp_theta50_alpha2p0,false_positive,50.0,0.0,2.0,45,20241165,1,False,0,0,1.0,1.0,1.0,1.0,1.0,11.47991599999898
fp_theta50_alpha2p0,false_positive,50.0,0.0,2.0,35,20241155,1,False,0,0,1.0,1.0,1.0,1.0,1.0,13.104791000003502
fp_theta50_alpha2p0,false_positive,50.0,0.0,2.0,36,20241156,1,False,0,0,1.0,1.0,1.0,1.0,1.0,13.55033299999775
fp_theta50_alpha2p0,false_positive,50.0,0.0,2.0,44,20241164,1,False,0,0,1.0,1.0,1.0,1.0,1.0,13.49370900000224
fp_theta50_alpha2p0,false_positive,50.0,0.0,2.0,39,20241159,1,False,0,0,1.0,1.0,1.0,1.0,1.0,12.37583300000722
fp_theta50_alpha2p0,false_positive,50.0,0.0,2.0,37,20241157,1,False,0,0,1.0,1.0,1.0,1.0,1.0,12.520667000003982
fp_theta50_alpha2p0,false_positive,50.0,0.0,2.0,42,20241162,1,False,0,0,1.0,1.0,1.0,1.0,1.0,13.846374999999966
fp_theta50_alpha2p0,false_positive,50.0,0.0,2.0,46,20241166,1,False,0,0,1.0,1.0,1.0,1.0,1.0,14.001750000005586
fp_theta50_alpha2p0,false_positive,50.0,0.0,2.0,41,20241161,1,False,0,0,1.0,1.0,1.0,1.0,1.0,12.231333000002564
fp_theta50_alpha2p0,false_positive,50.0,0.0,2.0,43,20241163,1,False,0,0,1.0,1.0,1.0,1.0,1.0,11.840832999993722
fp_theta50_alpha2p0,false_positive,50.0,0.0,2.0,40,20241160,1,False,0,0,1.0,1.0,1.0,1.0,1.0,14.832540999989874
fp_theta50_alpha2p0,false_positive,50.0,0.0,2.0,48,20241168,1,False,0,0,1.0,1.0,1.0,1.0,1.0,13.050375000005943
fp_theta50_alpha2p0,false_positive,50.0,0.0,2.0,47,20241167,1,False,0,0,1.0,1.0,1.0,1.0,1.0,15.660542000006217
fp_theta50_alpha2p0,false_positive,50.0,0.0,2.0,51,20241171,1,False,0,0,1.0,1.0,1.0,1.0,1.0,13.70629099999121
fp_theta50_alpha2p0,false_positive,50.0,0.0,2.0,49,20241169,1,False,0,0,1.0,1.0,1.0,1.0,1.0,11.764958999989972
fp_theta50_alpha2p0,false_positive,50.0,0.0,2.0,50,20241170,1,False,0,0,1.0,1.0,1.0,1.0,1.0,12.251500000004967
fp_theta50_alpha2p0,false_positive,50.0,0.0,2.0,53,20241173,1,False,0,0,1.0,1.0,1.0,1.0,1.0,12.395208000000935
fp_theta50_alpha2p0,false_positive,50.0,0.0,2.0,52,20241172,1,False,0,0,1.0,1.0,1.0,1.0,1.0,12.961125000003904
fp_theta50_alpha2p0,false_positive,50.0,0.0,2.0,59,20241179,1,False,0,0,1.0,1.0,1.0,1.0,1.0,13.850790999995866
fp_theta50_alpha2p0,false_positive,50.0,0.0,2.0,57,20241177,1,False,0,0,1.0,1.0,1.0,1.0,1.0,12.148582999998325
fp_theta50_alpha2p0,false_positive,50.0,0.0,2.0,58,20241178,1,False,0,0,1.0,1.0,1.0,1.0,1.0,11.411375000008661
fp_theta50_alpha2p0,false_positive,50.0,0.0,2.0,55,20241175,1,False,0,0,1.0,1.0,1.0,1.0,1.0,19.524000000004094
fp_theta50_alpha2p0,false_positive,50.0,0.0,2.0,60,20241180,1,False,0,0,1.0,1.0,1.0,1.0,1.0,13.040250000003084
fp_theta50_alpha2p0,false_positive,50.0,0.0,2.0,56,20241176,1,False,0,0,1.0,1.0,1.0,1.0,1.0,15.937207999996872
fp_theta50_alpha2p0,false_positive,50.0,0.0,2.0,63,20241183,1,False,0,0,1.0,1.0,1.0,1.0,1.0,18.573625000001925
fp_theta50_alpha2p0,false_positive,50.0,0.0,2.0,64,20241184,1,False,0,0,1.0,1.0,1.0,1.0,1.0,20.399874999995404
fp_theta50_alpha2p0,false_positive,50.0,0.0,2.0,54,20241174,1,False,0,0,1.0,1.0,1.0,1.0,1.0,24.49924999999098
fp_theta50_alpha2p0,false_positive,50.0,0.0,2.0,61,20241181,1,False,0,0,1.0,1.0,1.0,1.0,1.0,15.138874999991003
fp_theta50_alpha2p0,false_positive,50.0,0.0,2.0,65,20241185,1,False,0,0,1.0,1.0,1.0,1.0,1.0,18.518791999994733
fp_theta50_alpha2p0,false_positive,50.0,0.0,2.0,62,20241182,1,False,0,0,1.0,1.0,1.0,1.0,1.0,17.48141600000963
fp_theta50_alpha2p0,false_positive,50.0,0.0,2.0,68,20241188,1,False,0,0,1.0,1.0,1.0,1.0,1.0,17.057457999996473
fp_theta50_alpha2p0,false_positive,50.0,0.0,2.0,66,20241186,1,False,0,0,1.0,1.0,1.0,1.0,1.0,20.765707999998995
fp_theta50_alpha2p0,false_positive,50.0,0.0,2.0,70,20241190,1,False,0,0,1.0,1.0,1.0,1.0,1.0,21.68187499999874
fp_theta50_alpha2p0,false_positive,50.0,0.0,2.0,72,20241192,1,False,0,0,1.0,1.0,1.0,1.0,1.0,16.56099999999583
fp_theta50_alpha2p0,false_positive,50.0,0.0,2.0,69,20241189,1,False,0,0,1.0,1.0,1.0,1.0,1.0,14.777707999996892
fp_theta50_alpha2p0,false_positive,50.0,0.0,2.0,67,20241187,1,False,0,0,1.0,1.0,1.0,1.0,1.0,14.097750000004794
fp_theta50_alpha2p0,false_positive,50.0,0.0,2.0,73,20241193,1,False,0,0,1.0,1.0,1.0,1.0,1.0,14.281207999999879
fp_theta50_alpha2p0,false_positive,50.0,0.0,2.0,71,20241191,1,False,0,0,1.0,1.0,1.0,1.0,1.0,13.047249999999622
fp_theta50_alpha2p0,false_positive,50.0,0.0,2.0,74,20241194,1,False,0,0,1.0,1.0,1.0,1.0,1.0,14.381374999999252
fp_theta50_alpha2p0,false_positive,50.0,0.0,2.0,82,20241202,1,False,0,0,1.0,1.0,1.0,1.0,1.0,19.767291999997383
fp_theta50_alpha2p0,false_positive,50.0,0.0,2.0,75,20241195,1,False,0,0,1.0,1.0,1.0,1.0,1.0,19.843624999992926
fp_theta50_alpha2p0,false_positive,50.0,0.0,2.0,77,20241197,1,False,0,0,1.0,1.0,1.0,1.0,1.0,18.464750000006802
fp_theta50_alpha2p0,false_positive,50.0,0.0,2.0,80,20241200,1,False,0,0,1.0,1.0,1.0,1.0,1.0,20.081791999999155
fp_theta50_alpha2p0,false_positive,50.0,0.0,2.0,81,20241201,1,False,0,0,1.0,1.0,1.0,1.0,1.0,20.746250000001965
fp_theta50_alpha2p0,false_positive,50.0,0.0,2.0,78,20241198,1,False,0,0,1.0,1.0,1.0,1.0,1.0,15.481790999999134
fp_theta50_alpha2p0,false_positive,50.0,0.0,2.0,76,20241196,1,False,0,0,1.0,1.0,1.0,1.0,1.0,17.208750000008877
fp_theta50_alpha2p0,false_positive,50.0,0.0,2.0,79,20241199,1,False,0,0,1.0,1.0,1.0,1.0,1.0,15.075250000009532
fp_theta50_alpha2p0,false_positive,50.0,0.0,2.0,84,20241204,1,False,0,0,1.0,1.0,1.0,1.0,1.0,24.049042000001464
fp_theta50_alpha2p0,false_positive,50.0,0.0,2.0,87,20241207,1,False,0,0,1.0,1.0,1.0,1.0,1.0,16.896916999996847
fp_theta50_alpha2p0,false_positive,50.0,0.0,2.0,83,20241203,1,False,0,0,1.0,1.0,1.0,1.0,1.0,17.380916999996998
fp_theta50_alpha2p0,false_positive,50.0,0.0,2.0,86,20241206,1,False,0,0,1.0,1.0,1.0,1.0,1.0,14.426624999998694
fp_theta50_alpha2p0,false_positive,50.0,0.0,2.0,90,20241210,1,False,0,0,1.0,1.0,1.0,1.0,1.0,13.231290999996759
fp_theta50_alpha2p0,false_positive,50.0,0.0,2.0,91,20241211,1,False,0,0,1.0,1.0,1.0,1.0,1.0,13.37775000000363
fp_theta50_alpha2p0,false_positive,50.0,0.0,2.0,89,20241209,1,False,0,0,1.0,1.0,1.0,1.0,1.0,13.984833999998614
fp_theta50_alpha2p0,false_positive,50.0,0.0,2.0,85,20241205,1,False,0,0,1.0,1.0,1.0,1.0,1.0,14.728624999989393
fp_theta50_alpha2p0,false_positive,50.0,0.0,2.0,95,20241215,1,False,0,0,1.0,1.0,1.0,1.0,1.0,13.639458000000104
fp_theta50_alpha2p0,false_positive,50.0,0.0,2.0,97,20241217,1,False,0,0,1.0,1.0,1.0,1.0,1.0,14.629165999991756
fp_theta50_alpha2p0,false_positive,50.0,0.0,2.0,88,20241208,1,False,0,0,1.0,1.0,1.0,1.0,1.0,13.14100000000451
fp_theta50_alpha2p0,false_positive,50.0,0.0,2.0,93,20241213,1,False,0,0,1.0,1.0,1.0,1.0,1.0,12.356541999992032
fp_theta50_alpha2p0,false_positive,50.0,0.0,2.0,92,20241212,1,False,0,0,1.0,1.0,1.0,1.0,1.0,12.184875000002648
fp_theta50_alpha2p0,false_positive,50.0,0.0,2.0,94,20241214,1,False,0,0,1.0,1.0,1.0,1.0,1.0,13.476584000002845
fp_theta50_alpha0p5,false_positive,50.0,0.0,0.5,0,20251120,1,False,0,0,1.0,1.0,1.0,1.0,1.0,14.922333000001231
fp_theta50_alpha2p0,false_positive,50.0,0.0,2.0,98,20241218,1,False,0,0,1.0,1.0,1.0,1.0,1.0,12.896125000011693
fp_theta50_alpha2p0,false_positive,50.0,0.0,2.0,96,20241216,1,False,0,0,1.0,1.0,1.0,1.0,1.0,12.606582999993066
fp_theta50_alpha0p5,false_positive,50.0,0.0,0.5,1,20251121,1,False,0,0,1.0,1.0,1.0,1.0,1.0,12.781416999999351
fp_theta50_alpha2p0,false_positive,50.0,0.0,2.0,99,20241219,1,False,0,0,1.0,1.0,1.0,1.0,1.0,13.219375000005584
fp_theta50_alpha0p5,false_positive,50.0,0.0,0.5,3,20251123,1,False,0,0,1.0,1.0,1.0,1.0,1.0,12.694167000006473
fp_theta50_alpha0p5,false_positive,50.0,0.0,0.5,6,20251126,1,False,0,0,1.0,1.0,1.0,1.0,1.0,12.678624999992394
fp_theta50_alpha0p5,false_positive,50.0,0.0,0.5,4,20251124,1,False,0,0,1.0,1.0,1.0,1.0,1.0,12.665374999997425
fp_theta50_alpha0p5,false_positive,50.0,0.0,0.5,2,20251122,1,False,0,0,1.0,1.0,1.0,1.0,1.0,12.81945799999562
fp_theta50_alpha0p5,false_positive,50.0,0.0,0.5,9,20251129,1,False,0,0,1.0,1.0,1.0,1.0,1.0,12.337666999997055
fp_theta50_alpha0p5,false_positive,50.0,0.0,0.5,8,20251128,1,False,0,0,1.0,1.0,1.0,1.0,1.0,15.632542000005856
fp_theta50_alpha0p5,false_positive,50.0,0.0,0.5,5,20251125,1,False,0,0,1.0,1.0,1.0,1.0,1.0,12.939625000001342
fp_theta50_alpha0p5,false_positive,50.0,0.0,0.5,10,20251130,1,False,0,0,1.0,1.0,1.0,1.0,1.0,13.534915999997565
fp_theta50_alpha0p5,false_positive,50.0,0.0,0.5,14,20251134,1,False,0,0,1.0,1.0,1.0,1.0,1.0,12.05637500000023
fp_theta50_alpha0p5,false_positive,50.0,0.0,0.5,7,20251127,1,False,0,0,1.0,1.0,1.0,1.0,1.0,12.547458000000233
fp_theta50_alpha0p5,false_positive,50.0,0.0,0.5,12,20251132,1,False,0,0,1.0,1.0,1.0,1.0,1.0,12.926374999992163
fp_theta50_alpha0p5,false_positive,50.0,0.0,0.5,13,20251133,1,False,0,0,1.0,1.0,1.0,1.0,1.0,13.881083000001126
fp_theta50_alpha0p5,false_positive,50.0,0.0,0.5,11,20251131,1,False,0,0,1.0,1.0,1.0,1.0,1.0,13.077791000000616
fp_theta50_alpha0p5,false_positive,50.0,0.0,0.5,15,20251135,1,False,0,0,1.0,1.0,1.0,1.0,1.0,12.908667000004925
fp_theta50_alpha0p5,false_positive,50.0,0.0,0.5,16,20251136,1,False,0,0,1.0,1.0,1.0,1.0,1.0,12.380832999994595
fp_theta50_alpha0p5,false_positive,50.0,0.0,0.5,17,20251137,1,False,0,0,1.0,1.0,1.0,1.0,1.0,14.94662500000743
fp_theta50_alpha0p5,false_positive,50.0,0.0,0.5,25,20251145,1,False,0,0,1.0,1.0,1.0,1.0,1.0,14.394459000001802
fp_theta50_alpha0p5,false_positive,50.0,0.0,0.5,19,20251139,1,False,0,0,1.0,1.0,1.0,1.0,1.0,14.226250000007212
fp_theta50_alpha0p5,false_positive,50.0,0.0,0.5,18,20251138,1,False,0,0,1.0,1.0,1.0,1.0,1.0,15.292291000008618
fp_theta50_alpha0p5,false_positive,50.0,0.0,0.5,20,20251140,1,False,0,0,1.0,1.0,1.0,1.0,1.0,12.122708999996235
fp_theta50_alpha0p5,false_positive,50.0,0.0,0.5,27,20251147,1,False,0,0,1.0,1.0,1.0,1.0,1.0,13.0258339999898
fp_theta50_alpha0p5,false_positive,50.0,0.0,0.5,23,20251143,1,False,0,0,1.0,1.0,1.0,1.0,1.0,13.121333000000845
fp_theta50_alpha0p5,false_positive,50.0,0.0,0.5,26,20251146,1,False,0,0,1.0,1.0,1.0,1.0,1.0,13.008624999997664
fp_theta50_alpha0p5,false_positive,50.0,0.0,0.5,22,20251142,1,False,0,0,1.0,1.0,1.0,1.0,1.0,12.978374999988773
fp_theta50_alpha0p5,false_positive,50.0,0.0,0.5,28,20251148,1,False,0,0,1.0,1.0,1.0,1.0,1.0,14.253249999995887
fp_theta50_alpha0p5,false_positive,50.0,0.0,0.5,21,20251141,1,False,0,0,1.0,1.0,1.0,1.0,1.0,14.806083999999942
fp_theta50_alpha0p5,false_positive,50.0,0.0,0.5,24,20251144,1,False,0,0,1.0,1.0,1.0,1.0,1.0,14.972083000003522
fp_theta50_alpha0p5,false_positive,50.0,0.0,0.5,29,20251149,1,False,0,0,1.0,1.0,1.0,1.0,1.0,14.908916999999633
fp_theta50_alpha0p5,false_positive,50.0,0.0,0.5,30,20251150,1,False,0,0,1.0,1.0,1.0,1.0,1.0,16.255291999996757
fp_theta50_alpha0p5,false_positive,50.0,0.0,0.5,33,20251153,1,False,0,0,1.0,1.0,1.0,1.0,1.0,14.074332999996386
fp_theta50_alpha0p5,false_positive,50.0,0.0,0.5,38,20251158,1,False,0,0,1.0,1.0,1.0,1.0,1.0,12.145541999998954
fp_theta50_alpha0p5,false_positive,50.0,0.0,0.5,31,20251151,1,False,0,0,1.0,1.0,1.0,1.0,1.0,11.822832999996535
fp_theta50_alpha0p5,false_positive,50.0,0.0,0.5,36,20251156,1,False,0,0,1.0,1.0,1.0,1.0,1.0,11.327624999992736
fp_theta50_alpha0p5,false_positive,50.0,0.0,0.5,34,20251154,1,False,0,0,1.0,1.0,1.0,1.0,1.0,12.618000000003349
fp_theta50_alpha0p5,false_positive,50.0,0.0,0.5,32,20251152,1,False,0,0,1.0,1.0,1.0,1.0,1.0,11.938291999996409
fp_theta50_alpha0p5,false_positive,50.0,0.0,0.5,37,20251157,1,False,0,0,1.0,1.0,1.0,1.0,1.0,13.845083000006753
fp_theta50_alpha0p5,false_positive,50.0,0.0,0.5,39,20251159,1,False,0,0,1.0,1.0,1.0,1.0,1.0,11.753083999991532
fp_theta50_alpha0p5,false_positive,50.0,0.0,0.5,35,20251155,1,False,0,0,1.0,1.0,1.0,1.0,1.0,12.980749999996988
fp_theta50_alpha0p5,false_positive,50.0,0.0,0.5,44,20251164,1,False,0,0,1.0,1.0,1.0,1.0,1.0,11.808541999997146
fp_theta50_alpha0p5,false_positive,50.0,0.0,0.5,42,20251162,1,False,0,0,1.0,1.0,1.0,1.0,1.0,13.646708000010221
fp_theta50_alpha0p5,false_positive,50.0,0.0,0.5,40,20251160,1,False,0,0,1.0,1.0,1.0,1.0,1.0,13.502250000001936
fp_theta50_alpha0p5,false_positive,50.0,0.0,0.5,45,20251165,1,False,0,0,1.0,1.0,1.0,1.0,1.0,11.814666999995893
fp_theta50_alpha0p5,false_positive,50.0,0.0,0.5,41,20251161,1,False,0,0,1.0,1.0,1.0,1.0,1.0,11.218999999996981
fp_theta50_alpha0p5,false_positive,50.0,0.0,0.5,43,20251163,1,False,0,0,1.0,1.0,1.0,1.0,1.0,12.120375000009176
fp_theta50_alpha0p5,false_positive,50.0,0.0,0.5,49,20251169,1,False,0,0,1.0,1.0,1.0,1.0,1.0,11.936750000003826
fp_theta50_alpha0p5,false_positive,50.0,0.0,0.5,46,20251166,1,False,0,0,1.0,1.0,1.0,1.0,1.0,11.994416999996815
fp_theta50_alpha0p5,false_positive,50.0,0.0,0.5,52,20251172,1,False,0,0,1.0,1.0,1.0,1.0,1.0,12.101125000000934
fp_theta50_alpha0p5,false_positive,50.0,0.0,0.5,50,20251170,1,False,0,0,1.0,1.0,1.0,1.0,1.0,12.811458000001608
fp_theta50_alpha0p5,false_positive,50.0,0.0,0.5,54,20251174,1,False,0,0,1.0,1.0,1.0,1.0,1.0,14.206458000003863
fp_theta50_alpha0p5,false_positive,50.0,0.0,0.5,47,20251167,1,False,0,0,1.0,1.0,1.0,1.0,1.0,12.59508300000789
fp_theta50_alpha0p5,false_positive,50.0,0.0,0.5,48,20251168,1,False,0,0,1.0,1.0,1.0,1.0,1.0,12.378832999999645
fp_theta50_alpha0p5,false_positive,50.0,0.0,0.5,51,20251171,1,False,0,0,1.0,1.0,1.0,1.0,1.0,12.756916000000729
fp_theta50_alpha0p5,false_positive,50.0,0.0,0.5,60,20251180,1,False,0,0,1.0,1.0,1.0,1.0,1.0,11.826958000000332
fp_theta50_alpha0p5,false_positive,50.0,0.0,0.5,55,20251175,1,False,0,0,1.0,1.0,1.0,1.0,1.0,12.765749999999798
fp_theta50_alpha0p5,false_positive,50.0,0.0,0.5,53,20251173,1,False,0,0,1.0,1.0,1.0,1.0,1.0,12.049583000006692
fp_theta50_alpha0p5,false_positive,50.0,0.0,0.5,57,20251177,1,False,0,0,1.0,1.0,1.0,1.0,1.0,11.81633400000237
fp_theta50_alpha0p5,false_positive,50.0,0.0,0.5,56,20251176,1,False,0,0,1.0,1.0,1.0,1.0,1.0,12.52841599999499
fp_theta50_alpha0p5,false_positive,50.0,0.0,0.5,58,20251178,1,False,0,0,1.0,1.0,1.0,1.0,1.0,12.625667000008889
fp_theta50_alpha0p5,false_positive,50.0,0.0,0.5,59,20251179,1,False,0,0,1.0,1.0,1.0,1.0,1.0,12.043792000000053
fp_theta50_alpha0p5,false_positive,50.0,0.0,0.5,61,20251181,1,False,0,0,1.0,1.0,1.0,1.0,1.0,11.128083000002675
fp_theta50_alpha0p5,false_positive,50.0,0.0,0.5,62,20251182,1,False,0,0,1.0,1.0,1.0,1.0,1.0,13.332624999989662
fp_theta50_alpha0p5,false_positive,50.0,0.0,0.5,68,20251188,1,False,0,0,1.0,1.0,1.0,1.0,1.0,13.413291999995636
fp_theta50_alpha0p5,false_positive,50.0,0.0,0.5,64,20251184,1,False,0,0,1.0,1.0,1.0,1.0,1.0,12.207750000001738
fp_theta50_alpha0p5,false_positive,50.0,0.0,0.5,63,20251183,1,False,0,0,1.0,1.0,1.0,1.0,1.0,11.365167000008114
fp_theta50_alpha0p5,false_positive,50.0,0.0,0.5,65,20251185,1,False,0,0,1.0,1.0,1.0,1.0,1.0,14.335417000012285
fp_theta50_alpha0p5,false_positive,50.0,0.0,0.5,66,20251186,1,False,0,0,1.0,1.0,1.0,1.0,1.0,12.571707999995851
fp_theta50_alpha0p5,false_positive,50.0,0.0,0.5,71,20251191,1,False,0,0,1.0,1.0,1.0,1.0,1.0,13.286125000007587
fp_theta50_alpha0p5,false_positive,50.0,0.0,0.5,70,20251190,1,False,0,0,1.0,1.0,1.0,1.0,1.0,11.12483299999667
fp_theta50_alpha0p5,false_positive,50.0,0.0,0.5,69,20251189,1,False,0,0,1.0,1.0,1.0,1.0,1.0,11.739708000007454
fp_theta50_alpha0p5,false_positive,50.0,0.0,0.5,67,20251187,1,False,0,0,1.0,1.0,1.0,1.0,1.0,11.983624999999165
fp_theta50_alpha0p5,false_positive,50.0,0.0,0.5,76,20251196,1,False,0,0,1.0,1.0,1.0,1.0,1.0,12.263875000002145
fp_theta50_alpha0p5,false_positive,50.0,0.0,0.5,77,20251197,1,False,0,0,1.0,1.0,1.0,1.0,1.0,12.27783299999885
fp_theta50_alpha0p5,false_positive,50.0,0.0,0.5,72,20251192,1,False,0,0,1.0,1.0,1.0,1.0,1.0,11.939249999997514
fp_theta50_alpha0p5,false_positive,50.0,0.0,0.5,73,20251193,1,False,0,0,1.0,1.0,1.0,1.0,1.0,13.142625000000407
fp_theta50_alpha0p5,false_positive,50.0,0.0,0.5,74,20251194,1,False,0,0,1.0,1.0,1.0,1.0,1.0,12.214709000005541
fp_theta50_alpha0p5,false_positive,50.0,0.0,0.5,75,20251195,1,False,0,0,1.0,1.0,1.0,1.0,1.0,12.511375000002545
fp_theta50_alpha0p5,false_positive,50.0,0.0,0.5,78,20251198,1,False,0,0,1.0,1.0,1.0,1.0,1.0,12.707124999991493
fp_theta50_alpha0p5,false_positive,50.0,0.0,0.5,80,20251200,1,False,0,0,1.0,1.0,1.0,1.0,1.0,11.648875000005887
fp_theta50_alpha0p5,false_positive,50.0,0.0,0.5,82,20251202,1,False,0,0,1.0,1.0,1.0,1.0,1.0,11.771624999994401
fp_theta50_alpha0p5,false_positive,50.0,0.0,0.5,79,20251199,1,False,0,0,1.0,1.0,1.0,1.0,1.0,13.03250000000844
fp_theta50_alpha0p5,false_positive,50.0,0.0,0.5,86,20251206,1,False,0,0,1.0,1.0,1.0,1.0,1.0,11.577625000001035
fp_theta50_alpha0p5,false_positive,50.0,0.0,0.5,83,20251203,1,False,0,0,1.0,1.0,1.0,1.0,1.0,11.680416999993781
fp_theta50_alpha0p5,false_positive,50.0,0.0,0.5,81,20251201,1,False,0,0,1.0,1.0,1.0,1.0,1.0,11.840749999990408
fp_theta50_alpha0p5,false_positive,50.0,0.0,0.5,84,20251204,1,False,0,0,1.0,1.0,1.0,1.0,1.0,11.781833000000574
fp_theta50_alpha0p5,false_positive,50.0,0.0,0.5,87,20251207,1,False,0,0,1.0,1.0,1.0,1.0,1.0,12.142291000003524
fp_theta50_alpha0p5,false_positive,50.0,0.0,0.5,90,20251210,1,False,0,0,1.0,1.0,1.0,1.0,1.0,11.093041000009407
fp_theta50_alpha0p5,false_positive,50.0,0.0,0.5,85,20251205,1,False,0,0,1.0,1.0,1.0,1.0,1.0,12.42791700001078
fp_theta50_alpha0p5,false_positive,50.0,0.0,0.5,89,20251209,1,False,0,0,1.0,1.0,1.0,1.0,1.0,12.453291999989347
fp_theta50_alpha0p5,false_positive,50.0,0.0,0.5,88,20251208,1,False,0,0,1.0,1.0,1.0,1.0,1.0,12.066083000007666
fp_theta50_alpha0p5,false_positive,50.0,0.0,0.5,91,20251211,1,False,0,0,1.0,1.0,1.0,1.0,1.0,14.130707999996162
fp_theta50_alpha0p5,false_positive,50.0,0.0,0.5,95,20251215,1,False,0,0,1.0,1.0,1.0,1.0,1.0,11.955332999988855
fp_theta50_alpha0p5,false_positive,50.0,0.0,0.5,94,20251214,1,False,0,0,1.0,1.0,1.0,1.0,1.0,12.267874999992046
fp_theta50_alpha0p5,false_positive,50.0,0.0,0.5,93,20251213,1,False,0,0,1.0,1.0,1.0,1.0,1.0,12.548041000002286
fp_theta50_alpha0p5,false_positive,50.0,0.0,0.5,92,20251212,1,False,0,0,1.0,1.0,1.0,1.0,1.0,12.177209000000744
fp_theta50_alpha0p05,false_positive,50.0,0.0,0.05,1,20261121,1,False,0,0,1.0,1.0,1.0,1.0,1.0,12.4559589999933
fp_theta50_alpha0p05,false_positive,50.0,0.0,0.05,2,20261122,1,False,0,0,1.0,1.0,1.0,1.0,1.0,12.973791000007395
fp_theta50_alpha0p5,false_positive,50.0,0.0,0.5,96,20251216,1,False,0,0,1.0,1.0,1.0,1.0,1.0,12.204666999991787
fp_theta50_alpha0p05,false_positive,50.0,0.0,0.05,3,20261123,1,False,0,0,1.0,1.0,1.0,1.0,1.0,12.685415999996508
fp_theta50_alpha0p05,false_positive,50.0,0.0,0.05,0,20261120,1,False,0,0,1.0,1.0,1.0,1.0,1.0,12.113458000001742
fp_theta50_alpha0p5,false_positive,50.0,0.0,0.5,97,20251217,1,False,0,0,1.0,1.0,1.0,1.0,1.0,12.425583999998935
fp_theta50_alpha0p05,false_positive,50.0,0.0,0.05,4,20261124,1,False,0,0,1.0,1.0,1.0,1.0,1.0,14.067542000006483
fp_theta50_alpha0p05,false_positive,50.0,0.0,0.05,5,20261125,1,False,0,0,1.0,1.0,1.0,1.0,1.0,14.86379099999624
fp_theta50_alpha0p5,false_positive,50.0,0.0,0.5,98,20251218,1,False,0,0,1.0,1.0,1.0,1.0,1.0,16.595417000004886
fp_theta50_alpha0p5,false_positive,50.0,0.0,0.5,99,20251219,1,False,0,0,1.0,1.0,1.0,1.0,1.0,12.967665999994438
fp_theta50_alpha0p05,false_positive,50.0,0.0,0.05,7,20261127,1,False,0,0,1.0,1.0,1.0,1.0,1.0,13.361292000013236
fp_theta50_alpha0p05,false_positive,50.0,0.0,0.05,6,20261126,1,False,0,0,1.0,1.0,1.0,1.0,1.0,15.442083000010598
fp_theta50_alpha0p05,false_positive,50.0,0.0,0.05,8,20261128,1,False,0,0,1.0,1.0,1.0,1.0,1.0,12.926542000002428
fp_theta50_alpha0p05,false_positive,50.0,0.0,0.05,9,20261129,1,False,0,0,1.0,1.0,1.0,1.0,1.0,11.95012499999848
fp_theta50_alpha0p05,false_positive,50.0,0.0,0.05,10,20261130,1,False,0,0,1.0,1.0,1.0,1.0,1.0,12.321000000000026
fp_theta50_alpha0p05,false_positive,50.0,0.0,0.05,11,20261131,1,False,0,0,1.0,1.0,1.0,1.0,1.0,12.986584000003631
fp_theta50_alpha0p05,false_positive,50.0,0.0,0.05,13,20261133,1,False,0,0,1.0,1.0,1.0,1.0,1.0,13.11933399999532
fp_theta50_alpha0p05,false_positive,50.0,0.0,0.05,12,20261132,1,False,0,0,1.0,1.0,1.0,1.0,1.0,13.66420800000867
fp_theta50_alpha0p05,false_positive,50.0,0.0,0.05,16,20261136,1,False,0,0,1.0,1.0,1.0,1.0,1.0,11.57100000000355
fp_theta50_alpha0p05,false_positive,50.0,0.0,0.05,14,20261134,1,False,0,0,1.0,1.0,1.0,1.0,1.0,13.296457999999234
fp_theta50_alpha0p05,false_positive,50.0,0.0,0.05,15,20261135,1,False,0,0,1.0,1.0,1.0,1.0,1.0,11.801624999989713
fp_theta50_alpha0p05,false_positive,50.0,0.0,0.05,17,20261137,1,False,0,0,1.0,1.0,1.0,1.0,1.0,12.296749999990197
fp_theta50_alpha0p05,false_positive,50.0,0.0,0.05,20,20261140,1,False,0,0,1.0,1.0,1.0,1.0,1.0,12.377999999998224
fp_theta50_alpha0p05,false_positive,50.0,0.0,0.05,19,20261139,1,False,0,0,1.0,1.0,1.0,1.0,1.0,13.73691700000279
fp_theta50_alpha0p05,false_positive,50.0,0.0,0.05,18,20261138,1,False,0,0,1.0,1.0,1.0,1.0,1.0,11.954000000002907
fp_theta50_alpha0p05,false_positive,50.0,0.0,0.05,25,20261145,1,False,0,0,1.0,1.0,1.0,1.0,1.0,12.137624999994046
fp_theta50_alpha0p05,false_positive,50.0,0.0,0.05,22,20261142,1,False,0,0,1.0,1.0,1.0,1.0,1.0,12.753958000004673
fp_theta50_alpha0p05,false_positive,50.0,0.0,0.05,21,20261141,1,False,0,0,1.0,1.0,1.0,1.0,1.0,12.317416999991337
fp_theta50_alpha0p05,false_positive,50.0,0.0,0.05,24,20261144,1,False,0,0,1.0,1.0,1.0,1.0,1.0,11.415333000002192
fp_theta50_alpha0p05,false_positive,50.0,0.0,0.05,23,20261143,1,False,0,0,1.0,1.0,1.0,1.0,1.0,12.182582999997749
fp_theta50_alpha0p05,false_positive,50.0,0.0,0.05,26,20261146,1,False,0,0,1.0,1.0,1.0,1.0,1.0,11.737749999994662
fp_theta50_alpha0p05,false_positive,50.0,0.0,0.05,30,20261150,1,False,0,0,1.0,1.0,1.0,1.0,1.0,12.86187499999869
fp_theta50_alpha0p05,false_positive,50.0,0.0,0.05,28,20261148,1,False,0,0,1.0,1.0,1.0,1.0,1.0,12.413375000008386
fp_theta50_alpha0p05,false_positive,50.0,0.0,0.05,27,20261147,1,False,0,0,1.0,1.0,1.0,1.0,1.0,13.822500000003402
fp_theta50_alpha0p05,false_positive,50.0,0.0,0.05,34,20261154,1,False,0,0,1.0,1.0,1.0,1.0,1.0,11.9064590000022
fp_theta50_alpha0p05,false_positive,50.0,0.0,0.05,33,20261153,1,False,0,0,1.0,1.0,1.0,1.0,1.0,12.972457999993026
fp_theta50_alpha0p05,false_positive,50.0,0.0,0.05,32,20261152,1,False,0,0,1.0,1.0,1.0,1.0,1.0,11.97054200000025
fp_theta50_alpha0p05,false_positive,50.0,0.0,0.05,35,20261155,1,False,0,0,1.0,1.0,1.0,1.0,1.0,13.782500000004916
fp_theta50_alpha0p05,false_positive,50.0,0.0,0.05,31,20261151,1,False,0,0,1.0,1.0,1.0,1.0,1.0,11.802457999991134
fp_theta50_alpha0p05,false_positive,50.0,0.0,0.05,29,20261149,1,False,0,0,1.0,1.0,1.0,1.0,1.0,12.825374999991368
fp_theta50_alpha0p05,false_positive,50.0,0.0,0.05,37,20261157,1,False,0,0,1.0,1.0,1.0,1.0,1.0,12.79887500000143
fp_theta50_alpha0p05,false_positive,50.0,0.0,0.05,36,20261156,1,False,0,0,1.0,1.0,1.0,1.0,1.0,15.534957999989274
fp_theta50_alpha0p05,false_positive,50.0,0.0,0.05,39,20261159,1,False,0,0,1.0,1.0,1.0,1.0,1.0,12.376291999999012
fp_theta50_alpha0p05,false_positive,50.0,0.0,0.05,40,20261160,1,False,0,0,1.0,1.0,1.0,1.0,1.0,12.510750000004123
fp_theta50_alpha0p05,false_positive,50.0,0.0,0.05,41,20261161,1,False,0,0,1.0,1.0,1.0,1.0,1.0,13.293875000002231
fp_theta50_alpha0p05,false_positive,50.0,0.0,0.05,38,20261158,1,False,0,0,1.0,1.0,1.0,1.0,1.0,13.409959000000526
fp_theta50_alpha0p05,false_positive,50.0,0.0,0.05,42,20261162,1,False,0,0,1.0,1.0,1.0,1.0,1.0,14.493625000000065
fp_theta50_alpha0p05,false_positive,50.0,0.0,0.05,43,20261163,1,False,0,0,1.0,1.0,1.0,1.0,1.0,12.006167000009782
fp_theta50_alpha0p05,false_positive,50.0,0.0,0.05,45,20261165,1,False,0,0,1.0,1.0,1.0,1.0,1.0,11.95754199999044
fp_theta50_alpha0p05,false_positive,50.0,0.0,0.05,47,20261167,1,False,0,0,1.0,1.0,1.0,1.0,1.0,13.882542000004605
fp_theta50_alpha0p05,false_positive,50.0,0.0,0.05,46,20261166,1,False,0,0,1.0,1.0,1.0,1.0,1.0,14.157957999998416
fp_theta50_alpha0p05,false_positive,50.0,0.0,0.05,44,20261164,1,False,0,0,1.0,1.0,1.0,1.0,1.0,15.88637499999379
fp_theta50_alpha0p05,false_positive,50.0,0.0,0.05,48,20261168,1,False,0,0,1.0,1.0,1.0,1.0,1.0,13.903542000008429
fp_theta50_alpha0p05,false_positive,50.0,0.0,0.05,49,20261169,1,False,0,0,1.0,1.0,1.0,1.0,1.0,13.884292000000187
fp_theta50_alpha0p05,false_positive,50.0,0.0,0.05,50,20261170,1,False,0,0,1.0,1.0,1.0,1.0,1.0,14.46233299999733
fp_theta50_alpha0p05,false_positive,50.0,0.0,0.05,52,20261172,1,False,0,0,1.0,1.0,1.0,1.0,1.0,13.27549999999178
fp_theta50_alpha0p05,false_positive,50.0,0.0,0.05,51,20261171,1,False,0,0,1.0,1.0,1.0,1.0,1.0,13.34100000001115
fp_theta50_alpha0p05,false_positive,50.0,0.0,0.05,53,20261173,1,False,0,0,1.0,1.0,1.0,1.0,1.0,12.570749999994746
fp_theta50_alpha0p05,false_positive,50.0,0.0,0.05,58,20261178,1,False,0,0,1.0,1.0,1.0,1.0,1.0,15.631208000002061
fp_theta50_alpha0p05,false_positive,50.0,0.0,0.05,56,20261176,1,False,0,0,1.0,1.0,1.0,1.0,1.0,15.934291999997185
fp_theta50_alpha0p05,false_positive,50.0,0.0,0.05,54,20261174,1,False,0,0,1.0,1.0,1.0,1.0,1.0,13.977416000003018
fp_theta50_alpha0p05,false_positive,50.0,0.0,0.05,55,20261175,1,False,0,0,1.0,1.0,1.0,1.0,1.0,13.828500000002464
fp_theta50_alpha0p05,false_positive,50.0,0.0,0.05,57,20261177,1,False,0,0,1.0,1.0,1.0,1.0,1.0,13.293124999989914
fp_theta50_alpha0p05,false_positive,50.0,0.0,0.05,60,20261180,1,False,0,0,1.0,1.0,1.0,1.0,1.0,15.24620899999718
fp_theta50_alpha0p05,false_positive,50.0,0.0,0.05,59,20261179,1,False,0,0,1.0,1.0,1.0,1.0,1.0,14.921375000000126
fp_theta50_alpha0p05,false_positive,50.0,0.0,0.05,61,20261181,1,False,0,0,1.0,1.0,1.0,1.0,1.0,13.93783400000359
fp_theta50_alpha0p05,false_positive,50.0,0.0,0.05,62,20261182,1,False,0,0,1.0,1.0,1.0,1.0,1.0,13.357208999991599
fp_theta50_alpha0p05,false_positive,50.0,0.0,0.05,63,20261183,1,False,0,0,1.0,1.0,1.0,1.0,1.0,12.782083000004718
fp_theta50_alpha0p05,false_positive,50.0,0.0,0.05,68,20261188,1,False,0,0,1.0,1.0,1.0,1.0,1.0,12.74349999999913
fp_theta50_alpha0p05,false_positive,50.0,0.0,0.05,67,20261187,1,False,0,0,1.0,1.0,1.0,1.0,1.0,11.915708000003633
fp_theta50_alpha0p05,false_positive,50.0,0.0,0.05,64,20261184,1,True,0,1,0.0,0.0,0.0,0.0,0.0,12.518166999996083
fp_theta50_alpha0p05,false_positive,50.0,0.0,0.05,66,20261186,1,False,0,0,1.0,1.0,1.0,1.0,1.0,12.72966700000211
fp_theta50_alpha0p05,false_positive,50.0,0.0,0.05,65,20261185,1,False,0,0,1.0,1.0,1.0,1.0,1.0,12.953917000004367
fp_theta50_alpha0p05,false_positive,50.0,0.0,0.05,69,20261189,1,False,0,0,1.0,1.0,1.0,1.0,1.0,11.980582999996159
fp_theta50_alpha0p05,false_positive,50.0,0.0,0.05,72,20261192,1,False,0,0,1.0,1.0,1.0,1.0,1.0,12.296499999990829
fp_theta50_alpha0p05,false_positive,50.0,0.0,0.05,70,20261190,1,False,0,0,1.0,1.0,1.0,1.0,1.0,13.248333999996476
fp_theta50_alpha0p05,false_positive,50.0,0.0,0.05,71,20261191,1,False,0,0,1.0,1.0,1.0,1.0,1.0,13.089250000007269
fp_theta50_alpha0p05,false_positive,50.0,0.0,0.05,74,20261194,1,False,0,0,1.0,1.0,1.0,1.0,1.0,13.00762500000019
fp_theta50_alpha0p05,false_positive,50.0,0.0,0.05,73,20261193,1,False,0,0,1.0,1.0,1.0,1.0,1.0,12.1908749999875
fp_theta50_alpha0p05,false_positive,50.0,0.0,0.05,75,20261195,1,False,0,0,1.0,1.0,1.0,1.0,1.0,12.447582999996598
fp_theta50_alpha0p05,false_positive,50.0,0.0,0.05,76,20261196,1,False,0,0,1.0,1.0,1.0,1.0,1.0,11.56245800000022
fp_theta50_alpha0p05,false_positive,50.0,0.0,0.05,79,20261199,1,False,0,0,1.0,1.0,1.0,1.0,1.0,12.545250000002284
fp_theta50_alpha0p05,false_positive,50.0,0.0,0.05,77,20261197,1,False,0,0,1.0,1.0,1.0,1.0,1.0,12.075749999993945
fp_theta50_alpha0p05,false_positive,50.0,0.0,0.05,80,20261200,1,False,0,0,1.0,1.0,1.0,1.0,1.0,12.910292000000823
fp_theta50_alpha0p05,false_positive,50.0,0.0,0.05,81,20261201,1,False,0,0,1.0,1.0,1.0,1.0,1.0,11.816374999995105
fp_theta50_alpha0p05,false_positive,50.0,0.0,0.05,78,20261198,1,False,0,0,1.0,1.0,1.0,1.0,1.0,12.388333000004081
fp_theta50_alpha0p05,false_positive,50.0,0.0,0.05,84,20261204,1,False,0,0,1.0,1.0,1.0,1.0,1.0,11.578541999995196
fp_theta50_alpha0p05,false_positive,50.0,0.0,0.05,83,20261203,1,False,0,0,1.0,1.0,1.0,1.0,1.0,12.762834000000112
fp_theta50_alpha0p05,false_positive,50.0,0.0,0.05,82,20261202,1,False,0,0,1.0,1.0,1.0,1.0,1.0,12.13016700000935
fp_theta50_alpha0p05,false_positive,50.0,0.0,0.05,86,20261206,1,False,0,0,1.0,1.0,1.0,1.0,1.0,11.892208999995546
fp_theta50_alpha0p05,false_positive,50.0,0.0,0.05,85,20261205,1,False,0,0,1.0,1.0,1.0,1.0,1.0,11.991290999986859
fp_theta50_alpha0p05,false_positive,50.0,0.0,0.05,90,20261210,1,False,0,0,1.0,1.0,1.0,1.0,1.0,11.566250000001332
fp_theta50_alpha0p05,false_positive,50.0,0.0,0.05,88,20261208,1,False,0,0,1.0,1.0,1.0,1.0,1.0,11.298957999997583
fp_theta50_alpha0p05,false_positive,50.0,0.0,0.05,87,20261207,1,False,0,0,1.0,1.0,1.0,1.0,1.0,11.821166999993693
fp_theta50_alpha0p05,false_positive,50.0,0.0,0.05,91,20261211,1,False,0,0,1.0,1.0,1.0,1.0,1.0,12.347542000000544
fp_theta50_alpha0p05,false_positive,50.0,0.0,0.05,92,20261212,1,False,0,0,1.0,1.0,1.0,1.0,1.0,12.639625000005594
fp_theta50_alpha0p05,false_positive,50.0,0.0,0.05,89,20261209,1,False,0,0,1.0,1.0,1.0,1.0,1.0,12.198374999996986
fp_theta50_alpha0p05,false_positive,50.0,0.0,0.05,95,20261215,1,False,0,0,1.0,1.0,1.0,1.0,1.0,12.002207999998404
fp_theta50_alpha0p05,false_positive,50.0,0.0,0.05,94,20261214,1,False,0,0,1.0,1.0,1.0,1.0,1.0,12.117541999998593
fp_theta50_alpha0p05,false_positive,50.0,0.0,0.05,96,20261216,1,False,0,0,1.0,1.0,1.0,1.0,1.0,12.14533299999232
fp_theta50_alpha0p05,false_positive,50.0,0.0,0.05,93,20261213,1,False,0,0,1.0,1.0,1.0,1.0,1.0,11.86758300001145
fp_theta50_alpha0p05,false_positive,50.0,0.0,0.05,98,20261218,1,False,0,0,1.0,1.0,1.0,1.0,1.0,12.194792000002508
fp_theta50_alpha0p05,false_positive,50.0,0.0,0.05,97,20261217,1,False,0,0,1.0,1.0,1.0,1.0,1.0,12.271666999993158
fp_theta50_alpha0p05,false_positive,50.0,0.0,0.05,99,20261219,1,False,0,0,1.0,1.0,1.0,1.0,1.0,12.647541000006868
fp_theta100_alpha2p0,false_positive,100.0,0.0,2.0,2,20271122,1,False,0,0,1.0,1.0,1.0,1.0,1.0,13.591082999994342
fp_theta100_alpha2p0,false_positive,100.0,0.0,2.0,12,20271132,1,False,0,0,1.0,1.0,1.0,1.0,1.0,12.240583999997057
fp_theta100_alpha2p0,false_positive,100.0,0.0,2.0,1,20271121,1,False,0,0,1.0,1.0,1.0,1.0,1.0,12.233417000004465
fp_theta100_alpha2p0,false_positive,100.0,0.0,2.0,0,20271120,1,False,0,0,1.0,1.0,1.0,1.0,1.0,11.591125000009583
fp_theta100_alpha2p0,false_positive,100.0,0.0,2.0,4,20271124,1,False,0,0,1.0,1.0,1.0,1.0,1.0,13.415583000011111
fp_theta100_alpha2p0,false_positive,100.0,0.0,2.0,8,20271128,1,False,0,0,1.0,1.0,1.0,1.0,1.0,12.108791999992263
fp_theta100_alpha2p0,false_positive,100.0,0.0,2.0,6,20271126,1,False,0,0,1.0,1.0,1.0,1.0,1.0,12.4471669999906
fp_theta100_alpha2p0,false_positive,100.0,0.0,2.0,5,20271125,1,False,0,0,1.0,1.0,1.0,1.0,1.0,13.017666999999733
fp_theta100_alpha2p0,false_positive,100.0,0.0,2.0,3,20271123,1,False,0,0,1.0,1.0,1.0,1.0,1.0,12.321916999994187
fp_theta100_alpha2p0,false_positive,100.0,0.0,2.0,7,20271127,1,False,0,0,1.0,1.0,1.0,1.0,1.0,12.834124999997698
fp_theta100_alpha2p0,false_positive,100.0,0.0,2.0,11,20271131,1,False,0,0,1.0,1.0,1.0,1.0,1.0,11.76449999999818
fp_theta100_alpha2p0,false_positive,100.0,0.0,2.0,9,20271129,1,False,0,0,1.0,1.0,1.0,1.0,1.0,11.916958000000477
fp_theta100_alpha2p0,false_positive,100.0,0.0,2.0,10,20271130,1,False,0,0,1.0,1.0,1.0,1.0,1.0,12.541874999996594
fp_theta100_alpha2p0,false_positive,100.0,0.0,2.0,15,20271135,1,False,0,0,1.0,1.0,1.0,1.0,1.0,12.1029999999962
fp_theta100_alpha2p0,false_positive,100.0,0.0,2.0,14,20271134,1,False,0,0,1.0,1.0,1.0,1.0,1.0,13.958500000001095
fp_theta100_alpha2p0,false_positive,100.0,0.0,2.0,17,20271137,1,False,0,0,1.0,1.0,1.0,1.0,1.0,11.276084000002129
fp_theta100_alpha2p0,false_positive,100.0,0.0,2.0,13,20271133,1,False,0,0,1.0,1.0,1.0,1.0,1.0,22.93841600000235
fp_theta100_alpha2p0,false_positive,100.0,0.0,2.0,20,20271140,1,False,0,0,1.0,1.0,1.0,1.0,1.0,26.86258299999622
fp_theta100_alpha2p0,false_positive,100.0,0.0,2.0,16,20271136,1,False,0,0,1.0,1.0,1.0,1.0,1.0,15.824000000009164
fp_theta100_alpha2p0,false_positive,100.0,0.0,2.0,26,20271146,1,False,0,0,1.0,1.0,1.0,1.0,1.0,16.852416999995512
fp_theta100_alpha2p0,false_positive,100.0,0.0,2.0,22,20271142,1,False,0,0,1.0,1.0,1.0,1.0,1.0,14.879499999992163
fp_theta100_alpha2p0,false_positive,100.0,0.0,2.0,19,20271139,1,False,0,0,1.0,1.0,1.0,1.0,1.0,14.195499999999583
fp_theta100_alpha2p0,false_positive,100.0,0.0,2.0,25,20271145,1,False,0,0,1.0,1.0,1.0,1.0,1.0,15.16024999999388
fp_theta100_alpha2p0,false_positive,100.0,0.0,2.0,21,20271141,1,False,0,0,1.0,1.0,1.0,1.0,1.0,15.619166999996992
fp_theta100_alpha2p0,false_positive,100.0,0.0,2.0,24,20271144,1,False,0,0,1.0,1.0,1.0,1.0,1.0,13.317250000000058
fp_theta100_alpha2p0,false_positive,100.0,0.0,2.0,23,20271143,1,False,0,0,1.0,1.0,1.0,1.0,1.0,13.288125000002537
fp_theta100_alpha2p0,false_positive,100.0,0.0,2.0,18,20271138,1,False,0,0,1.0,1.0,1.0,1.0,1.0,12.336583999996265
fp_theta100_alpha2p0,false_positive,100.0,0.0,2.0,27,20271147,1,False,0,0,1.0,1.0,1.0,1.0,1.0,12.713791999999557
fp_theta100_alpha2p0,false_positive,100.0,0.0,2.0,29,20271149,1,False,0,0,1.0,1.0,1.0,1.0,1.0,12.552749999997559
fp_theta100_alpha2p0,false_positive,100.0,0.0,2.0,28,20271148,1,False,0,0,1.0,1.0,1.0,1.0,1.0,12.982458999999835
fp_theta100_alpha2p0,false_positive,100.0,0.0,2.0,30,20271150,1,False,0,0,1.0,1.0,1.0,1.0,1.0,14.83675000000062
fp_theta100_alpha2p0,false_positive,100.0,0.0,2.0,36,20271156,1,False,0,0,1.0,1.0,1.0,1.0,1.0,12.985165999992887
fp_theta100_alpha2p0,false_positive,100.0,0.0,2.0,33,20271153,1,False,0,0,1.0,1.0,1.0,1.0,1.0,12.277749999995535
fp_theta100_alpha2p0,false_positive,100.0,0.0,2.0,31,20271151,1,False,0,0,1.0,1.0,1.0,1.0,1.0,11.685708000001682
fp_theta100_alpha2p0,false_positive,100.0,0.0,2.0,35,20271155,1,False,0,0,1.0,1.0,1.0,1.0,1.0,12.159875000008924
fp_theta100_alpha2p0,false_positive,100.0,0.0,2.0,32,20271152,1,False,0,0,1.0,1.0,1.0,1.0,1.0,12.309750000000008
fp_theta100_alpha2p0,false_positive,100.0,0.0,2.0,41,20271161,1,False,0,0,1.0,1.0,1.0,1.0,1.0,12.947999999994408
fp_theta100_alpha2p0,false_positive,100.0,0.0,2.0,34,20271154,1,False,0,0,1.0,1.0,1.0,1.0,1.0,12.74266699999771
fp_theta100_alpha2p0,false_positive,100.0,0.0,2.0,38,20271158,1,False,0,0,1.0,1.0,1.0,1.0,1.0,12.894750000000954
fp_theta100_alpha2p0,false_positive,100.0,0.0,2.0,42,20271162,1,False,0,0,1.0,1.0,1.0,1.0,1.0,12.627916999988997
fp_theta100_alpha2p0,false_positive,100.0,0.0,2.0,37,20271157,1,False,0,0,1.0,1.0,1.0,1.0,1.0,12.606084000012174
fp_theta100_alpha2p0,false_positive,100.0,0.0,2.0,44,20271164,1,False,0,0,1.0,1.0,1.0,1.0,1.0,13.459041999993815
fp_theta100_alpha2p0,false_positive,100.0,0.0,2.0,43,20271163,1,False,0,0,1.0,1.0,1.0,1.0,1.0,11.793999999994753
fp_theta100_alpha2p0,false_positive,100.0,0.0,2.0,45,20271165,1,False,0,0,1.0,1.0,1.0,1.0,1.0,12.726624999999103
fp_theta100_alpha2p0,false_positive,100.0,0.0,2.0,40,20271160,1,False,0,0,1.0,1.0,1.0,1.0,1.0,11.444292000007295
fp_theta100_alpha2p0,false_positive,100.0,0.0,2.0,48,20271168,1,False,0,0,1.0,1.0,1.0,1.0,1.0,13.77949999999828
fp_theta100_alpha2p0,false_positive,100.0,0.0,2.0,39,20271159,1,False,0,0,1.0,1.0,1.0,1.0,1.0,12.438541999998165
fp_theta100_alpha2p0,false_positive,100.0,0.0,2.0,46,20271166,1,False,0,0,1.0,1.0,1.0,1.0,1.0,12.975374999996347
fp_theta100_alpha2p0,false_positive,100.0,0.0,2.0,49,20271169,1,False,0,0,1.0,1.0,1.0,1.0,1.0,13.686499999991497
fp_theta100_alpha2p0,false_positive,100.0,0.0,2.0,47,20271167,1,False,0,0,1.0,1.0,1.0,1.0,1.0,14.379333999997357
fp_theta100_alpha2p0,false_positive,100.0,0.0,2.0,54,20271174,1,False,0,0,1.0,1.0,1.0,1.0,1.0,13.166750000010552
fp_theta100_alpha2p0,false_positive,100.0,0.0,2.0,51,20271171,1,False,0,0,1.0,1.0,1.0,1.0,1.0,10.992291999997406
fp_theta100_alpha2p0,false_positive,100.0,0.0,2.0,50,20271170,1,False,0,0,1.0,1.0,1.0,1.0,1.0,13.969541999998114
fp_theta100_alpha2p0,false_positive,100.0,0.0,2.0,52,20271172,1,False,0,0,1.0,1.0,1.0,1.0,1.0,12.43320800000447
fp_theta100_alpha2p0,false_positive,100.0,0.0,2.0,53,20271173,1,False,0,0,1.0,1.0,1.0,1.0,1.0,15.001249999997412
fp_theta100_alpha2p0,false_positive,100.0,0.0,2.0,58,20271178,1,False,0,0,1.0,1.0,1.0,1.0,1.0,16.00412499999493
fp_theta100_alpha2p0,false_positive,100.0,0.0,2.0,57,20271177,1,False,0,0,1.0,1.0,1.0,1.0,1.0,14.998500000004356
fp_theta100_alpha2p0,false_positive,100.0,0.0,2.0,55,20271175,1,False,0,0,1.0,1.0,1.0,1.0,1.0,13.702709000000368
fp_theta100_alpha2p0,false_positive,100.0,0.0,2.0,56,20271176,1,False,0,0,1.0,1.0,1.0,1.0,1.0,11.976375000003259
fp_theta100_alpha2p0,false_positive,100.0,0.0,2.0,60,20271180,1,False,0,0,1.0,1.0,1.0,1.0,1.0,16.836624999996275
fp_theta100_alpha2p0,false_positive,100.0,0.0,2.0,63,20271183,1,False,0,0,1.0,1.0,1.0,1.0,1.0,12.642291999995336
fp_theta100_alpha2p0,false_positive,100.0,0.0,2.0,59,20271179,1,False,0,0,1.0,1.0,1.0,1.0,1.0,14.078458000000182
fp_theta100_alpha2p0,false_positive,100.0,0.0,2.0,62,20271182,1,False,0,0,1.0,1.0,1.0,1.0,1.0,12.276125000013849
fp_theta100_alpha2p0,false_positive,100.0,0.0,2.0,61,20271181,1,False,0,0,1.0,1.0,1.0,1.0,1.0,12.483291999998869
fp_theta100_alpha2p0,false_positive,100.0,0.0,2.0,64,20271184,1,False,0,0,1.0,1.0,1.0,1.0,1.0,12.48183299999539
fp_theta100_alpha2p0,false_positive,100.0,0.0,2.0,65,20271185,1,False,0,0,1.0,1.0,1.0,1.0,1.0,13.677708000003008
fp_theta100_alpha2p0,false_positive,100.0,0.0,2.0,70,20271190,1,False,0,0,1.0,1.0,1.0,1.0,1.0,13.696041999992303
fp_theta100_alpha2p0,false_positive,100.0,0.0,2.0,66,20271186,1,False,0,0,1.0,1.0,1.0,1.0,1.0,12.505583000006482
fp_theta100_alpha2p0,false_positive,100.0,0.0,2.0,68,20271188,1,False,0,0,1.0,1.0,1.0,1.0,1.0,13.842792000005488
fp_theta100_alpha2p0,false_positive,100.0,0.0,2.0,67,20271187,1,False,0,0,1.0,1.0,1.0,1.0,1.0,14.094833000001472
fp_theta100_alpha2p0,false_positive,100.0,0.0,2.0,71,20271191,1,False,0,0,1.0,1.0,1.0,1.0,1.0,12.032750000003034
fp_theta100_alpha2p0,false_positive,100.0,0.0,2.0,74,20271194,1,False,0,0,1.0,1.0,1.0,1.0,1.0,11.940917000003992
fp_theta100_alpha2p0,false_positive,100.0,0.0,2.0,69,20271189,1,False,0,0,1.0,1.0,1.0,1.0,1.0,13.045625000003724
fp_theta100_alpha2p0,false_positive,100.0,0.0,2.0,72,20271192,1,False,0,0,1.0,1.0,1.0,1.0,1.0,12.863875000007852
fp_theta100_alpha2p0,false_positive,100.0,0.0,2.0,73,20271193,1,False,0,0,1.0,1.0,1.0,1.0,1.0,12.34845799999107
fp_theta100_alpha2p0,false_positive,100.0,0.0,2.0,75,20271195,1,False,0,0,1.0,1.0,1.0,1.0,1.0,12.091625000010708
fp_theta100_alpha2p0,false_positive,100.0,0.0,2.0,76,20271196,1,False,0,0,1.0,1.0,1.0,1.0,1.0,13.75979200000188
fp_theta100_alpha2p0,false_positive,100.0,0.0,2.0,77,20271197,1,False,0,0,1.0,1.0,1.0,1.0,1.0,12.475375000008171
fp_theta100_alpha2p0,false_positive,100.0,0.0,2.0,78,20271198,1,False,0,0,1.0,1.0,1.0,1.0,1.0,12.679249999990816
fp_theta100_alpha2p0,false_positive,100.0,0.0,2.0,82,20271202,1,False,0,0,1.0,1.0,1.0,1.0,1.0,12.993624999992903
fp_theta100_alpha2p0,false_positive,100.0,0.0,2.0,80,20271200,1,False,0,0,1.0,1.0,1.0,1.0,1.0,13.629458000011141
fp_theta100_alpha2p0,false_positive,100.0,0.0,2.0,79,20271199,1,False,0,0,1.0,1.0,1.0,1.0,1.0,11.737875000008557
fp_theta100_alpha2p0,false_positive,100.0,0.0,2.0,88,20271208,1,False,0,0,1.0,1.0,1.0,1.0,1.0,12.555874999989669
fp_theta100_alpha2p0,false_positive,100.0,0.0,2.0,85,20271205,1,False,0,0,1.0,1.0,1.0,1.0,1.0,12.645332999994707
fp_theta100_alpha2p0,false_positive,100.0,0.0,2.0,83,20271203,1,False,0,0,1.0,1.0,1.0,1.0,1.0,13.540292000001841
fp_theta100_alpha2p0,false_positive,100.0,0.0,2.0,81,20271201,1,False,0,0,1.0,1.0,1.0,1.0,1.0,12.037624999990726
fp_theta100_alpha2p0,false_positive,100.0,0.0,2.0,84,20271204,1,False,0,0,1.0,1.0,1.0,1.0,1.0,16.95487499999615
fp_theta100_alpha2p0,false_positive,100.0,0.0,2.0,86,20271206,1,False,0,0,1.0,1.0,1.0,1.0,1.0,20.000459000002024
fp_theta100_alpha2p0,false_positive,100.0,0.0,2.0,87,20271207,1,False,0,0,1.0,1.0,1.0,1.0,1.0,12.188750000007076
fp_theta100_alpha2p0,false_positive,100.0,0.0,2.0,91,20271211,1,False,0,0,1.0,1.0,1.0,1.0,1.0,15.045540999992113
fp_theta100_alpha2p0,false_positive,100.0,0.0,2.0,89,20271209,1,False,0,0,1.0,1.0,1.0,1.0,1.0,15.351083999988191
fp_theta100_alpha2p0,false_positive,100.0,0.0,2.0,93,20271213,1,False,0,0,1.0,1.0,1.0,1.0,1.0,13.107042000001456
fp_theta100_alpha2p0,false_positive,100.0,0.0,2.0,90,20271210,1,False,0,0,1.0,1.0,1.0,1.0,1.0,13.06950000000029
fp_theta100_alpha2p0,false_positive,100.0,0.0,2.0,92,20271212,1,False,0,0,1.0,1.0,1.0,1.0,1.0,12.712415999999394
fp_theta100_alpha2p0,false_positive,100.0,0.0,2.0,96,20271216,1,False,0,0,1.0,1.0,1.0,1.0,1.0,14.685124999999744
fp_theta100_alpha2p0,false_positive,100.0,0.0,2.0,94,20271214,1,False,0,0,1.0,1.0,1.0,1.0,1.0,13.796874999997044
fp_theta100_alpha2p0,false_positive,100.0,0.0,2.0,95,20271215,1,False,0,0,1.0,1.0,1.0,1.0,1.0,15.131959000001416
fp_theta100_alpha2p0,false_positive,100.0,0.0,2.0,97,20271217,1,False,0,0,1.0,1.0,1.0,1.0,1.0,13.104624999996872
fp_theta100_alpha2p0,false_positive,100.0,0.0,2.0,98,20271218,1,False,0,0,1.0,1.0,1.0,1.0,1.0,14.577207999991515
fp_theta100_alpha0p5,false_positive,100.0,0.0,0.5,0,20281120,1,False,0,0,1.0,1.0,1.0,1.0,1.0,12.3527920000015
fp_theta100_alpha2p0,false_positive,100.0,0.0,2.0,99,20271219,1,False,0,0,1.0,1.0,1.0,1.0,1.0,13.858416000005036
fp_theta100_alpha0p5,false_positive,100.0,0.0,0.5,1,20281121,1,False,0,0,1.0,1.0,1.0,1.0,1.0,12.813874999991981
fp_theta100_alpha0p5,false_positive,100.0,0.0,0.5,2,20281122,1,False,0,0,1.0,1.0,1.0,1.0,1.0,12.101165999993668
fp_theta100_alpha0p5,false_positive,100.0,0.0,0.5,6,20281126,1,False,0,0,1.0,1.0,1.0,1.0,1.0,13.284916000003477
fp_theta100_alpha0p5,false_positive,100.0,0.0,0.5,3,20281123,1,False,0,0,1.0,1.0,1.0,1.0,1.0,14.579124999997362
fp_theta100_alpha0p5,false_positive,100.0,0.0,0.5,8,20281128,1,False,0,0,1.0,1.0,1.0,1.0,1.0,12.614624999997659
fp_theta100_alpha0p5,false_positive,100.0,0.0,0.5,5,20281125,1,False,0,0,1.0,1.0,1.0,1.0,1.0,12.215459000003648
fp_theta100_alpha0p5,false_positive,100.0,0.0,0.5,4,20281124,1,False,0,0,1.0,1.0,1.0,1.0,1.0,12.41999999999166
fp_theta100_alpha0p5,false_positive,100.0,0.0,0.5,7,20281127,1,False,0,0,1.0,1.0,1.0,1.0,1.0,11.606374999999503
fp_theta100_alpha0p5,false_positive,100.0,0.0,0.5,9,20281129,1,False,0,0,1.0,1.0,1.0,1.0,1.0,14.584624999997686
fp_theta100_alpha0p5,false_positive,100.0,0.0,0.5,11,20281131,1,False,0,0,1.0,1.0,1.0,1.0,1.0,12.51554200000271
fp_theta100_alpha0p5,false_positive,100.0,0.0,0.5,13,20281133,1,False,0,0,1.0,1.0,1.0,1.0,1.0,13.167792000004397
fp_theta100_alpha0p5,false_positive,100.0,0.0,0.5,12,20281132,1,False,0,0,1.0,1.0,1.0,1.0,1.0,11.921999999998434
fp_theta100_alpha0p5,false_positive,100.0,0.0,0.5,14,20281134,1,False,0,0,1.0,1.0,1.0,1.0,1.0,13.918083000007186
fp_theta100_alpha0p5,false_positive,100.0,0.0,0.5,10,20281130,1,False,0,0,1.0,1.0,1.0,1.0,1.0,13.185500000005845
fp_theta100_alpha0p5,false_positive,100.0,0.0,0.5,16,20281136,1,False,0,0,1.0,1.0,1.0,1.0,1.0,12.85120900000436
fp_theta100_alpha0p5,false_positive,100.0,0.0,0.5,15,20281135,1,False,0,0,1.0,1.0,1.0,1.0,1.0,14.009375000000546
fp_theta100_alpha0p5,false_positive,100.0,0.0,0.5,18,20281138,1,False,0,0,1.0,1.0,1.0,1.0,1.0,12.002584000001093
fp_theta100_alpha0p5,false_positive,100.0,0.0,0.5,17,20281137,1,False,0,0,1.0,1.0,1.0,1.0,1.0,15.300082999999631
fp_theta100_alpha0p5,false_positive,100.0,0.0,0.5,20,20281140,1,False,0,0,1.0,1.0,1.0,1.0,1.0,12.265292000009254
fp_theta100_alpha0p5,false_positive,100.0,0.0,0.5,19,20281139,1,False,0,0,1.0,1.0,1.0,1.0,1.0,12.346417000003385
fp_theta100_alpha0p5,false_positive,100.0,0.0,0.5,22,20281142,1,False,0,0,1.0,1.0,1.0,1.0,1.0,12.394499999999198
fp_theta100_alpha0p5,false_positive,100.0,0.0,0.5,24,20281144,1,False,0,0,1.0,1.0,1.0,1.0,1.0,12.631292000008898
fp_theta100_alpha0p5,false_positive,100.0,0.0,0.5,23,20281143,1,False,0,0,1.0,1.0,1.0,1.0,1.0,11.667459000008762
fp_theta100_alpha0p5,false_positive,100.0,0.0,0.5,21,20281141,1,False,0,0,1.0,1.0,1.0,1.0,1.0,11.72749999999212
fp_theta100_alpha0p5,false_positive,100.0,0.0,0.5,26,20281146,1,False,0,0,1.0,1.0,1.0,1.0,1.0,14.047666000010395
fp_theta100_alpha0p5,false_positive,100.0,0.0,0.5,29,20281149,1,False,0,0,1.0,1.0,1.0,1.0,1.0,13.119125000002896
fp_theta100_alpha0p5,false_positive,100.0,0.0,0.5,25,20281145,1,False,0,0,1.0,1.0,1.0,1.0,1.0,12.464499999992995
fp_theta100_alpha0p5,false_positive,100.0,0.0,0.5,27,20281147,1,False,0,0,1.0,1.0,1.0,1.0,1.0,14.147750000006454
fp_theta100_alpha0p5,false_positive,100.0,0.0,0.5,28,20281148,1,False,0,0,1.0,1.0,1.0,1.0,1.0,13.546457999993322
fp_theta100_alpha0p5,false_positive,100.0,0.0,0.5,31,20281151,1,False,0,0,1.0,1.0,1.0,1.0,1.0,13.155916000002321
fp_theta100_alpha0p5,false_positive,100.0,0.0,0.5,30,20281150,1,False,0,0,1.0,1.0,1.0,1.0,1.0,11.693665999999325
fp_theta100_alpha0p5,false_positive,100.0,0.0,0.5,35,20281155,1,False,0,0,1.0,1.0,1.0,1.0,1.0,14.201249999999277
fp_theta100_alpha0p5,false_positive,100.0,0.0,0.5,36,20281156,1,False,0,0,1.0,1.0,1.0,1.0,1.0,13.62179099999139
fp_theta100_alpha0p5,false_positive,100.0,0.0,0.5,41,20281161,1,False,0,0,1.0,1.0,1.0,1.0,1.0,12.622208999999884
fp_theta100_alpha0p5,false_positive,100.0,0.0,0.5,38,20281158,1,False,0,0,1.0,1.0,1.0,1.0,1.0,12.565334000001371
fp_theta100_alpha0p5,false_positive,100.0,0.0,0.5,37,20281157,1,False,0,0,1.0,1.0,1.0,1.0,1.0,13.729959000002623
fp_theta100_alpha0p5,false_positive,100.0,0.0,0.5,32,20281152,1,False,0,0,1.0,1.0,1.0,1.0,1.0,11.837416000005874
fp_theta100_alpha0p5,false_positive,100.0,0.0,0.5,34,20281154,1,False,0,0,1.0,1.0,1.0,1.0,1.0,13.256083000001695
fp_theta100_alpha0p5,false_positive,100.0,0.0,0.5,33,20281153,1,True,0,1,0.0,0.0,0.0,0.0,0.0,12.272000000010053
fp_theta100_alpha0p5,false_positive,100.0,0.0,0.5,40,20281160,1,False,0,0,1.0,1.0,1.0,1.0,1.0,14.947957999993378
fp_theta100_alpha0p5,false_positive,100.0,0.0,0.5,39,20281159,1,False,0,0,1.0,1.0,1.0,1.0,1.0,11.936792000000196
fp_theta100_alpha0p5,false_positive,100.0,0.0,0.5,45,20281165,1,False,0,0,1.0,1.0,1.0,1.0,1.0,12.984875000000784
fp_theta100_alpha0p5,false_positive,100.0,0.0,0.5,43,20281163,1,False,0,0,1.0,1.0,1.0,1.0,1.0,12.368625000007683
fp_theta100_alpha0p5,false_positive,100.0,0.0,0.5,44,20281164,1,False,0,0,1.0,1.0,1.0,1.0,1.0,11.611458999993829
fp_theta100_alpha0p5,false_positive,100.0,0.0,0.5,42,20281162,1,False,0,0,1.0,1.0,1.0,1.0,1.0,11.884375000008163
fp_theta100_alpha0p5,false_positive,100.0,0.0,0.5,46,20281166,1,False,0,0,1.0,1.0,1.0,1.0,1.0,12.690708999997469
fp_theta100_alpha0p5,false_positive,100.0,0.0,0.5,48,20281168,1,False,0,0,1.0,1.0,1.0,1.0,1.0,12.418749999994816
fp_theta100_alpha0p5,false_positive,100.0,0.0,0.5,47,20281167,1,False,0,0,1.0,1.0,1.0,1.0,1.0,12.717582999997035
fp_theta100_alpha0p5,false_positive,100.0,0.0,0.5,50,20281170,1,False,0,0,1.0,1.0,1.0,1.0,1.0,12.597874999997316
fp_theta100_alpha0p5,false_positive,100.0,0.0,0.5,53,20281173,1,False,0,0,1.0,1.0,1.0,1.0,1.0,13.074541999998246
fp_theta100_alpha0p5,false_positive,100.0,0.0,0.5,55,20281175,1,False,0,0,1.0,1.0,1.0,1.0,1.0,12.588167000004091
fp_theta100_alpha0p5,false_positive,100.0,0.0,0.5,51,20281171,1,False,0,0,1.0,1.0,1.0,1.0,1.0,13.19866700001171
fp_theta100_alpha0p5,false_positive,100.0,0.0,0.5,52,20281172,1,False,0,0,1.0,1.0,1.0,1.0,1.0,13.584125000008385
fp_theta100_alpha0p5,false_positive,100.0,0.0,0.5,54,20281174,1,False,0,0,1.0,1.0,1.0,1.0,1.0,12.186791999994284
fp_theta100_alpha0p5,false_positive,100.0,0.0,0.5,58,20281178,1,False,0,0,1.0,1.0,1.0,1.0,1.0,13.107209000011721
fp_theta100_alpha0p5,false_positive,100.0,0.0,0.5,49,20281169,1,False,0,0,1.0,1.0,1.0,1.0,1.0,13.127457999999592
fp_theta100_alpha0p5,false_positive,100.0,0.0,0.5,57,20281177,1,False,0,0,1.0,1.0,1.0,1.0,1.0,13.508083000004945
fp_theta100_alpha0p5,false_positive,100.0,0.0,0.5,62,20281182,1,False,0,0,1.0,1.0,1.0,1.0,1.0,13.373709000006784
fp_theta100_alpha0p5,false_positive,100.0,0.0,0.5,56,20281176,1,False,0,0,1.0,1.0,1.0,1.0,1.0,14.001041000000214
fp_theta100_alpha0p5,false_positive,100.0,0.0,0.5,59,20281179,1,False,0,0,1.0,1.0,1.0,1.0,1.0,16.31150000000048
fp_theta100_alpha0p5,false_positive,100.0,0.0,0.5,61,20281181,1,False,0,0,1.0,1.0,1.0,1.0,1.0,12.06095900001003
fp_theta100_alpha0p5,false_positive,100.0,0.0,0.5,60,20281180,1,False,0,0,1.0,1.0,1.0,1.0,1.0,11.932834000006665
fp_theta100_alpha0p5,false_positive,100.0,0.0,0.5,66,20281186,1,False,0,0,1.0,1.0,1.0,1.0,1.0,12.142707999998947
fp_theta100_alpha0p5,false_positive,100.0,0.0,0.5,67,20281187,1,False,0,0,1.0,1.0,1.0,1.0,1.0,16.402666999994153
fp_theta100_alpha0p5,false_positive,100.0,0.0,0.5,64,20281184,1,False,0,0,1.0,1.0,1.0,1.0,1.0,14.281666000002247
fp_theta100_alpha0p5,false_positive,100.0,0.0,0.5,69,20281189,1,False,0,0,1.0,1.0,1.0,1.0,1.0,11.196208000001207
fp_theta100_alpha0p5,false_positive,100.0,0.0,0.5,63,20281183,1,False,0,0,1.0,1.0,1.0,1.0,1.0,12.902332999999544
fp_theta100_alpha0p5,false_positive,100.0,0.0,0.5,68,20281188,1,False,0,0,1.0,1.0,1.0,1.0,1.0,12.934417000010967
fp_theta100_alpha0p5,false_positive,100.0,0.0,0.5,71,20281191,1,False,0,0,1.0,1.0,1.0,1.0,1.0,11.658749999995166
fp_theta100_alpha0p5,false_positive,100.0,0.0,0.5,65,20281185,1,False,0,0,1.0,1.0,1.0,1.0,1.0,13.146917000000258
fp_theta100_alpha0p5,false_positive,100.0,0.0,0.5,72,20281192,1,False,0,0,1.0,1.0,1.0,1.0,1.0,12.559667000004993
fp_theta100_alpha0p5,false_positive,100.0,0.0,0.5,70,20281190,1,False,0,0,1.0,1.0,1.0,1.0,1.0,12.745875000007345
fp_theta100_alpha0p5,false_positive,100.0,0.0,0.5,76,20281196,1,False,0,0,1.0,1.0,1.0,1.0,1.0,12.069499999995514
fp_theta100_alpha0p5,false_positive,100.0,0.0,0.5,73,20281193,1,False,0,0,1.0,1.0,1.0,1.0,1.0,13.660958000002665
fp_theta100_alpha0p5,false_positive,100.0,0.0,0.5,75,20281195,1,False,0,0,1.0,1.0,1.0,1.0,1.0,12.61104199998897
fp_theta100_alpha0p5,false_positive,100.0,0.0,0.5,77,20281197,1,False,0,0,1.0,1.0,1.0,1.0,1.0,12.41579199999876
fp_theta100_alpha0p5,false_positive,100.0,0.0,0.5,82,20281202,1,False,0,0,1.0,1.0,1.0,1.0,1.0,14.100042000009694
fp_theta100_alpha0p5,false_positive,100.0,0.0,0.5,74,20281194,1,False,0,0,1.0,1.0,1.0,1.0,1.0,13.568540999997936
fp_theta100_alpha0p5,false_positive,100.0,0.0,0.5,78,20281198,1,False,0,0,1.0,1.0,1.0,1.0,1.0,12.102541000004408
fp_theta100_alpha0p5,false_positive,100.0,0.0,0.5,80,20281200,1,False,0,0,1.0,1.0,1.0,1.0,1.0,12.181832999999642
fp_theta100_alpha0p5,false_positive,100.0,0.0,0.5,79,20281199,1,False,0,0,1.0,1.0,1.0,1.0,1.0,12.289374999994607
fp_theta100_alpha0p5,false_positive,100.0,0.0,0.5,83,20281203,1,False,0,0,1.0,1.0,1.0,1.0,1.0,13.098999999996863
fp_theta100_alpha0p5,false_positive,100.0,0.0,0.5,84,20281204,1,False,0,0,1.0,1.0,1.0,1.0,1.0,12.827000000001476
fp_theta100_alpha0p5,false_positive,100.0,0.0,0.5,81,20281201,1,False,0,0,1.0,1.0,1.0,1.0,1.0,12.598208
fp_theta100_alpha0p5,false_positive,100.0,0.0,0.5,89,20281209,1,False,0,0,1.0,1.0,1.0,1.0,1.0,12.84895900001004
fp_theta100_alpha0p5,false_positive,100.0,0.0,0.5,85,20281205,1,False,0,0,1.0,1.0,1.0,1.0,1.0,11.889625000009119
fp_theta100_alpha0p5,false_positive,100.0,0.0,0.5,90,20281210,1,False,0,0,1.0,1.0,1.0,1.0,1.0,11.632500000004597
fp_theta100_alpha0p5,false_positive,100.0,0.0,0.5,86,20281206,1,False,0,0,1.0,1.0,1.0,1.0,1.0,13.139125000009244
fp_theta100_alpha0p5,false_positive,100.0,0.0,0.5,88,20281208,1,False,0,0,1.0,1.0,1.0,1.0,1.0,11.80041700000345
fp_theta100_alpha0p5,false_positive,100.0,0.0,0.5,92,20281212,1,False,0,0,1.0,1.0,1.0,1.0,1.0,12.83787499998823
fp_theta100_alpha0p5,false_positive,100.0,0.0,0.5,91,20281211,1,False,0,0,1.0,1.0,1.0,1.0,1.0,11.722624999990217
fp_theta100_alpha0p5,false_positive,100.0,0.0,0.5,87,20281207,1,False,0,0,1.0,1.0,1.0,1.0,1.0,12.992208000000005
fp_theta100_alpha0p05,false_positive,100.0,0.0,0.05,0,20291120,1,False,0,0,1.0,1.0,1.0,1.0,1.0,12.629125000003683
fp_theta100_alpha0p5,false_positive,100.0,0.0,0.5,95,20281215,1,False,0,0,1.0,1.0,1.0,1.0,1.0,12.024084000003654
fp_theta100_alpha0p05,false_positive,100.0,0.0,0.05,2,20291122,1,False,0,0,1.0,1.0,1.0,1.0,1.0,13.795416999997201
fp_theta100_alpha0p5,false_positive,100.0,0.0,0.5,94,20281214,1,False,0,0,1.0,1.0,1.0,1.0,1.0,14.125083999999788
fp_theta100_alpha0p05,false_positive,100.0,0.0,0.05,3,20291123,1,False,0,0,1.0,1.0,1.0,1.0,1.0,12.349917000008759
fp_theta100_alpha0p05,false_positive,100.0,0.0,0.05,1,20291121,1,False,0,0,1.0,1.0,1.0,1.0,1.0,12.925459000001638
fp_theta100_alpha0p5,false_positive,100.0,0.0,0.5,96,20281216,1,False,0,0,1.0,1.0,1.0,1.0,1.0,14.557708000012326
fp_theta100_alpha0p05,false_positive,100.0,0.0,0.05,5,20291125,1,False,0,0,1.0,1.0,1.0,1.0,1.0,13.751583000001233
fp_theta100_alpha0p5,false_positive,100.0,0.0,0.5,93,20281213,1,False,0,0,1.0,1.0,1.0,1.0,1.0,13.685792000003971
fp_theta100_alpha0p05,false_positive,100.0,0.0,0.05,4,20291124,1,False,0,0,1.0,1.0,1.0,1.0,1.0,13.282750000001897
fp_theta100_alpha0p05,false_positive,100.0,0.0,0.05,7,20291127,1,False,0,0,1.0,1.0,1.0,1.0,1.0,13.53616599999441
fp_theta100_alpha0p05,false_positive,100.0,0.0,0.05,8,20291128,1,False,0,0,1.0,1.0,1.0,1.0,1.0,12.559166999992044
fp_theta100_alpha0p05,false_positive,100.0,0.0,0.05,6,20291126,1,False,0,0,1.0,1.0,1.0,1.0,1.0,13.926667000006887
fp_theta100_alpha0p5,false_positive,100.0,0.0,0.5,97,20281217,1,False,0,0,1.0,1.0,1.0,1.0,1.0,13.59587500000714
fp_theta100_alpha0p5,false_positive,100.0,0.0,0.5,98,20281218,1,False,0,0,1.0,1.0,1.0,1.0,1.0,12.003875000004882
fp_theta100_alpha0p5,false_positive,100.0,0.0,0.5,99,20281219,1,False,0,0,1.0,1.0,1.0,1.0,1.0,12.705749999994964
fp_theta100_alpha0p05,false_positive,100.0,0.0,0.05,9,20291129,1,False,0,0,1.0,1.0,1.0,1.0,1.0,11.994791000006444
fp_theta100_alpha0p05,false_positive,100.0,0.0,0.05,11,20291131,1,True,0,1,0.0,0.0,0.0,0.0,0.0,12.867209000006596
fp_theta100_alpha0p05,false_positive,100.0,0.0,0.05,10,20291130,1,False,0,0,1.0,1.0,1.0,1.0,1.0,13.600792000005413
fp_theta100_alpha0p05,false_positive,100.0,0.0,0.05,15,20291135,1,False,0,0,1.0,1.0,1.0,1.0,1.0,11.5178329999992
fp_theta100_alpha0p05,false_positive,100.0,0.0,0.05,13,20291133,1,False,0,0,1.0,1.0,1.0,1.0,1.0,14.652958999988641
fp_theta100_alpha0p05,false_positive,100.0,0.0,0.05,12,20291132,1,False,0,0,1.0,1.0,1.0,1.0,1.0,11.443208000002869
fp_theta100_alpha0p05,false_positive,100.0,0.0,0.05,14,20291134,1,False,0,0,1.0,1.0,1.0,1.0,1.0,14.330458000003432
fp_theta100_alpha0p05,false_positive,100.0,0.0,0.05,20,20291140,1,False,0,0,1.0,1.0,1.0,1.0,1.0,12.975959000002035
fp_theta100_alpha0p05,false_positive,100.0,0.0,0.05,16,20291136,1,False,0,0,1.0,1.0,1.0,1.0,1.0,13.564791999996828
fp_theta100_alpha0p05,false_positive,100.0,0.0,0.05,17,20291137,1,False,0,0,1.0,1.0,1.0,1.0,1.0,13.005875000004608
fp_theta100_alpha0p05,false_positive,100.0,0.0,0.05,19,20291139,1,False,0,0,1.0,1.0,1.0,1.0,1.0,14.062041000002523
fp_theta100_alpha0p05,false_positive,100.0,0.0,0.05,18,20291138,1,False,0,0,1.0,1.0,1.0,1.0,1.0,14.077999999997814
fp_theta100_alpha0p05,false_positive,100.0,0.0,0.05,23,20291143,1,False,0,0,1.0,1.0,1.0,1.0,1.0,13.003291999993394
fp_theta100_alpha0p05,false_positive,100.0,0.0,0.05,21,20291141,1,False,0,0,1.0,1.0,1.0,1.0,1.0,14.458417000000168
fp_theta100_alpha0p05,false_positive,100.0,0.0,0.05,22,20291142,1,False,0,0,1.0,1.0,1.0,1.0,1.0,14.666916999999557
fp_theta100_alpha0p05,false_positive,100.0,0.0,0.05,24,20291144,1,False,0,0,1.0,1.0,1.0,1.0,1.0,13.13562500000387
fp_theta100_alpha0p05,false_positive,100.0,0.0,0.05,25,20291145,1,False,0,0,1.0,1.0,1.0,1.0,1.0,13.11291600001141
fp_theta100_alpha0p05,false_positive,100.0,0.0,0.05,30,20291150,1,False,0,0,1.0,1.0,1.0,1.0,1.0,12.163583000003086
fp_theta100_alpha0p05,false_positive,100.0,0.0,0.05,27,20291147,1,False,0,0,1.0,1.0,1.0,1.0,1.0,13.320792000001802
fp_theta100_alpha0p05,false_positive,100.0,0.0,0.05,28,20291148,1,False,0,0,1.0,1.0,1.0,1.0,1.0,14.288207999996416
fp_theta100_alpha0p05,false_positive,100.0,0.0,0.05,26,20291146,1,False,0,0,1.0,1.0,1.0,1.0,1.0,14.581792000001315
fp_theta100_alpha0p05,false_positive,100.0,0.0,0.05,29,20291149,1,False,0,0,1.0,1.0,1.0,1.0,1.0,13.26816700000677
fp_theta100_alpha0p05,false_positive,100.0,0.0,0.05,31,20291151,1,False,0,0,1.0,1.0,1.0,1.0,1.0,12.926582999995162
fp_theta100_alpha0p05,false_positive,100.0,0.0,0.05,33,20291153,1,False,0,0,1.0,1.0,1.0,1.0,1.0,12.123250000001917
fp_theta100_alpha0p05,false_positive,100.0,0.0,0.05,32,20291152,1,False,0,0,1.0,1.0,1.0,1.0,1.0,13.7673330000041
fp_theta100_alpha0p05,false_positive,100.0,0.0,0.05,34,20291154,1,False,0,0,1.0,1.0,1.0,1.0,1.0,13.165250000000128
fp_theta100_alpha0p05,false_positive,100.0,0.0,0.05,37,20291157,1,False,0,0,1.0,1.0,1.0,1.0,1.0,15.527832999993052
fp_theta100_alpha0p05,false_positive,100.0,0.0,0.05,38,20291158,1,False,0,0,1.0,1.0,1.0,1.0,1.0,14.702791999994247
fp_theta100_alpha0p05,false_positive,100.0,0.0,0.05,35,20291155,1,False,0,0,1.0,1.0,1.0,1.0,1.0,15.491916000001993
fp_theta100_alpha0p05,false_positive,100.0,0.0,0.05,36,20291156,1,False,0,0,1.0,1.0,1.0,1.0,1.0,13.598666999996567
fp_theta100_alpha0p05,false_positive,100.0,0.0,0.05,39,20291159,1,False,0,0,1.0,1.0,1.0,1.0,1.0,12.007416999992415
fp_theta100_alpha0p05,false_positive,100.0,0.0,0.05,40,20291160,1,False,0,0,1.0,1.0,1.0,1.0,1.0,12.22029200000918
fp_theta100_alpha0p05,false_positive,100.0,0.0,0.05,44,20291164,1,False,0,0,1.0,1.0,1.0,1.0,1.0,13.261750000012285
fp_theta100_alpha0p05,false_positive,100.0,0.0,0.05,43,20291163,1,False,0,0,1.0,1.0,1.0,1.0,1.0,12.541166999994857
fp_theta100_alpha0p05,false_positive,100.0,0.0,0.05,42,20291162,1,False,0,0,1.0,1.0,1.0,1.0,1.0,13.373749999999518
fp_theta100_alpha0p05,false_positive,100.0,0.0,0.05,41,20291161,1,False,0,0,1.0,1.0,1.0,1.0,1.0,14.001541999988376
fp_theta100_alpha0p05,false_positive,100.0,0.0,0.05,45,20291165,1,False,0,0,1.0,1.0,1.0,1.0,1.0,13.442417000007367
fp_theta100_alpha0p05,false_positive,100.0,0.0,0.05,48,20291168,1,False,0,0,1.0,1.0,1.0,1.0,1.0,12.89120799999921
fp_theta100_alpha0p05,false_positive,100.0,0.0,0.05,47,20291167,1,False,0,0,1.0,1.0,1.0,1.0,1.0,11.693042000004539
fp_theta100_alpha0p05,false_positive,100.0,0.0,0.05,46,20291166,1,False,0,0,1.0,1.0,1.0,1.0,1.0,12.255166999992184
fp_theta100_alpha0p05,false_positive,100.0,0.0,0.05,49,20291169,1,False,0,0,1.0,1.0,1.0,1.0,1.0,12.531124999995313
fp_theta100_alpha0p05,false_positive,100.0,0.0,0.05,50,20291170,1,False,0,0,1.0,1.0,1.0,1.0,1.0,12.67408399999681
fp_theta100_alpha0p05,false_positive,100.0,0.0,0.05,51,20291171,1,False,0,0,1.0,1.0,1.0,1.0,1.0,12.708709000008866
fp_theta100_alpha0p05,false_positive,100.0,0.0,0.05,53,20291173,1,False,0,0,1.0,1.0,1.0,1.0,1.0,12.889541999996368
fp_theta100_alpha0p05,false_positive,100.0,0.0,0.05,52,20291172,1,False,0,0,1.0,1.0,1.0,1.0,1.0,12.775374999989708
fp_theta100_alpha0p05,false_positive,100.0,0.0,0.05,55,20291175,1,False,0,0,1.0,1.0,1.0,1.0,1.0,12.458207999998194
fp_theta100_alpha0p05,false_positive,100.0,0.0,0.05,54,20291174,1,False,0,0,1.0,1.0,1.0,1.0,1.0,12.232959000002097
fp_theta100_alpha0p05,false_positive,100.0,0.0,0.05,56,20291176,1,False,0,0,1.0,1.0,1.0,1.0,1.0,11.92525000000444
fp_theta100_alpha0p05,false_positive,100.0,0.0,0.05,57,20291177,1,False,0,0,1.0,1.0,1.0,1.0,1.0,14.011959000001184
fp_theta100_alpha0p05,false_positive,100.0,0.0,0.05,58,20291178,1,False,0,0,1.0,1.0,1.0,1.0,1.0,14.757208000006017
fp_theta100_alpha0p05,false_positive,100.0,0.0,0.05,59,20291179,1,False,0,0,1.0,1.0,1.0,1.0,1.0,11.799832999997761
fp_theta100_alpha0p05,false_positive,100.0,0.0,0.05,60,20291180,1,False,0,0,1.0,1.0,1.0,1.0,1.0,12.223333000008552
fp_theta100_alpha0p05,false_positive,100.0,0.0,0.05,61,20291181,1,False,0,0,1.0,1.0,1.0,1.0,1.0,13.775832999996851
fp_theta100_alpha0p05,false_positive,100.0,0.0,0.05,62,20291182,1,False,0,0,1.0,1.0,1.0,1.0,1.0,11.801291000011815
fp_theta100_alpha0p05,false_positive,100.0,0.0,0.05,65,20291185,1,False,0,0,1.0,1.0,1.0,1.0,1.0,13.461457999994764
fp_theta100_alpha0p05,false_positive,100.0,0.0,0.05,63,20291183,1,False,0,0,1.0,1.0,1.0,1.0,1.0,11.968707999997719
fp_theta100_alpha0p05,false_positive,100.0,0.0,0.05,64,20291184,1,False,0,0,1.0,1.0,1.0,1.0,1.0,12.541041999995173
fp_theta100_alpha0p05,false_positive,100.0,0.0,0.05,68,20291188,1,False,0,0,1.0,1.0,1.0,1.0,1.0,12.224125000003028
fp_theta100_alpha0p05,false_positive,100.0,0.0,0.05,66,20291186,1,False,0,0,1.0,1.0,1.0,1.0,1.0,12.114458000013428
fp_theta100_alpha0p05,false_positive,100.0,0.0,0.05,69,20291189,1,False,0,0,1.0,1.0,1.0,1.0,1.0,12.36687499999789
fp_theta100_alpha0p05,false_positive,100.0,0.0,0.05,67,20291187,1,False,0,0,1.0,1.0,1.0,1.0,1.0,13.918125000003556
fp_theta100_alpha0p05,false_positive,100.0,0.0,0.05,70,20291190,1,False,0,0,1.0,1.0,1.0,1.0,1.0,13.738290999995684
fp_theta100_alpha0p05,false_positive,100.0,0.0,0.05,71,20291191,1,False,0,0,1.0,1.0,1.0,1.0,1.0,11.842832999988673
fp_theta100_alpha0p05,false_positive,100.0,0.0,0.05,72,20291192,1,False,0,0,1.0,1.0,1.0,1.0,1.0,17.716458999998963
fp_theta100_alpha0p05,false_positive,100.0,0.0,0.05,73,20291193,1,False,0,0,1.0,1.0,1.0,1.0,1.0,16.72058299999435
fp_theta100_alpha0p05,false_positive,100.0,0.0,0.05,74,20291194,1,False,0,0,1.0,1.0,1.0,1.0,1.0,14.891625000004183
fp_theta100_alpha0p05,false_positive,100.0,0.0,0.05,76,20291196,1,False,0,0,1.0,1.0,1.0,1.0,1.0,14.274540999991814
fp_theta100_alpha0p05,false_positive,100.0,0.0,0.05,75,20291195,1,False,0,0,1.0,1.0,1.0,1.0,1.0,15.267499999993106
fp_theta100_alpha0p05,false_positive,100.0,0.0,0.05,78,20291198,1,False,0,0,1.0,1.0,1.0,1.0,1.0,16.62595800000588
fp_theta100_alpha0p05,false_positive,100.0,0.0,0.05,81,20291201,1,False,0,0,1.0,1.0,1.0,1.0,1.0,13.519665999993435
fp_theta100_alpha0p05,false_positive,100.0,0.0,0.05,77,20291197,1,False,0,0,1.0,1.0,1.0,1.0,1.0,13.021875000006844
fp_theta100_alpha0p05,false_positive,100.0,0.0,0.05,80,20291200,1,False,0,0,1.0,1.0,1.0,1.0,1.0,17.636707999997725
fp_theta100_alpha0p05,false_positive,100.0,0.0,0.05,79,20291199,1,False,0,0,1.0,1.0,1.0,1.0,1.0,14.79774999999961
fp_theta100_alpha0p05,false_positive,100.0,0.0,0.05,84,20291204,1,False,0,0,1.0,1.0,1.0,1.0,1.0,12.605457999995906
fp_theta100_alpha0p05,false_positive,100.0,0.0,0.05,83,20291203,1,False,0,0,1.0,1.0,1.0,1.0,1.0,13.155749999995692
fp_theta100_alpha0p05,false_positive,100.0,0.0,0.05,82,20291202,1,False,0,0,1.0,1.0,1.0,1.0,1.0,13.670125000004418
fp_theta100_alpha0p05,false_positive,100.0,0.0,0.05,85,20291205,1,False,0,0,1.0,1.0,1.0,1.0,1.0,13.223749999994538
fp_theta100_alpha0p05,false_positive,100.0,0.0,0.05,87,20291207,1,False,0,0,1.0,1.0,1.0,1.0,1.0,13.04308399998888
fp_theta100_alpha0p05,false_positive,100.0,0.0,0.05,86,20291206,1,False,0,0,1.0,1.0,1.0,1.0,1.0,12.245167000003221
fp_theta100_alpha0p05,false_positive,100.0,0.0,0.05,88,20291208,1,False,0,0,1.0,1.0,1.0,1.0,1.0,15.59995899999933
fp_theta100_alpha0p05,false_positive,100.0,0.0,0.05,89,20291209,1,False,0,0,1.0,1.0,1.0,1.0,1.0,18.933583000006138
fp_theta100_alpha0p05,false_positive,100.0,0.0,0.05,90,20291210,1,False,0,0,1.0,1.0,1.0,1.0,1.0,16.867167000000904
fp_theta100_alpha0p05,false_positive,100.0,0.0,0.05,91,20291211,1,False,0,0,1.0,1.0,1.0,1.0,1.0,16.144957999998155
fp_theta100_alpha0p05,false_positive,100.0,0.0,0.05,94,20291214,1,False,0,0,1.0,1.0,1.0,1.0,1.0,14.055708000000777
fp_theta100_alpha0p05,false_positive,100.0,0.0,0.05,93,20291213,1,False,0,0,1.0,1.0,1.0,1.0,1.0,14.61749999999995
fp_theta100_alpha0p05,false_positive,100.0,0.0,0.05,92,20291212,1,False,0,0,1.0,1.0,1.0,1.0,1.0,13.570500000000152
fp_theta100_alpha0p05,false_positive,100.0,0.0,0.05,95,20291215,1,False,0,0,1.0,1.0,1.0,1.0,1.0,19.951041999988206
fp_theta100_alpha0p05,false_positive,100.0,0.0,0.05,96,20291216,1,False,0,0,1.0,1.0,1.0,1.0,1.0,16.91591700000572
fp_theta100_alpha0p05,false_positive,100.0,0.0,0.05,99,20291219,1,False,0,0,1.0,1.0,1.0,1.0,1.0,82.17758300000355
fp_theta100_alpha0p05,false_positive,100.0,0.0,0.05,97,20291217,1,False,0,0,1.0,1.0,1.0,1.0,1.0,84.72170799998935
fp_theta100_alpha0p05,false_positive,100.0,0.0,0.05,98,20291218,1,False,0,0,1.0,1.0,1.0,1.0,1.0,14.774500000001467
fp_theta200_alpha2p0,false_positive,200.0,0.0,2.0,1,20301121,1,False,0,0,1.0,1.0,1.0,1.0,1.0,14.531417000000602
fp_theta200_alpha2p0,false_positive,200.0,0.0,2.0,3,20301123,1,False,0,0,1.0,1.0,1.0,1.0,1.0,12.113834000004431
fp_theta200_alpha2p0,false_positive,200.0,0.0,2.0,2,20301122,1,False,0,0,1.0,1.0,1.0,1.0,1.0,12.015457999993373
fp_theta200_alpha2p0,false_positive,200.0,0.0,2.0,0,20301120,1,False,0,0,1.0,1.0,1.0,1.0,1.0,12.569458000001532
fp_theta200_alpha2p0,false_positive,200.0,0.0,2.0,8,20301128,1,False,0,0,1.0,1.0,1.0,1.0,1.0,12.68391699998972
fp_theta200_alpha2p0,false_positive,200.0,0.0,2.0,9,20301129,1,False,0,0,1.0,1.0,1.0,1.0,1.0,12.220624999997654
fp_theta200_alpha2p0,false_positive,200.0,0.0,2.0,4,20301124,1,False,0,0,1.0,1.0,1.0,1.0,1.0,13.010207999997192
fp_theta200_alpha2p0,false_positive,200.0,0.0,2.0,6,20301126,1,False,0,0,1.0,1.0,1.0,1.0,1.0,15.081374999994068
fp_theta200_alpha2p0,false_positive,200.0,0.0,2.0,10,20301130,1,False,0,0,1.0,1.0,1.0,1.0,1.0,12.572916999999961
fp_theta200_alpha2p0,false_positive,200.0,0.0,2.0,15,20301135,1,False,0,0,1.0,1.0,1.0,1.0,1.0,12.819332999995936
fp_theta200_alpha2p0,false_positive,200.0,0.0,2.0,5,20301125,1,False,0,0,1.0,1.0,1.0,1.0,1.0,12.93925000000229
fp_theta200_alpha2p0,false_positive,200.0,0.0,2.0,7,20301127,1,False,0,0,1.0,1.0,1.0,1.0,1.0,14.630624999995234
fp_theta200_alpha2p0,false_positive,200.0,0.0,2.0,11,20301131,1,False,0,0,1.0,1.0,1.0,1.0,1.0,11.849540999989472
fp_theta200_alpha2p0,false_positive,200.0,0.0,2.0,12,20301132,1,False,0,0,1.0,1.0,1.0,1.0,1.0,12.534790999993106
fp_theta200_alpha2p0,false_positive,200.0,0.0,2.0,13,20301133,1,False,0,0,1.0,1.0,1.0,1.0,1.0,13.734291999995207
fp_theta200_alpha2p0,false_positive,200.0,0.0,2.0,14,20301134,1,False,0,0,1.0,1.0,1.0,1.0,1.0,12.086417000006122
fp_theta200_alpha2p0,false_positive,200.0,0.0,2.0,19,20301139,1,False,0,0,1.0,1.0,1.0,1.0,1.0,13.663750000006303
fp_theta200_alpha2p0,false_positive,200.0,0.0,2.0,16,20301136,1,False,0,0,1.0,1.0,1.0,1.0,1.0,13.30258299999798
fp_theta200_alpha2p0,false_positive,200.0,0.0,2.0,20,20301140,1,False,0,0,1.0,1.0,1.0,1.0,1.0,17.533374999999296
fp_theta200_alpha2p0,false_positive,200.0,0.0,2.0,17,20301137,1,False,0,0,1.0,1.0,1.0,1.0,1.0,16.601499999993052
fp_theta200_alpha2p0,false_positive,200.0,0.0,2.0,23,20301143,1,False,0,0,1.0,1.0,1.0,1.0,1.0,12.752708999997253
fp_theta200_alpha2p0,false_positive,200.0,0.0,2.0,18,20301138,1,False,0,0,1.0,1.0,1.0,1.0,1.0,11.948459000009848
fp_theta200_alpha2p0,false_positive,200.0,0.0,2.0,21,20301141,1,False,0,0,1.0,1.0,1.0,1.0,1.0,12.95312500000989
fp_theta200_alpha2p0,false_positive,200.0,0.0,2.0,22,20301142,1,False,0,0,1.0,1.0,1.0,1.0,1.0,12.707999999989283
fp_theta200_alpha2p0,false_positive,200.0,0.0,2.0,26,20301146,1,False,0,0,1.0,1.0,1.0,1.0,1.0,12.63950000000591
fp_theta200_alpha2p0,false_positive,200.0,0.0,2.0,24,20301144,1,True,0,1,0.0,0.0,0.0,0.0,0.0,12.569459000005168
fp_theta200_alpha2p0,false_positive,200.0,0.0,2.0,27,20301147,1,False,0,0,1.0,1.0,1.0,1.0,1.0,12.157125000001656
fp_theta200_alpha2p0,false_positive,200.0,0.0,2.0,25,20301145,1,False,0,0,1.0,1.0,1.0,1.0,1.0,14.60991700000136
fp_theta200_alpha2p0,false_positive,200.0,0.0,2.0,28,20301148,1,False,0,0,1.0,1.0,1.0,1.0,1.0,14.165959000010275
fp_theta200_alpha2p0,false_positive,200.0,0.0,2.0,29,20301149,1,False,0,0,1.0,1.0,1.0,1.0,1.0,13.985417000000666
fp_theta200_alpha2p0,false_positive,200.0,0.0,2.0,32,20301152,1,False,0,0,1.0,1.0,1.0,1.0,1.0,13.226667000012071
fp_theta200_alpha2p0,false_positive,200.0,0.0,2.0,30,20301150,1,False,0,0,1.0,1.0,1.0,1.0,1.0,13.731083000010358
fp_theta200_alpha2p0,false_positive,200.0,0.0,2.0,33,20301153,1,False,0,0,1.0,1.0,1.0,1.0,1.0,14.591375000009066
fp_theta200_alpha2p0,false_positive,200.0,0.0,2.0,31,20301151,1,False,0,0,1.0,1.0,1.0,1.0,1.0,16.490749999988452
fp_theta200_alpha2p0,false_positive,200.0,0.0,2.0,35,20301155,1,False,0,0,1.0,1.0,1.0,1.0,1.0,13.763750000009622
fp_theta200_alpha2p0,false_positive,200.0,0.0,2.0,39,20301159,1,False,0,0,1.0,1.0,1.0,1.0,1.0,13.773417000010113
fp_theta200_alpha2p0,false_positive,200.0,0.0,2.0,34,20301154,1,False,0,0,1.0,1.0,1.0,1.0,1.0,12.969041000005177
fp_theta200_alpha2p0,false_positive,200.0,0.0,2.0,41,20301161,1,False,0,0,1.0,1.0,1.0,1.0,1.0,11.70150000000092
fp_theta200_alpha2p0,false_positive,200.0,0.0,2.0,36,20301156,1,False,0,0,1.0,1.0,1.0,1.0,1.0,13.993499999997994
fp_theta200_alpha2p0,false_positive,200.0,0.0,2.0,43,20301163,1,False,0,0,1.0,1.0,1.0,1.0,1.0,13.2255420000007
fp_theta200_alpha2p0,false_positive,200.0,0.0,2.0,38,20301158,1,False,0,0,1.0,1.0,1.0,1.0,1.0,15.129917000010096
fp_theta200_alpha2p0,false_positive,200.0,0.0,2.0,40,20301160,1,False,0,0,1.0,1.0,1.0,1.0,1.0,12.847790999998665
fp_theta200_alpha2p0,false_positive,200.0,0.0,2.0,42,20301162,1,False,0,0,1.0,1.0,1.0,1.0,1.0,12.754583000003095
fp_theta200_alpha2p0,false_positive,200.0,0.0,2.0,45,20301165,1,False,0,0,1.0,1.0,1.0,1.0,1.0,13.986166000009348
fp_theta200_alpha2p0,false_positive,200.0,0.0,2.0,37,20301157,1,False,0,0,1.0,1.0,1.0,1.0,1.0,11.920000000003483
fp_theta200_alpha2p0,false_positive,200.0,0.0,2.0,44,20301164,1,False,0,0,1.0,1.0,1.0,1.0,1.0,12.689209000001256
fp_theta200_alpha2p0,false_positive,200.0,0.0,2.0,53,20301173,1,False,0,0,1.0,1.0,1.0,1.0,1.0,13.113250000003518
fp_theta200_alpha2p0,false_positive,200.0,0.0,2.0,47,20301167,1,False,0,0,1.0,1.0,1.0,1.0,1.0,12.531124999995313
fp_theta200_alpha2p0,false_positive,200.0,0.0,2.0,48,20301168,1,False,0,0,1.0,1.0,1.0,1.0,1.0,12.331583000005253
fp_theta200_alpha2p0,false_positive,200.0,0.0,2.0,56,20301176,1,False,0,0,1.0,1.0,1.0,1.0,1.0,13.15320900000927
fp_theta200_alpha2p0,false_positive,200.0,0.0,2.0,54,20301174,1,False,0,0,1.0,1.0,1.0,1.0,1.0,12.819333000010147
fp_theta200_alpha2p0,false_positive,200.0,0.0,2.0,46,20301166,1,False,0,0,1.0,1.0,1.0,1.0,1.0,12.555457999994246
fp_theta200_alpha2p0,false_positive,200.0,0.0,2.0,51,20301171,1,False,0,0,1.0,1.0,1.0,1.0,1.0,13.042833000000087
fp_theta200_alpha2p0,false_positive,200.0,0.0,2.0,52,20301172,1,False,0,0,1.0,1.0,1.0,1.0,1.0,12.00858299999652
fp_theta200_alpha2p0,false_positive,200.0,0.0,2.0,50,20301170,1,False,0,0,1.0,1.0,1.0,1.0,1.0,12.089207999991913
fp_theta200_alpha2p0,false_positive,200.0,0.0,2.0,49,20301169,1,False,0,0,1.0,1.0,1.0,1.0,1.0,14.548666999999682
fp_theta200_alpha2p0,false_positive,200.0,0.0,2.0,55,20301175,1,False,0,0,1.0,1.0,1.0,1.0,1.0,12.371999999999161
fp_theta200_alpha2p0,false_positive,200.0,0.0,2.0,57,20301177,1,False,0,0,1.0,1.0,1.0,1.0,1.0,12.100208999996198
fp_theta200_alpha2p0,false_positive,200.0,0.0,2.0,59,20301179,1,False,0,0,1.0,1.0,1.0,1.0,1.0,11.266792000000692
fp_theta200_alpha2p0,false_positive,200.0,0.0,2.0,60,20301180,1,False,0,0,1.0,1.0,1.0,1.0,1.0,14.079667000004292
fp_theta200_alpha2p0,false_positive,200.0,0.0,2.0,58,20301178,1,False,0,0,1.0,1.0,1.0,1.0,1.0,12.160375000007662
fp_theta200_alpha2p0,false_positive,200.0,0.0,2.0,61,20301181,1,False,0,0,1.0,1.0,1.0,1.0,1.0,12.788000000000466
fp_theta200_alpha2p0,false_positive,200.0,0.0,2.0,66,20301186,1,False,0,0,1.0,1.0,1.0,1.0,1.0,13.734541999994576
fp_theta200_alpha2p0,false_positive,200.0,0.0,2.0,64,20301184,1,False,0,0,1.0,1.0,1.0,1.0,1.0,14.539874999996982
fp_theta200_alpha2p0,false_positive,200.0,0.0,2.0,67,20301187,1,False,0,0,1.0,1.0,1.0,1.0,1.0,13.44841700000643
fp_theta200_alpha2p0,false_positive,200.0,0.0,2.0,63,20301183,1,False,0,0,1.0,1.0,1.0,1.0,1.0,12.47450000001038
fp_theta200_alpha2p0,false_positive,200.0,0.0,2.0,65,20301185,1,False,0,0,1.0,1.0,1.0,1.0,1.0,12.838375000001179
fp_theta200_alpha2p0,false_positive,200.0,0.0,2.0,71,20301191,1,False,0,0,1.0,1.0,1.0,1.0,1.0,12.017000000000166
fp_theta200_alpha2p0,false_positive,200.0,0.0,2.0,69,20301189,1,False,0,0,1.0,1.0,1.0,1.0,1.0,12.206917000000317
fp_theta200_alpha2p0,false_positive,200.0,0.0,2.0,62,20301182,1,True,0,1,0.0,0.0,0.0,0.0,0.0,15.38308300000324
fp_theta200_alpha2p0,false_positive,200.0,0.0,2.0,73,20301193,1,False,0,0,1.0,1.0,1.0,1.0,1.0,16.731457999995314
fp_theta200_alpha2p0,false_positive,200.0,0.0,2.0,70,20301190,1,False,0,0,1.0,1.0,1.0,1.0,1.0,12.395582999999988
fp_theta200_alpha2p0,false_positive,200.0,0.0,2.0,68,20301188,1,False,0,0,1.0,1.0,1.0,1.0,1.0,13.385916999993697
fp_theta200_alpha2p0,false_positive,200.0,0.0,2.0,76,20301196,1,False,0,0,1.0,1.0,1.0,1.0,1.0,11.786499999999478
fp_theta200_alpha2p0,false_positive,200.0,0.0,2.0,72,20301192,1,False,0,0,1.0,1.0,1.0,1.0,1.0,12.541459000004807
fp_theta200_alpha2p0,false_positive,200.0,0.0,2.0,74,20301194,1,False,0,0,1.0,1.0,1.0,1.0,1.0,12.433416999996894
fp_theta200_alpha2p0,false_positive,200.0,0.0,2.0,75,20301195,1,False,0,0,1.0,1.0,1.0,1.0,1.0,13.014749999996411
fp_theta200_alpha2p0,false_positive,200.0,0.0,2.0,77,20301197,1,False,0,0,1.0,1.0,1.0,1.0,1.0,12.844083000004503
fp_theta200_alpha2p0,false_positive,200.0,0.0,2.0,78,20301198,1,False,0,0,1.0,1.0,1.0,1.0,1.0,13.866332999995734
fp_theta200_alpha2p0,false_positive,200.0,0.0,2.0,80,20301200,1,False,0,0,1.0,1.0,1.0,1.0,1.0,13.199958000001288
fp_theta200_alpha2p0,false_positive,200.0,0.0,2.0,79,20301199,1,False,0,0,1.0,1.0,1.0,1.0,1.0,14.931541999999354
fp_theta200_alpha2p0,false_positive,200.0,0.0,2.0,81,20301201,1,False,0,0,1.0,1.0,1.0,1.0,1.0,17.700917000013305
fp_theta200_alpha2p0,false_positive,200.0,0.0,2.0,85,20301205,1,False,0,0,1.0,1.0,1.0,1.0,1.0,12.994499999990694
fp_theta200_alpha2p0,false_positive,200.0,0.0,2.0,86,20301206,1,False,0,0,1.0,1.0,1.0,1.0,1.0,13.201417000004767
fp_theta200_alpha2p0,false_positive,200.0,0.0,2.0,87,20301207,1,False,0,0,1.0,1.0,1.0,1.0,1.0,12.892542000003004
fp_theta200_alpha2p0,false_positive,200.0,0.0,2.0,82,20301202,1,False,0,0,1.0,1.0,1.0,1.0,1.0,13.525874999999132
fp_theta200_alpha2p0,false_positive,200.0,0.0,2.0,83,20301203,1,False,0,0,1.0,1.0,1.0,1.0,1.0,14.173708000001284
fp_theta200_alpha2p0,false_positive,200.0,0.0,2.0,84,20301204,1,False,0,0,1.0,1.0,1.0,1.0,1.0,12.820040999997673
fp_theta200_alpha2p0,false_positive,200.0,0.0,2.0,91,20301211,1,False,0,0,1.0,1.0,1.0,1.0,1.0,13.493084000003819
fp_theta200_alpha2p0,false_positive,200.0,0.0,2.0,88,20301208,1,False,0,0,1.0,1.0,1.0,1.0,1.0,13.431332999999768
fp_theta200_alpha2p0,false_positive,200.0,0.0,2.0,92,20301212,1,False,0,0,1.0,1.0,1.0,1.0,1.0,13.774624999996377
fp_theta200_alpha2p0,false_positive,200.0,0.0,2.0,90,20301210,1,False,0,0,1.0,1.0,1.0,1.0,1.0,15.33204200001137
fp_theta200_alpha2p0,false_positive,200.0,0.0,2.0,89,20301209,1,False,0,0,1.0,1.0,1.0,1.0,1.0,13.392209000002708
fp_theta200_alpha2p0,false_positive,200.0,0.0,2.0,94,20301214,1,False,0,0,1.0,1.0,1.0,1.0,1.0,14.971834000007789
fp_theta200_alpha2p0,false_positive,200.0,0.0,2.0,93,20301213,1,False,0,0,1.0,1.0,1.0,1.0,1.0,50.824541000011436
fp_theta200_alpha2p0,false_positive,200.0,0.0,2.0,96,20301216,1,False,0,0,1.0,1.0,1.0,1.0,1.0,12.184415999996645
fp_theta200_alpha0p5,false_positive,200.0,0.0,0.5,3,20311123,1,False,0,0,1.0,1.0,1.0,1.0,1.0,18.761249999997176
fp_theta200_alpha2p0,false_positive,200.0,0.0,2.0,95,20301215,1,False,0,0,1.0,1.0,1.0,1.0,1.0,17.03200000000038
fp_theta200_alpha0p5,false_positive,200.0,0.0,0.5,0,20311120,1,False,0,0,1.0,1.0,1.0,1.0,1.0,16.653791999999612
fp_theta200_alpha2p0,false_positive,200.0,0.0,2.0,99,20301219,1,False,0,0,1.0,1.0,1.0,1.0,1.0,13.753583999999819
fp_theta200_alpha2p0,false_positive,200.0,0.0,2.0,97,20301217,1,False,0,0,1.0,1.0,1.0,1.0,1.0,13.411874999988527
fp_theta200_alpha2p0,false_positive,200.0,0.0,2.0,98,20301218,1,False,0,0,1.0,1.0,1.0,1.0,1.0,12.686667000011198
fp_theta200_alpha0p5,false_positive,200.0,0.0,0.5,2,20311122,1,False,0,0,1.0,1.0,1.0,1.0,1.0,19.30774999999585
fp_theta200_alpha0p5,false_positive,200.0,0.0,0.5,7,20311127,1,False,0,0,1.0,1.0,1.0,1.0,1.0,13.907916000007958
fp_theta200_alpha0p5,false_positive,200.0,0.0,0.5,1,20311121,1,False,0,0,1.0,1.0,1.0,1.0,1.0,12.636041999996905
fp_theta200_alpha0p5,false_positive,200.0,0.0,0.5,8,20311128,1,False,0,0,1.0,1.0,1.0,1.0,1.0,15.6379999999956
fp_theta200_alpha0p5,false_positive,200.0,0.0,0.5,9,20311129,1,False,0,0,1.0,1.0,1.0,1.0,1.0,12.201625000002991
fp_theta200_alpha0p5,false_positive,200.0,0.0,0.5,4,20311124,1,False,0,0,1.0,1.0,1.0,1.0,1.0,12.860374999988267
fp_theta200_alpha0p5,false_positive,200.0,0.0,0.5,6,20311126,1,False,0,0,1.0,1.0,1.0,1.0,1.0,12.554625000007036
fp_theta200_alpha0p5,false_positive,200.0,0.0,0.5,5,20311125,1,False,0,0,1.0,1.0,1.0,1.0,1.0,13.958292000012307
fp_theta200_alpha0p5,false_positive,200.0,0.0,0.5,10,20311130,1,False,0,0,1.0,1.0,1.0,1.0,1.0,14.962083000000348
fp_theta200_alpha0p5,false_positive,200.0,0.0,0.5,11,20311131,1,False,0,0,1.0,1.0,1.0,1.0,1.0,14.678541999998629
fp_theta200_alpha0p5,false_positive,200.0,0.0,0.5,12,20311132,1,False,0,0,1.0,1.0,1.0,1.0,1.0,12.61325000000113
fp_theta200_alpha0p5,false_positive,200.0,0.0,0.5,13,20311133,1,False,0,0,1.0,1.0,1.0,1.0,1.0,12.771040999993488
fp_theta200_alpha0p5,false_positive,200.0,0.0,0.5,18,20311138,1,False,0,0,1.0,1.0,1.0,1.0,1.0,12.448875000004023
fp_theta200_alpha0p5,false_positive,200.0,0.0,0.5,14,20311134,1,False,0,0,1.0,1.0,1.0,1.0,1.0,11.685083999992685
fp_theta200_alpha0p5,false_positive,200.0,0.0,0.5,15,20311135,1,False,0,0,1.0,1.0,1.0,1.0,1.0,12.739041000003226
fp_theta200_alpha0p5,false_positive,200.0,0.0,0.5,25,20311145,1,False,0,0,1.0,1.0,1.0,1.0,1.0,12.653249999999616
fp_theta200_alpha0p5,false_positive,200.0,0.0,0.5,21,20311141,1,False,0,0,1.0,1.0,1.0,1.0,1.0,12.746125000006714
fp_theta200_alpha0p5,false_positive,200.0,0.0,0.5,17,20311137,1,False,0,0,1.0,1.0,1.0,1.0,1.0,15.209374999997749
fp_theta200_alpha0p5,false_positive,200.0,0.0,0.5,16,20311136,1,False,0,0,1.0,1.0,1.0,1.0,1.0,13.201292000005083
fp_theta200_alpha0p5,false_positive,200.0,0.0,0.5,19,20311139,1,False,0,0,1.0,1.0,1.0,1.0,1.0,12.565541000000735
fp_theta200_alpha0p5,false_positive,200.0,0.0,0.5,20,20311140,1,False,0,0,1.0,1.0,1.0,1.0,1.0,14.048915999993028
fp_theta200_alpha0p5,false_positive,200.0,0.0,0.5,23,20311143,1,False,0,0,1.0,1.0,1.0,1.0,1.0,12.513959000003183
fp_theta200_alpha0p5,false_positive,200.0,0.0,0.5,26,20311146,1,False,0,0,1.0,1.0,1.0,1.0,1.0,15.040416000005052
fp_theta200_alpha0p5,false_positive,200.0,0.0,0.5,24,20311144,1,False,0,0,1.0,1.0,1.0,1.0,1.0,13.191624999990381
fp_theta200_alpha0p5,false_positive,200.0,0.0,0.5,22,20311142,1,False,0,0,1.0,1.0,1.0,1.0,1.0,12.839959000004342
fp_theta200_alpha0p5,false_positive,200.0,0.0,0.5,31,20311151,1,False,0,0,1.0,1.0,1.0,1.0,1.0,13.01483399998915
fp_theta200_alpha0p5,false_positive,200.0,0.0,0.5,27,20311147,1,False,0,0,1.0,1.0,1.0,1.0,1.0,14.49679099999912
fp_theta200_alpha0p5,false_positive,200.0,0.0,0.5,35,20311155,1,False,0,0,1.0,1.0,1.0,1.0,1.0,13.670082999993838
fp_theta200_alpha0p5,false_positive,200.0,0.0,0.5,28,20311148,1,False,0,0,1.0,1.0,1.0,1.0,1.0,12.44312500000433
fp_theta200_alpha0p5,false_positive,200.0,0.0,0.5,36,20311156,1,False,0,0,1.0,1.0,1.0,1.0,1.0,12.249292000007017
fp_theta200_alpha0p5,false_positive,200.0,0.0,0.5,34,20311154,1,False,0,0,1.0,1.0,1.0,1.0,1.0,14.69012499998712
fp_theta200_alpha0p5,false_positive,200.0,0.0,0.5,33,20311153,1,False,0,0,1.0,1.0,1.0,1.0,1.0,13.646082999997589
fp_theta200_alpha0p5,false_positive,200.0,0.0,0.5,30,20311150,1,False,0,0,1.0,1.0,1.0,1.0,1.0,13.324334000003546
fp_theta200_alpha0p5,false_positive,200.0,0.0,0.5,38,20311158,1,False,0,0,1.0,1.0,1.0,1.0,1.0,12.205541999989578
fp_theta200_alpha0p5,false_positive,200.0,0.0,0.5,29,20311149,1,False,0,0,1.0,1.0,1.0,1.0,1.0,12.95650000000137
fp_theta200_alpha0p5,false_positive,200.0,0.0,0.5,37,20311157,1,False,0,0,1.0,1.0,1.0,1.0,1.0,13.940958000006276
fp_theta200_alpha0p5,false_positive,200.0,0.0,0.5,32,20311152,1,False,0,0,1.0,1.0,1.0,1.0,1.0,12.723291000000359
fp_theta200_alpha0p5,false_positive,200.0,0.0,0.5,41,20311161,1,False,0,0,1.0,1.0,1.0,1.0,1.0,15.100125000003572
fp_theta200_alpha0p5,false_positive,200.0,0.0,0.5,42,20311162,1,False,0,0,1.0,1.0,1.0,1.0,1.0,11.665333000010492
fp_theta200_alpha0p5,false_positive,200.0,0.0,0.5,39,20311159,1,False,0,0,1.0,1.0,1.0,1.0,1.0,15.026083999998718
fp_theta200_alpha0p5,false_positive,200.0,0.0,0.5,40,20311160,1,False,0,0,1.0,1.0,1.0,1.0,1.0,12.194041000000766
fp_theta200_alpha0p5,false_positive,200.0,0.0,0.5,45,20311165,1,False,0,0,1.0,1.0,1.0,1.0,1.0,13.114416999997047
fp_theta200_alpha0p5,false_positive,200.0,0.0,0.5,44,20311164,1,False,0,0,1.0,1.0,1.0,1.0,1.0,12.541542000008121
fp_theta200_alpha0p5,false_positive,200.0,0.0,0.5,43,20311163,1,False,0,0,1.0,1.0,1.0,1.0,1.0,13.07908299999383
fp_theta200_alpha0p5,false_positive,200.0,0.0,0.5,49,20311169,1,False,0,0,1.0,1.0,1.0,1.0,1.0,13.861332999994147
fp_theta200_alpha0p5,false_positive,200.0,0.0,0.5,53,20311173,1,False,0,0,1.0,1.0,1.0,1.0,1.0,14.975875000004635
fp_theta200_alpha0p5,false_positive,200.0,0.0,0.5,46,20311166,1,False,0,0,1.0,1.0,1.0,1.0,1.0,14.97691699999848
fp_theta200_alpha0p5,false_positive,200.0,0.0,0.5,47,20311167,1,False,0,0,1.0,1.0,1.0,1.0,1.0,12.208792000009794
fp_theta200_alpha0p5,false_positive,200.0,0.0,0.5,48,20311168,1,False,0,0,1.0,1.0,1.0,1.0,1.0,13.32866699999613
fp_theta200_alpha0p5,false_positive,200.0,0.0,0.5,57,20311177,1,False,0,0,1.0,1.0,1.0,1.0,1.0,13.817625000001499
fp_theta200_alpha0p5,false_positive,200.0,0.0,0.5,50,20311170,1,False,0,0,1.0,1.0,1.0,1.0,1.0,13.52629099999092
fp_theta200_alpha0p5,false_positive,200.0,0.0,0.5,51,20311171,1,False,0,0,1.0,1.0,1.0,1.0,1.0,13.80975000000717
fp_theta200_alpha0p5,false_positive,200.0,0.0,0.5,56,20311176,1,False,0,0,1.0,1.0,1.0,1.0,1.0,13.741167000006271
fp_theta200_alpha0p5,false_positive,200.0,0.0,0.5,52,20311172,1,False,0,0,1.0,1.0,1.0,1.0,1.0,12.885124999996833
fp_theta200_alpha0p5,false_positive,200.0,0.0,0.5,54,20311174,1,False,0,0,1.0,1.0,1.0,1.0,1.0,12.303083000006154
fp_theta200_alpha0p5,false_positive,200.0,0.0,0.5,55,20311175,1,False,0,0,1.0,1.0,1.0,1.0,1.0,12.983292000001256
fp_theta200_alpha0p5,false_positive,200.0,0.0,0.5,58,20311178,1,False,0,0,1.0,1.0,1.0,1.0,1.0,12.47766699999886
fp_theta200_alpha0p5,false_positive,200.0,0.0,0.5,61,20311181,1,False,0,0,1.0,1.0,1.0,1.0,1.0,15.028999999998405
fp_theta200_alpha0p5,false_positive,200.0,0.0,0.5,59,20311179,1,False,0,0,1.0,1.0,1.0,1.0,1.0,12.904417000001445
fp_theta200_alpha0p5,false_positive,200.0,0.0,0.5,60,20311180,1,False,0,0,1.0,1.0,1.0,1.0,1.0,11.572000000001026
fp_theta200_alpha0p5,false_positive,200.0,0.0,0.5,64,20311184,1,False,0,0,1.0,1.0,1.0,1.0,1.0,12.21508300000096
fp_theta200_alpha0p5,false_positive,200.0,0.0,0.5,62,20311182,1,False,0,0,1.0,1.0,1.0,1.0,1.0,24.457374999997228
fp_theta200_alpha0p5,false_positive,200.0,0.0,0.5,63,20311183,1,False,0,0,1.0,1.0,1.0,1.0,1.0,28.563540999996917
fp_theta200_alpha0p5,false_positive,200.0,0.0,0.5,67,20311187,1,False,0,0,1.0,1.0,1.0,1.0,1.0,33.821707999990736
fp_theta200_alpha0p5,false_positive,200.0,0.0,0.5,66,20311186,1,False,0,0,1.0,1.0,1.0,1.0,1.0,29.32962500000258
fp_theta200_alpha0p5,false_positive,200.0,0.0,0.5,65,20311185,1,False,0,0,1.0,1.0,1.0,1.0,1.0,14.534291000003918
fp_theta200_alpha0p5,false_positive,200.0,0.0,0.5,69,20311189,1,False,0,0,1.0,1.0,1.0,1.0,1.0,12.415541999999391
fp_theta200_alpha0p5,false_positive,200.0,0.0,0.5,71,20311191,1,False,0,0,1.0,1.0,1.0,1.0,1.0,15.33204200001137
fp_theta200_alpha0p5,false_positive,200.0,0.0,0.5,70,20311190,1,False,0,0,1.0,1.0,1.0,1.0,1.0,16.22091699999828
fp_theta200_alpha0p5,false_positive,200.0,0.0,0.5,68,20311188,1,False,0,0,1.0,1.0,1.0,1.0,1.0,16.372291000010364
fp_theta200_alpha0p5,false_positive,200.0,0.0,0.5,74,20311194,1,False,0,0,1.0,1.0,1.0,1.0,1.0,12.273333999999636
fp_theta200_alpha0p5,false_positive,200.0,0.0,0.5,73,20311193,1,False,0,0,1.0,1.0,1.0,1.0,1.0,12.16483299999993
fp_theta200_alpha0p5,false_positive,200.0,0.0,0.5,78,20311198,1,False,0,0,1.0,1.0,1.0,1.0,1.0,13.019708000001629
fp_theta200_alpha0p5,false_positive,200.0,0.0,0.5,72,20311192,1,False,0,0,1.0,1.0,1.0,1.0,1.0,15.079084000007015
fp_theta200_alpha0p5,false_positive,200.0,0.0,0.5,75,20311195,1,False,0,0,1.0,1.0,1.0,1.0,1.0,12.779124999994451
fp_theta200_alpha0p5,false_positive,200.0,0.0,0.5,76,20311196,1,False,0,0,1.0,1.0,1.0,1.0,1.0,13.51112499999374
fp_theta200_alpha0p5,false_positive,200.0,0.0,0.5,79,20311199,1,False,0,0,1.0,1.0,1.0,1.0,1.0,13.18883400000459
fp_theta200_alpha0p5,false_positive,200.0,0.0,0.5,77,20311197,1,False,0,0,1.0,1.0,1.0,1.0,1.0,15.230541999997627
fp_theta200_alpha0p5,false_positive,200.0,0.0,0.5,86,20311206,1,False,0,0,1.0,1.0,1.0,1.0,1.0,12.606708000006961
fp_theta200_alpha0p5,false_positive,200.0,0.0,0.5,82,20311202,1,False,0,0,1.0,1.0,1.0,1.0,1.0,12.85091699999441
fp_theta200_alpha0p5,false_positive,200.0,0.0,0.5,81,20311201,1,False,0,0,1.0,1.0,1.0,1.0,1.0,12.382375000001389
fp_theta200_alpha0p5,false_positive,200.0,0.0,0.5,85,20311205,1,False,0,0,1.0,1.0,1.0,1.0,1.0,13.219082999995635
fp_theta200_alpha0p5,false_positive,200.0,0.0,0.5,84,20311204,1,False,0,0,1.0,1.0,1.0,1.0,1.0,11.608708000011347
fp_theta200_alpha0p5,false_positive,200.0,0.0,0.5,88,20311208,1,False,0,0,1.0,1.0,1.0,1.0,1.0,13.68912499999908
fp_theta200_alpha0p5,false_positive,200.0,0.0,0.5,83,20311203,1,False,0,0,1.0,1.0,1.0,1.0,1.0,13.388167000002227
fp_theta200_alpha0p5,false_positive,200.0,0.0,0.5,87,20311207,1,False,0,0,1.0,1.0,1.0,1.0,1.0,12.796292000004428
fp_theta200_alpha0p5,false_positive,200.0,0.0,0.5,80,20311200,1,False,0,0,1.0,1.0,1.0,1.0,1.0,13.645416000002797
fp_theta200_alpha0p5,false_positive,200.0,0.0,0.5,89,20311209,1,False,0,0,1.0,1.0,1.0,1.0,1.0,13.723208000001819
fp_theta200_alpha0p5,false_positive,200.0,0.0,0.5,90,20311210,1,False,0,0,1.0,1.0,1.0,1.0,1.0,14.08324999999877
fp_theta200_alpha0p5,false_positive,200.0,0.0,0.5,92,20311212,1,False,0,0,1.0,1.0,1.0,1.0,1.0,13.334917000008772
fp_theta200_alpha0p5,false_positive,200.0,0.0,0.5,91,20311211,1,False,0,0,1.0,1.0,1.0,1.0,1.0,12.996250000000487
fp_theta200_alpha0p05,false_positive,200.0,0.0,0.05,0,20321120,1,False,0,0,1.0,1.0,1.0,1.0,1.0,13.035541999997236
fp_theta200_alpha0p05,false_positive,200.0,0.0,0.05,1,20321121,1,False,0,0,1.0,1.0,1.0,1.0,1.0,12.63716599999043
fp_theta200_alpha0p05,false_positive,200.0,0.0,0.05,2,20321122,1,False,0,0,1.0,1.0,1.0,1.0,1.0,13.422625000004018
fp_theta200_alpha0p05,false_positive,200.0,0.0,0.05,4,20321124,1,False,0,0,1.0,1.0,1.0,1.0,1.0,13.507250000003523
fp_theta200_alpha0p5,false_positive,200.0,0.0,0.5,94,20311214,1,False,0,0,1.0,1.0,1.0,1.0,1.0,12.62104100000272
fp_theta200_alpha0p05,false_positive,200.0,0.0,0.05,3,20321123,1,False,0,0,1.0,1.0,1.0,1.0,1.0,12.20591699998863
fp_theta200_alpha0p5,false_positive,200.0,0.0,0.5,96,20311216,1,False,0,0,1.0,1.0,1.0,1.0,1.0,12.35166699999013
fp_theta200_alpha0p5,false_positive,200.0,0.0,0.5,93,20311213,1,False,0,0,1.0,1.0,1.0,1.0,1.0,14.27895800000556
fp_theta200_alpha0p5,false_positive,200.0,0.0,0.5,95,20311215,1,False,0,0,1.0,1.0,1.0,1.0,1.0,13.811624999988226
fp_theta200_alpha0p05,false_positive,200.0,0.0,0.05,6,20321126,1,False,0,0,1.0,1.0,1.0,1.0,1.0,11.884707999996635
fp_theta200_alpha0p05,false_positive,200.0,0.0,0.05,5,20321125,1,False,0,0,1.0,1.0,1.0,1.0,1.0,12.670458000002327
fp_theta200_alpha0p5,false_positive,200.0,0.0,0.5,99,20311219,1,False,0,0,1.0,1.0,1.0,1.0,1.0,13.168750000005502
fp_theta200_alpha0p05,false_positive,200.0,0.0,0.05,8,20321128,1,False,0,0,1.0,1.0,1.0,1.0,1.0,13.170999999999822
fp_theta200_alpha0p05,false_positive,200.0,0.0,0.05,7,20321127,1,False,0,0,1.0,1.0,1.0,1.0,1.0,13.965583000000947
fp_theta200_alpha0p5,false_positive,200.0,0.0,0.5,97,20311217,1,False,0,0,1.0,1.0,1.0,1.0,1.0,12.975208000000293
fp_theta200_alpha0p5,false_positive,200.0,0.0,0.5,98,20311218,1,False,0,0,1.0,1.0,1.0,1.0,1.0,14.82570799998939
fp_theta200_alpha0p05,false_positive,200.0,0.0,0.05,9,20321129,1,False,0,0,1.0,1.0,1.0,1.0,1.0,15.560832999995
fp_theta200_alpha0p05,false_positive,200.0,0.0,0.05,10,20321130,1,False,0,0,1.0,1.0,1.0,1.0,1.0,13.737832999993316
fp_theta200_alpha0p05,false_positive,200.0,0.0,0.05,12,20321132,1,False,0,0,1.0,1.0,1.0,1.0,1.0,11.822584000000802
fp_theta200_alpha0p05,false_positive,200.0,0.0,0.05,11,20321131,1,False,0,0,1.0,1.0,1.0,1.0,1.0,12.520374999994033
fp_theta200_alpha0p05,false_positive,200.0,0.0,0.05,15,20321135,1,False,0,0,1.0,1.0,1.0,1.0,1.0,12.47541700000454
fp_theta200_alpha0p05,false_positive,200.0,0.0,0.05,14,20321134,1,False,0,0,1.0,1.0,1.0,1.0,1.0,13.405333000008568
fp_theta200_alpha0p05,false_positive,200.0,0.0,0.05,16,20321136,1,False,0,0,1.0,1.0,1.0,1.0,1.0,11.923957999997015
fp_theta200_alpha0p05,false_positive,200.0,0.0,0.05,21,20321141,1,False,0,0,1.0,1.0,1.0,1.0,1.0,12.778917000005663
fp_theta200_alpha0p05,false_positive,200.0,0.0,0.05,20,20321140,1,False,0,0,1.0,1.0,1.0,1.0,1.0,14.525583000008169
fp_theta200_alpha0p05,false_positive,200.0,0.0,0.05,19,20321139,1,False,0,0,1.0,1.0,1.0,1.0,1.0,16.75529100000972
fp_theta200_alpha0p05,false_positive,200.0,0.0,0.05,22,20321142,1,False,0,0,1.0,1.0,1.0,1.0,1.0,14.259874999993372
fp_theta200_alpha0p05,false_positive,200.0,0.0,0.05,18,20321138,1,False,0,0,1.0,1.0,1.0,1.0,1.0,12.993375000007745
fp_theta200_alpha0p05,false_positive,200.0,0.0,0.05,17,20321137,1,False,0,0,1.0,1.0,1.0,1.0,1.0,12.419457999996553
fp_theta200_alpha0p05,false_positive,200.0,0.0,0.05,26,20321146,1,False,0,0,1.0,1.0,1.0,1.0,1.0,12.20179099999541
fp_theta200_alpha0p05,false_positive,200.0,0.0,0.05,23,20321143,1,False,0,0,1.0,1.0,1.0,1.0,1.0,12.79266699999937
fp_theta200_alpha0p05,false_positive,200.0,0.0,0.05,24,20321144,1,False,0,0,1.0,1.0,1.0,1.0,1.0,13.04100000000119
fp_theta200_alpha0p05,false_positive,200.0,0.0,0.05,27,20321147,1,False,0,0,1.0,1.0,1.0,1.0,1.0,12.501125000000002
fp_theta200_alpha0p05,false_positive,200.0,0.0,0.05,25,20321145,1,False,0,0,1.0,1.0,1.0,1.0,1.0,13.268749999994611
fp_theta200_alpha0p05,false_positive,200.0,0.0,0.05,13,20321133,1,False,0,0,1.0,1.0,1.0,1.0,1.0,13.760999999988144
fp_theta200_alpha0p05,false_positive,200.0,0.0,0.05,28,20321148,1,False,0,0,1.0,1.0,1.0,1.0,1.0,12.421250000002715
fp_theta200_alpha0p05,false_positive,200.0,0.0,0.05,29,20321149,1,False,0,0,1.0,1.0,1.0,1.0,1.0,12.473749999998063
fp_theta200_alpha0p05,false_positive,200.0,0.0,0.05,31,20321151,1,False,0,0,1.0,1.0,1.0,1.0,1.0,13.44591699999853
fp_theta200_alpha0p05,false_positive,200.0,0.0,0.05,30,20321150,1,False,0,0,1.0,1.0,1.0,1.0,1.0,13.069540999993023
fp_theta200_alpha0p05,false_positive,200.0,0.0,0.05,32,20321152,1,False,0,0,1.0,1.0,1.0,1.0,1.0,14.220874999992361
fp_theta200_alpha0p05,false_positive,200.0,0.0,0.05,37,20321157,1,False,0,0,1.0,1.0,1.0,1.0,1.0,12.504332999995427
fp_theta200_alpha0p05,false_positive,200.0,0.0,0.05,36,20321156,1,False,0,0,1.0,1.0,1.0,1.0,1.0,13.801834000005897
fp_theta200_alpha0p05,false_positive,200.0,0.0,0.05,33,20321153,1,False,0,0,1.0,1.0,1.0,1.0,1.0,13.1367919999974
fp_theta200_alpha0p05,false_positive,200.0,0.0,0.05,35,20321155,1,False,0,0,1.0,1.0,1.0,1.0,1.0,12.204374999996048
fp_theta200_alpha0p05,false_positive,200.0,0.0,0.05,40,20321160,1,False,0,0,1.0,1.0,1.0,1.0,1.0,11.87754200000768
fp_theta200_alpha0p05,false_positive,200.0,0.0,0.05,43,20321163,1,False,0,0,1.0,1.0,1.0,1.0,1.0,13.556334000000447
fp_theta200_alpha0p05,false_positive,200.0,0.0,0.05,38,20321158,1,False,0,0,1.0,1.0,1.0,1.0,1.0,12.321834000005083
fp_theta200_alpha0p05,false_positive,200.0,0.0,0.05,34,20321154,1,True,0,1,0.0,0.0,0.0,0.0,0.0,12.89779200000396
fp_theta200_alpha0p05,false_positive,200.0,0.0,0.05,39,20321159,1,False,0,0,1.0,1.0,1.0,1.0,1.0,12.272874999993633
fp_theta200_alpha0p05,false_positive,200.0,0.0,0.05,41,20321161,1,False,0,0,1.0,1.0,1.0,1.0,1.0,13.810292000002278
fp_theta200_alpha0p05,false_positive,200.0,0.0,0.05,42,20321162,1,False,0,0,1.0,1.0,1.0,1.0,1.0,12.180291999996484
fp_theta200_alpha0p05,false_positive,200.0,0.0,0.05,44,20321164,1,False,0,0,1.0,1.0,1.0,1.0,1.0,13.466542000003301
fp_theta200_alpha0p05,false_positive,200.0,0.0,0.05,48,20321168,1,False,0,0,1.0,1.0,1.0,1.0,1.0,13.723499999997557
fp_theta200_alpha0p05,false_positive,200.0,0.0,0.05,45,20321165,1,False,0,0,1.0,1.0,1.0,1.0,1.0,12.594791999987365
fp_theta200_alpha0p05,false_positive,200.0,0.0,0.05,46,20321166,1,False,0,0,1.0,1.0,1.0,1.0,1.0,12.127082999995764
fp_theta200_alpha0p05,false_positive,200.0,0.0,0.05,47,20321167,1,False,0,0,1.0,1.0,1.0,1.0,1.0,12.529082999989782
fp_theta200_alpha0p05,false_positive,200.0,0.0,0.05,49,20321169,1,False,0,0,1.0,1.0,1.0,1.0,1.0,12.967625000001703
fp_theta200_alpha0p05,false_positive,200.0,0.0,0.05,56,20321176,1,False,0,0,1.0,1.0,1.0,1.0,1.0,11.961541000005127
fp_theta200_alpha0p05,false_positive,200.0,0.0,0.05,52,20321172,1,False,0,0,1.0,1.0,1.0,1.0,1.0,14.30924999999661
fp_theta200_alpha0p05,false_positive,200.0,0.0,0.05,50,20321170,1,False,0,0,1.0,1.0,1.0,1.0,1.0,13.297416999989764
fp_theta200_alpha0p05,false_positive,200.0,0.0,0.05,51,20321171,1,False,0,0,1.0,1.0,1.0,1.0,1.0,12.943167000003086
fp_theta200_alpha0p05,false_positive,200.0,0.0,0.05,53,20321173,1,False,0,0,1.0,1.0,1.0,1.0,1.0,12.868541999992544
fp_theta200_alpha0p05,false_positive,200.0,0.0,0.05,54,20321174,1,False,0,0,1.0,1.0,1.0,1.0,1.0,12.163666999995826
fp_theta200_alpha0p05,false_positive,200.0,0.0,0.05,55,20321175,1,False,0,0,1.0,1.0,1.0,1.0,1.0,12.308000000004427
fp_theta200_alpha0p05,false_positive,200.0,0.0,0.05,57,20321177,1,False,0,0,1.0,1.0,1.0,1.0,1.0,11.573290999990604
fp_theta200_alpha0p05,false_positive,200.0,0.0,0.05,59,20321179,1,False,0,0,1.0,1.0,1.0,1.0,1.0,13.621709000005922
fp_theta200_alpha0p05,false_positive,200.0,0.0,0.05,58,20321178,1,False,0,0,1.0,1.0,1.0,1.0,1.0,12.495708000002992
fp_theta200_alpha0p05,false_positive,200.0,0.0,0.05,60,20321180,1,False,0,0,1.0,1.0,1.0,1.0,1.0,13.497499999999718
fp_theta200_alpha0p05,false_positive,200.0,0.0,0.05,64,20321184,1,False,0,0,1.0,1.0,1.0,1.0,1.0,13.505125000008888
fp_theta200_alpha0p05,false_positive,200.0,0.0,0.05,63,20321183,1,False,0,0,1.0,1.0,1.0,1.0,1.0,13.649291999996649
fp_theta200_alpha0p05,false_positive,200.0,0.0,0.05,62,20321182,1,False,0,0,1.0,1.0,1.0,1.0,1.0,13.808333000000061
fp_theta200_alpha0p05,false_positive,200.0,0.0,0.05,65,20321185,1,False,0,0,1.0,1.0,1.0,1.0,1.0,13.869499999998425
fp_theta200_alpha0p05,false_positive,200.0,0.0,0.05,61,20321181,1,False,0,0,1.0,1.0,1.0,1.0,1.0,14.005999999994856
fp_theta200_alpha0p05,false_positive,200.0,0.0,0.05,70,20321190,1,False,0,0,1.0,1.0,1.0,1.0,1.0,11.219124999996666
fp_theta200_alpha0p05,false_positive,200.0,0.0,0.05,66,20321186,1,False,0,0,1.0,1.0,1.0,1.0,1.0,11.740708000004929
fp_theta200_alpha0p05,false_positive,200.0,0.0,0.05,69,20321189,1,False,0,0,1.0,1.0,1.0,1.0,1.0,13.000333000007913
fp_theta200_alpha0p05,false_positive,200.0,0.0,0.05,68,20321188,1,False,0,0,1.0,1.0,1.0,1.0,1.0,12.993375000007745
fp_theta200_alpha0p05,false_positive,200.0,0.0,0.05,67,20321187,1,False,0,0,1.0,1.0,1.0,1.0,1.0,12.376875000001064
fp_theta200_alpha0p05,false_positive,200.0,0.0,0.05,72,20321192,1,False,0,0,1.0,1.0,1.0,1.0,1.0,14.61554200000137
fp_theta200_alpha0p05,false_positive,200.0,0.0,0.05,71,20321191,1,False,0,0,1.0,1.0,1.0,1.0,1.0,13.143583000001513
fp_theta200_alpha0p05,false_positive,200.0,0.0,0.05,76,20321196,1,False,0,0,1.0,1.0,1.0,1.0,1.0,12.298125000000937
fp_theta200_alpha0p05,false_positive,200.0,0.0,0.05,73,20321193,1,False,0,0,1.0,1.0,1.0,1.0,1.0,12.35704200000498
fp_theta200_alpha0p05,false_positive,200.0,0.0,0.05,74,20321194,1,False,0,0,1.0,1.0,1.0,1.0,1.0,13.453083000001698
fp_theta200_alpha0p05,false_positive,200.0,0.0,0.05,75,20321195,1,False,0,0,1.0,1.0,1.0,1.0,1.0,13.876124999995909
fp_theta200_alpha0p05,false_positive,200.0,0.0,0.05,77,20321197,1,False,0,0,1.0,1.0,1.0,1.0,1.0,12.844749999999294
fp_theta200_alpha0p05,false_positive,200.0,0.0,0.05,81,20321201,1,False,0,0,1.0,1.0,1.0,1.0,1.0,14.47758300000146
fp_theta200_alpha0p05,false_positive,200.0,0.0,0.05,83,20321203,1,False,0,0,1.0,1.0,1.0,1.0,1.0,13.302584000001616
fp_theta200_alpha0p05,false_positive,200.0,0.0,0.05,80,20321200,1,False,0,0,1.0,1.0,1.0,1.0,1.0,12.024084000003654
fp_theta200_alpha0p05,false_positive,200.0,0.0,0.05,79,20321199,1,False,0,0,1.0,1.0,1.0,1.0,1.0,12.839999999997076
fp_theta200_alpha0p05,false_positive,200.0,0.0,0.05,78,20321198,1,False,0,0,1.0,1.0,1.0,1.0,1.0,12.460500000003094
fp_theta200_alpha0p05,false_positive,200.0,0.0,0.05,82,20321202,1,False,0,0,1.0,1.0,1.0,1.0,1.0,14.122000000000412
fp_theta200_alpha0p05,false_positive,200.0,0.0,0.05,85,20321205,1,False,0,0,1.0,1.0,1.0,1.0,1.0,13.433332999994718
fp_theta200_alpha0p05,false_positive,200.0,0.0,0.05,84,20321204,1,False,0,0,1.0,1.0,1.0,1.0,1.0,12.199416000001406
fp_theta200_alpha0p05,false_positive,200.0,0.0,0.05,86,20321206,1,False,0,0,1.0,1.0,1.0,1.0,1.0,12.80329100001154
fp_theta200_alpha0p05,false_positive,200.0,0.0,0.05,88,20321208,1,False,0,0,1.0,1.0,1.0,1.0,1.0,13.436792000007358
fp_theta200_alpha0p05,false_positive,200.0,0.0,0.05,92,20321212,1,False,0,0,1.0,1.0,1.0,1.0,1.0,12.331040999995935
fp_theta200_alpha0p05,false_positive,200.0,0.0,0.05,87,20321207,1,False,0,0,1.0,1.0,1.0,1.0,1.0,11.842333000004146
fp_theta200_alpha0p05,false_positive,200.0,0.0,0.05,89,20321209,1,True,0,1,0.0,0.0,0.0,0.0,0.0,11.987082999993959
fp_theta200_alpha0p05,false_positive,200.0,0.0,0.05,90,20321210,1,True,0,1,0.0,0.0,0.0,0.0,0.0,13.007999999999242
fp_theta200_alpha0p05,false_positive,200.0,0.0,0.05,93,20321213,1,False,0,0,1.0,1.0,1.0,1.0,1.0,12.462166000005936
fp_theta200_alpha0p05,false_positive,200.0,0.0,0.05,91,20321211,1,False,0,0,1.0,1.0,1.0,1.0,1.0,11.355457999997043
fp_theta200_alpha0p05,false_positive,200.0,0.0,0.05,99,20321219,1,False,0,0,1.0,1.0,1.0,1.0,1.0,11.862415999999598
fp_theta200_alpha0p05,false_positive,200.0,0.0,0.05,94,20321214,1,False,0,0,1.0,1.0,1.0,1.0,1.0,11.63650000000871
fp_theta200_alpha0p05,false_positive,200.0,0.0,0.05,95,20321215,1,False,0,0,1.0,1.0,1.0,1.0,1.0,12.058249999995496
fp_theta200_alpha0p05,false_positive,200.0,0.0,0.05,96,20321216,1,False,0,0,1.0,1.0,1.0,1.0,1.0,12.038250000003359
fp_theta200_alpha0p05,false_positive,200.0,0.0,0.05,98,20321218,1,False,0,0,1.0,1.0,1.0,1.0,1.0,12.15195900000765
fp_theta200_alpha0p05,false_positive,200.0,0.0,0.05,97,20321217,1,False,0,0,1.0,1.0,1.0,1.0,1.0,11.785666999998057
