scenario_id,category,theta,rho,alpha,rep_idx,seed,num_partitions,detected,K_true,K_hat,rf1,ppv,tpr,s_triad,j_snp,runtime_ms
power_theta10_rho0,power,10.0,0.0,-1.0,7,20011127,1,False,0,0,1.0,1.0,1.0,1.0,1.0,107.42799999999997
power_theta10_rho0,power,10.0,0.0,-1.0,0,20011120,1,False,0,0,1.0,1.0,1.0,1.0,1.0,109.41308299999997
power_theta10_rho0,power,10.0,0.0,-1.0,2,20011122,1,False,0,0,1.0,1.0,1.0,1.0,1.0,109.9405
power_theta10_rho0,power,10.0,0.0,-1.0,8,20011128,1,False,0,0,1.0,1.0,1.0,1.0,1.0,110.80470799999998
power_theta10_rho0,power,10.0,0.0,-1.0,6,20011126,1,False,0,0,1.0,1.0,1.0,1.0,1.0,110.12945800000007
power_theta10_rho0,power,10.0,0.0,-1.0,5,20011125,1,False,0,0,1.0,1.0,1.0,1.0,1.0,114.6226669999999
power_theta10_rho0,power,10.0,0.0,-1.0,4,20011124,1,False,0,0,1.0,1.0,1.0,1.0,1.0,115.70049999999998
power_theta10_rho0,power,10.0,0.0,-1.0,10,20011130,1,False,0,0,1.0,1.0,1.0,1.0,1.0,116.17970799999999
power_theta10_rho0,power,10.0,0.0,-1.0,11,20011131,1,False,0,0,1.0,1.0,1.0,1.0,1.0,116.38166699999996
power_theta10_rho0,power,10.0,0.0,-1.0,1,20011121,1,False,0,0,1.0,1.0,1.0,1.0,1.0,117.93524999999994
power_theta10_rho0,power,10.0,0.0,-1.0,3,20011123,1,False,0,0,1.0,1.0,1.0,1.0,1.0,118.79925000000003
power_theta10_rho0,power,10.0,0.0,-1.0,9,20011129,1,False,0,0,1.0,1.0,1.0,1.0,1.0,117.26362500000009
power_theta10_rho0,power,10.0,0.0,-1.0,12,20011132,1,False,0,0,1.0,1.0,1.0,1.0,1.0,48.72537499999996
power_theta10_rho0,power,10.0,0.0,-1.0,13,20011133,1,False,0,0,1.0,1.0,1.0,1.0,1.0,49.658792000000005
power_theta10_rho0,power,10.0,0.0,-1.0,14,20011134,1,False,0,0,1.0,1.0,1.0,1.0,1.0,49.64329099999998
power_theta10_rho0,power,10.0,0.0,-1.0,15,20011135,1,False,0,0,1.0,1.0,1.0,1.0,1.0,57.297250000000076
power_theta10_rho0,power,10.0,0.0,-1.0,16,20011136,1,False,0,0,1.0,1.0,1.0,1.0,1.0,56.87258299999998
power_theta10_rho0,power,10.0,0.0,-1.0,20,20011140,1,False,0,0,1.0,1.0,1.0,1.0,1.0,59.746166000000045
power_theta10_rho0,power,10.0,0.0,-1.0,23,20011143,1,False,0,0,1.0,1.0,1.0,1.0,1.0,58.34266700000001
power_theta10_rho0,power,10.0,0.0,-1.0,17,20011137,1,False,0,0,1.0,1.0,1.0,1.0,1.0,60.884416999999914
power_theta10_rho0,power,10.0,0.0,-1.0,21,20011141,1,False,0,0,1.0,1.0,1.0,1.0,1.0,60.9327919999999
power_theta10_rho0,power,10.0,0.0,-1.0,22,20011142,1,False,0,0,1.0,1.0,1.0,1.0,1.0,61.03104100000001
power_theta10_rho0,power,10.0,0.0,-1.0,19,20011139,1,False,0,0,1.0,1.0,1.0,1.0,1.0,63.25787500000002
power_theta10_rho0,power,10.0,0.0,-1.0,18,20011138,1,False,0,0,1.0,1.0,1.0,1.0,1.0,62.87391600000003
power_theta10_rho0,power,10.0,0.0,-1.0,24,20011144,1,False,0,0,1.0,1.0,1.0,1.0,1.0,24.807000000000023
power_theta10_rho0,power,10.0,0.0,-1.0,25,20011145,1,False,0,0,1.0,1.0,1.0,1.0,1.0,28.416832999999976
power_theta10_rho0,power,10.0,0.0,-1.0,26,20011146,1,False,0,0,1.0,1.0,1.0,1.0,1.0,28.252500000000012
power_theta10_rho0,power,10.0,0.0,-1.0,27,20011147,1,False,0,0,1.0,1.0,1.0,1.0,1.0,33.69504100000009
power_theta10_rho0,power,10.0,0.0,-1.0,28,20011148,1,False,0,0,1.0,1.0,1.0,1.0,1.0,33.26741600000005
power_theta10_rho0,power,10.0,0.0,-1.0,32,20011152,1,False,0,0,1.0,1.0,1.0,1.0,1.0,59.49058299999999
power_theta10_rho0,power,10.0,0.0,-1.0,31,20011151,1,False,0,0,1.0,1.0,1.0,1.0,1.0,60.04995800000002
power_theta10_rho0,power,10.0,0.0,-1.0,30,20011150,1,False,0,0,1.0,1.0,1.0,1.0,1.0,60.16095799999999
power_theta10_rho0,power,10.0,0.0,-1.0,35,20011155,1,False,0,0,1.0,1.0,1.0,1.0,1.0,60.14916700000006
power_theta10_rho0,power,10.0,0.0,-1.0,34,20011154,1,False,0,0,1.0,1.0,1.0,1.0,1.0,61.23479200000004
power_theta10_rho0,power,10.0,0.0,-1.0,29,20011149,1,False,0,0,1.0,1.0,1.0,1.0,1.0,62.39374999999991
power_theta10_rho0,power,10.0,0.0,-1.0,33,20011153,1,False,0,0,1.0,1.0,1.0,1.0,1.0,63.450334
power_theta10_rho0,power,10.0,0.0,-1.0,36,20011156,1,False,0,0,1.0,1.0,1.0,1.0,1.0,57.61704200000006
power_theta10_rho0,power,10.0,0.0,-1.0,37,20011157,1,False,0,0,1.0,1.0,1.0,1.0,1.0,54.170124999999956
power_theta10_rho0,power,10.0,0.0,-1.0,38,20011158,1,False,0,0,1.0,1.0,1.0,1.0,1.0,55.05541699999994
power_theta10_rho0,power,10.0,0.0,-1.0,39,20011159,1,False,0,0,1.0,1.0,1.0,1.0,1.0,44.07345899999993
power_theta10_rho0,power,10.0,0.0,-1.0,40,20011160,1,False,0,0,1.0,1.0,1.0,1.0,1.0,44.37237500000002
power_theta10_rho0,power,10.0,0.0,-1.0,41,20011161,1,False,0,0,1.0,1.0,1.0,1.0,1.0,58.71520799999996
power_theta10_rho0,power,10.0,0.0,-1.0,43,20011163,1,False,0,0,1.0,1.0,1.0,1.0,1.0,58.12091599999991
power_theta10_rho0,power,10.0,0.0,-1.0,42,20011162,1,False,0,0,1.0,1.0,1.0,1.0,1.0,60.97554099999991
power_theta10_rho0,power,10.0,0.0,-1.0,46,20011166,1,False,0,0,1.0,1.0,1.0,1.0,1.0,61.84604199999999
power_theta10_rho0,power,10.0,0.0,-1.0,45,20011165,1,False,0,0,1.0,1.0,1.0,1.0,1.0,63.12483299999994
power_theta10_rho0,power,10.0,0.0,-1.0,44,20011164,1,False,0,0,1.0,1.0,1.0,1.0,1.0,63.42883300000002
power_theta10_rho0,power,10.0,0.0,-1.0,47,20011167,1,False,0,0,1.0,1.0,1.0,1.0,1.0,63.85099999999999
power_theta10_rho0,power,10.0,0.0,-1.0,50,20011170,1,False,0,0,1.0,1.0,1.0,1.0,1.0,60.26808400000006
power_theta10_rho0,power,10.0,0.0,-1.0,51,20011171,1,False,0,0,1.0,1.0,1.0,1.0,1.0,59.52037499999996
power_theta10_rho0,power,10.0,0.0,-1.0,49,20011169,1,False,0,0,1.0,1.0,1.0,1.0,1.0,61.389000000000024
power_theta10_rho0,power,10.0,0.0,-1.0,48,20011168,1,False,0,0,1.0,1.0,1.0,1.0,1.0,62.05050000000001
power_theta10_rho0,power,10.0,0.0,-1.0,52,20011172,1,False,0,0,1.0,1.0,1.0,1.0,1.0,59.94529199999998
power_theta10_rho0,power,10.0,0.0,-1.0,53,20011173,1,False,0,0,1.0,1.0,1.0,1.0,1.0,43.97591599999995
power_theta10_rho0,power,10.0,0.0,-1.0,54,20011174,1,False,0,0,1.0,1.0,1.0,1.0,1.0,48.15950000000002
power_theta10_rho0,power,10.0,0.0,-1.0,55,20011175,1,False,0,0,1.0,1.0,1.0,1.0,1.0,56.43283300000002
power_theta10_rho0,power,10.0,0.0,-1.0,58,20011178,1,False,0,0,1.0,1.0,1.0,1.0,1.0,57.44774999999991
power_theta10_rho0,power,10.0,0.0,-1.0,56,20011176,1,False,0,0,1.0,1.0,1.0,1.0,1.0,58.11691699999999
power_theta10_rho0,power,10.0,0.0,-1.0,57,20011177,1,False,0,0,1.0,1.0,1.0,1.0,1.0,56.585833000000086
power_theta10_rho0,power,10.0,0.0,-1.0,59,20011179,1,False,0,0,1.0,1.0,1.0,1.0,1.0,60.076249999999945
power_theta10_rho0,power,10.0,0.0,-1.0,64,20011184,1,False,0,0,1.0,1.0,1.0,1.0,1.0,58.766834000000046
power_theta10_rho0,power,10.0,0.0,-1.0,63,20011183,1,False,0,0,1.0,1.0,1.0,1.0,1.0,60.038416999999896
power_theta10_rho0,power,10.0,0.0,-1.0,62,20011182,1,False,0,0,1.0,1.0,1.0,1.0,1.0,60.30208299999995
power_theta10_rho0,power,10.0,0.0,-1.0,61,20011181,1,False,0,0,1.0,1.0,1.0,1.0,1.0,61.015417000000014
power_theta10_rho0,power,10.0,0.0,-1.0,60,20011180,1,False,0,0,1.0,1.0,1.0,1.0,1.0,61.48962499999999
power_theta10_rho0,power,10.0,0.0,-1.0,65,20011185,1,False,0,0,1.0,1.0,1.0,1.0,1.0,31.934165999999987
power_theta10_rho0,power,10.0,0.0,-1.0,66,20011186,1,False,0,0,1.0,1.0,1.0,1.0,1.0,29.48458399999998
power_theta10_rho0,power,10.0,0.0,-1.0,67,20011187,1,False,0,0,1.0,1.0,1.0,1.0,1.0,45.43795900000003
power_theta10_rho0,power,10.0,0.0,-1.0,69,20011189,1,False,0,0,1.0,1.0,1.0,1.0,1.0,48.390540999999956
power_theta10_rho0,power,10.0,0.0,-1.0,68,20011188,1,False,0,0,1.0,1.0,1.0,1.0,1.0,48.293417000000005
power_theta10_rho0,power,10.0,0.0,-1.0,70,20011190,1,False,0,0,1.0,1.0,1.0,1.0,1.0,49.054833000000016
power_theta10_rho0,power,10.0,0.0,-1.0,71,20011191,1,False,0,0,1.0,1.0,1.0,1.0,1.0,57.10995899999993
power_theta10_rho0,power,10.0,0.0,-1.0,76,20011196,1,False,0,0,1.0,1.0,1.0,1.0,1.0,58.34091699999999
power_theta10_rho0,power,10.0,0.0,-1.0,75,20011195,1,False,0,0,1.0,1.0,1.0,1.0,1.0,59.878584000000124
power_theta10_rho0,power,10.0,0.0,-1.0,72,20011192,1,False,0,0,1.0,1.0,1.0,1.0,1.0,60.33624999999998
power_theta10_rho0,power,10.0,0.0,-1.0,73,20011193,1,False,0,0,1.0,1.0,1.0,1.0,1.0,60.745292000000006
power_theta10_rho0,power,10.0,0.0,-1.0,74,20011194,1,False,0,0,1.0,1.0,1.0,1.0,1.0,59.19637499999997
power_theta10_rho0,power,10.0,0.0,-1.0,78,20011198,1,False,0,0,1.0,1.0,1.0,1.0,1.0,54.71674999999998
power_theta10_rho0,power,10.0,0.0,-1.0,77,20011197,1,False,0,0,1.0,1.0,1.0,1.0,1.0,55.3438329999999
power_theta10_rho0,power,10.0,0.0,-1.0,79,20011199,1,False,0,0,1.0,1.0,1.0,1.0,1.0,37.765625000000135
power_theta10_rho0,power,10.0,0.0,-1.0,81,20011201,1,False,0,0,1.0,1.0,1.0,1.0,1.0,36.07399999999994
power_theta10_rho0,power,10.0,0.0,-1.0,80,20011200,1,False,0,0,1.0,1.0,1.0,1.0,1.0,37.16241600000014
power_theta10_rho0,power,10.0,0.0,-1.0,82,20011202,1,False,0,0,1.0,1.0,1.0,1.0,1.0,37.34812499999984
power_theta10_rho0,power,10.0,0.0,-1.0,83,20011203,1,False,0,0,1.0,1.0,1.0,1.0,1.0,53.14070900000001
power_theta10_rho0,power,10.0,0.0,-1.0,87,20011207,1,False,0,0,1.0,1.0,1.0,1.0,1.0,55.42829100000013
power_theta10_rho0,power,10.0,0.0,-1.0,85,20011205,1,False,0,0,1.0,1.0,1.0,1.0,1.0,59.67287500000018
power_theta10_rho0,power,10.0,0.0,-1.0,86,20011206,1,False,0,0,1.0,1.0,1.0,1.0,1.0,58.16420900000008
power_theta10_rho0,power,10.0,0.0,-1.0,88,20011208,1,False,0,0,1.0,1.0,1.0,1.0,1.0,56.41083400000002
power_theta10_rho0,power,10.0,0.0,-1.0,84,20011204,1,False,0,0,1.0,1.0,1.0,1.0,1.0,61.013333
power_theta10_rho0,power,10.0,0.0,-1.0,90,20011210,1,False,0,0,1.0,1.0,1.0,1.0,1.0,58.24125000000002
power_theta10_rho0,power,10.0,0.0,-1.0,89,20011209,1,False,0,0,1.0,1.0,1.0,1.0,1.0,58.381165999999986
power_theta10_rho0,power,10.0,0.0,-1.0,91,20011211,1,False,0,0,1.0,1.0,1.0,1.0,1.0,52.38654099999995
power_theta10_rho0,power,10.0,0.0,-1.0,92,20011212,1,False,0,0,1.0,1.0,1.0,1.0,1.0,51.00708399999987
power_theta10_rho0,power,10.0,0.0,-1.0,94,20011214,1,False,0,0,1.0,1.0,1.0,1.0,1.0,46.47612500000009
power_theta10_rho0,power,10.0,0.0,-1.0,93,20011213,1,False,0,0,1.0,1.0,1.0,1.0,1.0,50.21349999999991
power_theta10_rho0,power,10.0,0.0,-1.0,95,20011215,1,False,0,0,1.0,1.0,1.0,1.0,1.0,26.154375000000172
power_theta10_rho0,power,10.0,0.0,-1.0,96,20011216,1,False,0,0,1.0,1.0,1.0,1.0,1.0,29.047542000000036
power_theta10_rho0,power,10.0,0.0,-1.0,97,20011217,1,False,0,0,1.0,1.0,1.0,1.0,1.0,30.184583000000043
power_theta10_rho0,power,10.0,0.0,-1.0,98,20011218,1,False,0,0,1.0,1.0,1.0,1.0,1.0,30.353041999999995
power_theta10_rho0,power,10.0,0.0,-1.0,99,20011219,1,False,0,0,1.0,1.0,1.0,1.0,1.0,30.51245800000002
power_theta10_rho1,power,10.0,1.0,-1.0,1,20021121,3,False,3,0,0.0,0.0,0.0,0.0,0.0,26.621790999999952
power_theta10_rho1,power,10.0,1.0,-1.0,0,20021120,4,False,0,0,1.0,1.0,1.0,1.0,1.0,26.183292000000023
power_theta10_rho1,power,10.0,1.0,-1.0,4,20021124,2,False,1,0,0.0,0.0,0.0,0.0,0.0,26.165707999999952
power_theta10_rho1,power,10.0,1.0,-1.0,2,20021122,6,False,0,0,1.0,1.0,1.0,1.0,1.0,30.318540999999975
power_theta10_rho1,power,10.0,1.0,-1.0,5,20021125,5,False,1,0,0.0,0.0,0.0,0.0,0.0,32.293292000000086
power_theta10_rho1,power,10.0,1.0,-1.0,6,20021126,5,False,2,0,0.0,0.0,0.0,0.0,0.0,34.47958299999998
power_theta10_rho1,power,10.0,1.0,-1.0,7,20021127,3,False,0,0,1.0,1.0,1.0,1.0,1.0,61.84283300000004
power_theta10_rho1,power,10.0,1.0,-1.0,9,20021129,2,False,1,0,0.0,0.0,0.0,0.0,0.0,83.15787500000016
power_theta10_rho1,power,10.0,1.0,-1.0,3,20021123,7,False,5,0,0.0,0.0,0.0,0.0,0.0,57.655208999999985
power_theta10_rho1,power,10.0,1.0,-1.0,10,20021130,4,False,0,0,1.0,1.0,1.0,1.0,1.0,75.21979099999987
power_theta10_rho1,power,10.0,1.0,-1.0,12,20021132,2,False,0,0,1.0,1.0,1.0,1.0,1.0,101.64170800000005
power_theta10_rho1,power,10.0,1.0,-1.0,8,20021128,10,False,0,0,1.0,1.0,1.0,1.0,1.0,79.49995900000006
power_theta10_rho1,power,10.0,1.0,-1.0,15,20021135,5,False,1,0,0.0,0.0,0.0,0.0,0.0,64.93883300000003
power_theta10_rho1,power,10.0,1.0,-1.0,13,20021133,3,False,0,0,1.0,1.0,1.0,1.0,1.0,101.82891699999996
power_theta10_rho1,power,10.0,1.0,-1.0,14,20021134,7,False,3,0,0.0,0.0,0.0,0.0,0.0,65.17020800000006
power_theta10_rho1,power,10.0,1.0,-1.0,11,20021131,9,False,1,0,0.0,0.0,0.0,0.0,0.0,81.55879200000004
power_theta10_rho1,power,10.0,1.0,-1.0,17,20021137,2,False,1,0,0.0,0.0,0.0,0.0,0.0,47.73441700000003
power_theta10_rho1,power,10.0,1.0,-1.0,16,20021136,4,False,0,0,1.0,1.0,1.0,1.0,1.0,47.717666999999906
power_theta10_rho1,power,10.0,1.0,-1.0,18,20021138,1,False,0,0,1.0,1.0,1.0,1.0,1.0,37.65391699999987
power_theta10_rho1,power,10.0,1.0,-1.0,19,20021139,3,False,0,0,1.0,1.0,1.0,1.0,1.0,30.004458999999926
power_theta10_rho1,power,10.0,1.0,-1.0,21,20021141,5,False,1,0,0.0,0.0,0.0,0.0,0.0,24.188833000000187
power_theta10_rho1,power,10.0,1.0,-1.0,20,20021140,6,False,0,0,1.0,1.0,1.0,1.0,1.0,21.091791000000136
power_theta10_rho1,power,10.0,1.0,-1.0,24,20021144,4,False,4,0,0.0,0.0,0.0,0.0,0.0,21.79599999999993
power_theta10_rho1,power,10.0,1.0,-1.0,22,20021142,6,False,0,0,1.0,1.0,1.0,1.0,1.0,22.823957999999813
power_theta10_rho1,power,10.0,1.0,-1.0,25,20021145,4,False,0,0,1.0,1.0,1.0,1.0,1.0,38.6626670000001
power_theta10_rho1,power,10.0,1.0,-1.0,23,20021143,5,False,2,0,0.0,0.0,0.0,0.0,0.0,38.64475
power_theta10_rho1,power,10.0,1.0,-1.0,27,20021147,5,False,1,0,0.0,0.0,0.0,0.0,0.0,41.81483300000011
power_theta10_rho1,power,10.0,1.0,-1.0,29,20021149,4,False,0,0,1.0,1.0,1.0,1.0,1.0,42.94416600000006
power_theta10_rho1,power,10.0,1.0,-1.0,28,20021148,4,False,1,0,0.0,0.0,0.0,0.0,0.0,42.85066599999987
power_theta10_rho1,power,10.0,1.0,-1.0,26,20021146,5,False,2,0,0.0,0.0,0.0,0.0,0.0,42.85454199999994
power_theta10_rho1,power,10.0,1.0,-1.0,30,20021150,4,False,0,0,1.0,1.0,1.0,1.0,1.0,42.077874999999935
power_theta10_rho1,power,10.0,1.0,-1.0,31,20021151,6,False,4,0,0.0,0.0,0.0,0.0,0.0,38.97504100000005
power_theta10_rho1,power,10.0,1.0,-1.0,33,20021153,6,False,0,0,1.0,1.0,1.0,1.0,1.0,29.358875000000005
power_theta10_rho1,power,10.0,1.0,-1.0,35,20021155,2,False,0,0,1.0,1.0,1.0,1.0,1.0,22.14274999999999
power_theta10_rho1,power,10.0,1.0,-1.0,32,20021152,10,True,4,2,0.0038213476108130092,0.005732021416219515,0.0028660107081097575,0.1785124594440334,0.016129032258064516,21.763583000000033
power_theta10_rho1,power,10.0,1.0,-1.0,34,20021154,10,False,2,0,0.0,0.0,0.0,0.0,0.0,23.254584000000023
power_theta10_rho1,power,10.0,1.0,-1.0,38,20021158,1,False,0,0,1.0,1.0,1.0,1.0,1.0,27.621125000000024
power_theta10_rho1,power,10.0,1.0,-1.0,37,20021157,3,False,2,0,0.0,0.0,0.0,0.0,0.0,29.79912500000004
power_theta10_rho1,power,10.0,1.0,-1.0,36,20021156,4,False,2,0,0.0,0.0,0.0,0.0,0.0,28.445207999999944
power_theta10_rho1,power,10.0,1.0,-1.0,43,20021163,1,False,0,0,1.0,1.0,1.0,1.0,1.0,36.09791699999998
power_theta10_rho1,power,10.0,1.0,-1.0,40,20021160,5,False,0,0,1.0,1.0,1.0,1.0,1.0,40.711583
power_theta10_rho1,power,10.0,1.0,-1.0,45,20021165,1,False,0,0,1.0,1.0,1.0,1.0,1.0,38.71308299999998
power_theta10_rho1,power,10.0,1.0,-1.0,44,20021164,1,False,0,0,1.0,1.0,1.0,1.0,1.0,40.72954200000001
power_theta10_rho1,power,10.0,1.0,-1.0,41,20021161,4,False,0,0,1.0,1.0,1.0,1.0,1.0,41.55195899999997
power_theta10_rho1,power,10.0,1.0,-1.0,42,20021162,5,False,0,0,1.0,1.0,1.0,1.0,1.0,42.39241700000007
power_theta10_rho1,power,10.0,1.0,-1.0,39,20021159,7,False,1,0,0.0,0.0,0.0,0.0,0.0,37.76366699999989
power_theta10_rho1,power,10.0,1.0,-1.0,46,20021166,2,False,0,0,1.0,1.0,1.0,1.0,1.0,33.88808300000012
power_theta10_rho1,power,10.0,1.0,-1.0,48,20021168,2,False,0,0,1.0,1.0,1.0,1.0,1.0,27.952584000000115
power_theta10_rho1,power,10.0,1.0,-1.0,47,20021167,5,False,2,0,0.0,0.0,0.0,0.0,0.0,27.830624999999998
power_theta10_rho1,power,10.0,1.0,-1.0,49,20021169,3,False,1,0,0.0,0.0,0.0,0.0,0.0,27.43929199999995
power_theta10_rho1,power,10.0,1.0,-1.0,50,20021170,4,False,0,0,1.0,1.0,1.0,1.0,1.0,25.41029199999989
power_theta10_rho1,power,10.0,1.0,-1.0,52,20021172,1,False,0,0,1.0,1.0,1.0,1.0,1.0,21.704000000000168
power_theta10_rho1,power,10.0,1.0,-1.0,55,20021175,2,False,0,0,1.0,1.0,1.0,1.0,1.0,19.954999999999945
power_theta10_rho1,power,10.0,1.0,-1.0,56,20021176,3,False,1,0,0.0,0.0,0.0,0.0,0.0,30.518666999999944
power_theta10_rho1,power,10.0,1.0,-1.0,51,20021171,7,True,1,2,0.0,0.0,0.0,0.00021972596413055327,0.0,38.47833299999981
power_theta10_rho1,power,10.0,1.0,-1.0,57,20021177,3,False,0,0,1.0,1.0,1.0,1.0,1.0,41.64120800000015
power_theta10_rho1,power,10.0,1.0,-1.0,58,20021178,3,False,3,0,0.0,0.0,0.0,0.0,0.0,43.998334000000085
power_theta10_rho1,power,10.0,1.0,-1.0,53,20021173,7,False,1,0,0.0,0.0,0.0,0.0,0.0,46.29349999999999
power_theta10_rho1,power,10.0,1.0,-1.0,60,20021180,2,False,0,0,1.0,1.0,1.0,1.0,1.0,47.599416000000176
power_theta10_rho1,power,10.0,1.0,-1.0,59,20021179,2,False,1,0,0.0,0.0,0.0,0.0,0.0,46.70041600000019
power_theta10_rho1,power,10.0,1.0,-1.0,54,20021174,10,False,4,0,0.0,0.0,0.0,0.0,0.0,47.685792000000006
power_theta10_rho1,power,10.0,1.0,-1.0,62,20021182,3,False,1,0,0.0,0.0,0.0,0.0,0.0,46.2968749999999
power_theta10_rho1,power,10.0,1.0,-1.0,61,20021181,3,False,0,0,1.0,1.0,1.0,1.0,1.0,45.30270799999991
power_theta10_rho1,power,10.0,1.0,-1.0,63,20021183,5,False,0,0,1.0,1.0,1.0,1.0,1.0,31.04170899999992
power_theta10_rho1,power,10.0,1.0,-1.0,64,20021184,4,False,0,0,1.0,1.0,1.0,1.0,1.0,31.302707999999903
power_theta10_rho1,power,10.0,1.0,-1.0,65,20021185,3,False,0,0,1.0,1.0,1.0,1.0,1.0,21.36629199999995
power_theta10_rho1,power,10.0,1.0,-1.0,68,20021188,2,False,0,0,1.0,1.0,1.0,1.0,1.0,29.388250000000006
power_theta10_rho1,power,10.0,1.0,-1.0,67,20021187,3,False,1,0,0.0,0.0,0.0,0.0,0.0,28.618250000000067
power_theta10_rho1,power,10.0,1.0,-1.0,66,20021186,5,False,2,0,0.0,0.0,0.0,0.0,0.0,40.33574999999989
power_theta10_rho1,power,10.0,1.0,-1.0,72,20021192,1,False,0,0,1.0,1.0,1.0,1.0,1.0,49.02112500000011
power_theta10_rho1,power,10.0,1.0,-1.0,70,20021190,3,False,0,0,1.0,1.0,1.0,1.0,1.0,49.84691699999999
power_theta10_rho1,power,10.0,1.0,-1.0,69,20021189,4,False,2,0,0.0,0.0,0.0,0.0,0.0,52.38449999999983
power_theta10_rho1,power,10.0,1.0,-1.0,74,20021194,1,False,0,0,1.0,1.0,1.0,1.0,1.0,50.94675000000004
power_theta10_rho1,power,10.0,1.0,-1.0,75,20021195,2,False,0,0,1.0,1.0,1.0,1.0,1.0,52.0501659999999
power_theta10_rho1,power,10.0,1.0,-1.0,71,20021191,4,False,1,0,0.0,0.0,0.0,0.0,0.0,52.5793750000001
power_theta10_rho1,power,10.0,1.0,-1.0,76,20021196,3,False,1,0,0.0,0.0,0.0,0.0,0.0,47.153250000000035
power_theta10_rho1,power,10.0,1.0,-1.0,73,20021193,4,False,0,0,1.0,1.0,1.0,1.0,1.0,50.217625000000155
power_theta10_rho1,power,10.0,1.0,-1.0,77,20021197,5,False,2,0,0.0,0.0,0.0,0.0,0.0,39.03145900000005
power_theta10_rho1,power,10.0,1.0,-1.0,79,20021199,2,False,0,0,1.0,1.0,1.0,1.0,1.0,32.101291999999894
power_theta10_rho1,power,10.0,1.0,-1.0,78,20021198,3,False,0,0,1.0,1.0,1.0,1.0,1.0,31.41091600000001
power_theta10_rho1,power,10.0,1.0,-1.0,80,20021200,2,False,0,0,1.0,1.0,1.0,1.0,1.0,21.921583999999996
power_theta10_rho1,power,10.0,1.0,-1.0,84,20021204,1,False,0,0,1.0,1.0,1.0,1.0,1.0,21.336916000000095
power_theta10_rho1,power,10.0,1.0,-1.0,82,20021202,6,False,2,0,0.0,0.0,0.0,0.0,0.0,47.61841600000017
power_theta10_rho1,power,10.0,1.0,-1.0,86,20021206,4,False,0,0,1.0,1.0,1.0,1.0,1.0,51.52029199999997
power_theta10_rho1,power,10.0,1.0,-1.0,83,20021203,5,False,2,0,0.0,0.0,0.0,0.0,0.0,51.97770800000012
power_theta10_rho1,power,10.0,1.0,-1.0,81,20021201,6,False,0,0,1.0,1.0,1.0,1.0,1.0,54.47524999999986
power_theta10_rho1,power,10.0,1.0,-1.0,85,20021205,4,False,1,0,0.0,0.0,0.0,0.0,0.0,58.31737499999989
power_theta10_rho1,power,10.0,1.0,-1.0,87,20021207,4,False,1,0,0.0,0.0,0.0,0.0,0.0,57.334541999999985
power_theta10_rho1,power,10.0,1.0,-1.0,90,20021210,1,False,0,0,1.0,1.0,1.0,1.0,1.0,58.26420799999998
power_theta10_rho1,power,10.0,1.0,-1.0,89,20021209,3,False,0,0,1.0,1.0,1.0,1.0,1.0,56.570583999999926
power_theta10_rho1,power,10.0,1.0,-1.0,92,20021212,2,False,1,0,0.0,0.0,0.0,0.0,0.0,52.09350000000001
power_theta10_rho1,power,10.0,1.0,-1.0,88,20021208,7,False,4,0,0.0,0.0,0.0,0.0,0.0,54.36358299999999
power_theta10_rho1,power,10.0,1.0,-1.0,91,20021211,5,False,1,0,0.0,0.0,0.0,0.0,0.0,48.39570800000015
power_theta10_rho1,power,10.0,1.0,-1.0,93,20021213,5,False,1,0,0.0,0.0,0.0,0.0,0.0,33.98816699999996
power_theta10_rho1,power,10.0,1.0,-1.0,97,20021217,1,False,0,0,1.0,1.0,1.0,1.0,1.0,25.915624999999885
power_theta10_rho1,power,10.0,1.0,-1.0,95,20021215,1,False,0,0,1.0,1.0,1.0,1.0,1.0,26.69870899999993
power_theta10_rho1,power,10.0,1.0,-1.0,94,20021214,3,False,0,0,1.0,1.0,1.0,1.0,1.0,27.578790999999825
power_theta10_rho1,power,10.0,1.0,-1.0,96,20021216,2,False,1,0,0.0,0.0,0.0,0.0,0.0,24.27929200000012
power_theta10_rho1,power,10.0,1.0,-1.0,98,20021218,5,False,0,0,1.0,1.0,1.0,1.0,1.0,20.155124999999828
power_theta10_rho1,power,10.0,1.0,-1.0,99,20021219,7,False,0,0,1.0,1.0,1.0,1.0,1.0,19.56525000000009
power_theta10_rho4,power,10.0,4.0,-1.0,3,20031123,7,False,7,0,0.0,0.0,0.0,0.0,0.0,23.65629200000008
power_theta10_rho4,power,10.0,4.0,-1.0,1,20031121,10,False,3,0,0.0,0.0,0.0,0.0,0.0,26.246208000000102
power_theta10_rho4,power,10.0,4.0,-1.0,0,20031120,9,False,0,0,1.0,1.0,1.0,1.0,1.0,25.813083999999932
power_theta10_rho4,power,10.0,4.0,-1.0,4,20031124,10,False,0,0,1.0,1.0,1.0,1.0,1.0,22.99112499999989
power_theta10_rho4,power,10.0,4.0,-1.0,5,20031125,11,False,5,0,0.0,0.0,0.0,0.0,0.0,21.36899999999997
power_theta10_rho4,power,10.0,4.0,-1.0,9,20031129,8,False,1,0,0.0,0.0,0.0,0.0,0.0,20.96737500000012
power_theta10_rho4,power,10.0,4.0,-1.0,2,20031122,18,False,7,0,0.0,0.0,0.0,0.0,0.0,19.688042000000074
power_theta10_rho4,power,10.0,4.0,-1.0,7,20031127,13,False,7,0,0.0,0.0,0.0,0.0,0.0,19.99200000000001
power_theta10_rho4,power,10.0,4.0,-1.0,6,20031126,15,False,1,0,0.0,0.0,0.0,0.0,0.0,21.85862500000013
power_theta10_rho4,power,10.0,4.0,-1.0,10,20031130,13,False,1,0,0.0,0.0,0.0,0.0,0.0,26.9053749999999
power_theta10_rho4,power,10.0,4.0,-1.0,12,20031132,7,False,0,0,1.0,1.0,1.0,1.0,1.0,28.076583999999905
power_theta10_rho4,power,10.0,4.0,-1.0,8,20031128,15,False,6,0,0.0,0.0,0.0,0.0,0.0,27.977249999999955
power_theta10_rho4,power,10.0,4.0,-1.0,14,20031134,8,False,0,0,1.0,1.0,1.0,1.0,1.0,27.566792000000007
power_theta10_rho4,power,10.0,4.0,-1.0,11,20031131,12,False,0,0,1.0,1.0,1.0,1.0,1.0,27.215875
power_theta10_rho4,power,10.0,4.0,-1.0,16,20031136,9,False,8,0,0.0,0.0,0.0,0.0,0.0,23.21033299999997
power_theta10_rho4,power,10.0,4.0,-1.0,15,20031135,11,False,2,0,0.0,0.0,0.0,0.0,0.0,26.184458000000134
power_theta10_rho4,power,10.0,4.0,-1.0,17,20031137,6,False,2,0,0.0,0.0,0.0,0.0,0.0,24.004958999999992
power_theta10_rho4,power,10.0,4.0,-1.0,13,20031133,17,False,4,0,0.0,0.0,0.0,0.0,0.0,23.156916999999886
power_theta10_rho4,power,10.0,4.0,-1.0,18,20031138,10,False,7,0,0.0,0.0,0.0,0.0,0.0,23.683291999999856
power_theta10_rho4,power,10.0,4.0,-1.0,23,20031143,7,False,0,0,1.0,1.0,1.0,1.0,1.0,20.282208999999884
power_theta10_rho4,power,10.0,4.0,-1.0,19,20031139,11,False,10,0,0.0,0.0,0.0,0.0,0.0,22.413792000000043
power_theta10_rho4,power,10.0,4.0,-1.0,28,20031148,5,False,5,0,0.0,0.0,0.0,0.0,0.0,27.444625000000002
power_theta10_rho4,power,10.0,4.0,-1.0,20,20031140,14,True,3,4,0.0004257229623255992,0.0003725075920348993,0.0004966767893798658,0.03741994249293366,0.1111111111111111,28.368041000000012
power_theta10_rho4,power,10.0,4.0,-1.0,24,20031144,13,False,11,0,0.0,0.0,0.0,0.0,0.0,31.10591600000001
power_theta10_rho4,power,10.0,4.0,-1.0,21,20031141,15,False,3,0,0.0,0.0,0.0,0.0,0.0,30.17066700000015
power_theta10_rho4,power,10.0,4.0,-1.0,26,20031146,9,False,0,0,1.0,1.0,1.0,1.0,1.0,30.435541999999984
power_theta10_rho4,power,10.0,4.0,-1.0,27,20031147,7,False,1,0,0.0,0.0,0.0,0.0,0.0,33.11129099999999
power_theta10_rho4,power,10.0,4.0,-1.0,25,20031145,15,True,4,2,0.012198363519341435,0.018297545279012152,0.009148772639506076,0.07207076272715797,0.4782608695652174,24.929417000000065
power_theta10_rho4,power,10.0,4.0,-1.0,31,20031151,7,False,5,0,0.0,0.0,0.0,0.0,0.0,19.827250000000074
power_theta10_rho4,power,10.0,4.0,-1.0,32,20031152,10,False,2,0,0.0,0.0,0.0,0.0,0.0,23.044375000000006
power_theta10_rho4,power,10.0,4.0,-1.0,22,20031142,24,False,7,0,0.0,0.0,0.0,0.0,0.0,22.680749999999918
power_theta10_rho4,power,10.0,4.0,-1.0,30,20031150,17,False,4,0,0.0,0.0,0.0,0.0,0.0,27.063832999999924
power_theta10_rho4,power,10.0,4.0,-1.0,34,20031154,10,False,4,0,0.0,0.0,0.0,0.0,0.0,31.10295900000004
power_theta10_rho4,power,10.0,4.0,-1.0,35,20031155,7,False,0,0,1.0,1.0,1.0,1.0,1.0,32.77675000000002
power_theta10_rho4,power,10.0,4.0,-1.0,37,20031157,9,False,0,0,1.0,1.0,1.0,1.0,1.0,31.973333000000046
power_theta10_rho4,power,10.0,4.0,-1.0,33,20031153,10,False,3,0,0.0,0.0,0.0,0.0,0.0,34.32391699999982
power_theta10_rho4,power,10.0,4.0,-1.0,36,20031156,9,False,4,0,0.0,0.0,0.0,0.0,0.0,30.275999999999968
power_theta10_rho4,power,10.0,4.0,-1.0,29,20031149,19,False,7,0,0.0,0.0,0.0,0.0,0.0,30.6905420000001
power_theta10_rho4,power,10.0,4.0,-1.0,39,20031159,13,False,0,0,1.0,1.0,1.0,1.0,1.0,20.168042000000106
power_theta10_rho4,power,10.0,4.0,-1.0,41,20031161,12,False,6,0,0.0,0.0,0.0,0.0,0.0,24.3002080000001
power_theta10_rho4,power,10.0,4.0,-1.0,40,20031160,16,True,4,3,0.0009214162847491097,0.001074985665540628,0.0008062392491554709,0.034379322391273774,0.07407407407407407,24.96649999999989
power_theta10_rho4,power,10.0,4.0,-1.0,47,20031167,7,False,3,0,0.0,0.0,0.0,0.0,0.0,24.71533399999992
power_theta10_rho4,power,10.0,4.0,-1.0,43,20031163,10,False,6,0,0.0,0.0,0.0,0.0,0.0,27.137958000000182
power_theta10_rho4,power,10.0,4.0,-1.0,46,20031166,9,False,4,0,0.0,0.0,0.0,0.0,0.0,26.144791999999974
power_theta10_rho4,power,10.0,4.0,-1.0,38,20031158,26,False,3,0,0.0,0.0,0.0,0.0,0.0,20.54445800000004
power_theta10_rho4,power,10.0,4.0,-1.0,42,20031162,17,True,9,1,0.0,0.0,0.0,0.027395332205645197,0.0,22.912582999999877
power_theta10_rho4,power,10.0,4.0,-1.0,50,20031170,8,False,2,0,0.0,0.0,0.0,0.0,0.0,20.43391700000008
power_theta10_rho4,power,10.0,4.0,-1.0,51,20031171,4,False,0,0,1.0,1.0,1.0,1.0,1.0,23.625417000000315
power_theta10_rho4,power,10.0,4.0,-1.0,45,20031165,16,False,10,0,0.0,0.0,0.0,0.0,0.0,25.976
power_theta10_rho4,power,10.0,4.0,-1.0,52,20031172,4,False,0,0,1.0,1.0,1.0,1.0,1.0,26.35524999999994
power_theta10_rho4,power,10.0,4.0,-1.0,48,20031168,20,True,7,2,0.08282459826113062,0.18635534608754392,0.05324438459644112,0.2795330191313159,0.6666666666666666,21.222999999999992
power_theta10_rho4,power,10.0,4.0,-1.0,54,20031174,7,False,0,0,1.0,1.0,1.0,1.0,1.0,21.601541999999974
power_theta10_rho4,power,10.0,4.0,-1.0,49,20031169,21,False,3,0,0.0,0.0,0.0,0.0,0.0,26.205542000000026
power_theta10_rho4,power,10.0,4.0,-1.0,57,20031177,7,False,2,0,0.0,0.0,0.0,0.0,0.0,25.70500000000031
power_theta10_rho4,power,10.0,4.0,-1.0,55,20031175,10,False,4,0,0.0,0.0,0.0,0.0,0.0,24.56045799999984
power_theta10_rho4,power,10.0,4.0,-1.0,53,20031173,13,False,4,0,0.0,0.0,0.0,0.0,0.0,26.065458000000152
power_theta10_rho4,power,10.0,4.0,-1.0,61,20031181,3,False,0,0,1.0,1.0,1.0,1.0,1.0,24.76849999999997
power_theta10_rho4,power,10.0,4.0,-1.0,58,20031178,11,False,8,0,0.0,0.0,0.0,0.0,0.0,22.659333000000004
power_theta10_rho4,power,10.0,4.0,-1.0,60,20031180,12,False,4,0,0.0,0.0,0.0,0.0,0.0,19.623333999999826
power_theta10_rho4,power,10.0,4.0,-1.0,62,20031182,12,True,1,2,0.0,0.0,0.0,0.004979532607578706,0.0,20.655249999999903
power_theta10_rho4,power,10.0,4.0,-1.0,59,20031179,16,False,2,0,0.0,0.0,0.0,0.0,0.0,24.416333000000012
power_theta10_rho4,power,10.0,4.0,-1.0,63,20031183,9,False,3,0,0.0,0.0,0.0,0.0,0.0,26.12387500000013
power_theta10_rho4,power,10.0,4.0,-1.0,56,20031176,21,False,3,0,0.0,0.0,0.0,0.0,0.0,22.90750000000008
power_theta10_rho4,power,10.0,4.0,-1.0,44,20031164,33,True,5,4,0.02405217762871997,0.027058699832309963,0.02164695986584797,0.03048717402560167,0.8150793650793651,28.58562500000028
power_theta10_rho4,power,10.0,4.0,-1.0,67,20031187,11,False,4,0,0.0,0.0,0.0,0.0,0.0,26.808667000000064
power_theta10_rho4,power,10.0,4.0,-1.0,69,20031189,8,False,0,0,1.0,1.0,1.0,1.0,1.0,29.992458999999805
power_theta10_rho4,power,10.0,4.0,-1.0,64,20031184,13,True,4,1,0.04804097620361694,0.12010244050904235,0.03002561012726059,0.12010244050904235,1.0,29.780458000000287
power_theta10_rho4,power,10.0,4.0,-1.0,65,20031185,13,False,3,0,0.0,0.0,0.0,0.0,0.0,28.531709000000127
power_theta10_rho4,power,10.0,4.0,-1.0,66,20031186,13,False,3,0,0.0,0.0,0.0,0.0,0.0,26.72708299999993
power_theta10_rho4,power,10.0,4.0,-1.0,68,20031188,13,False,8,0,0.0,0.0,0.0,0.0,0.0,19.78408399999987
power_theta10_rho4,power,10.0,4.0,-1.0,71,20031191,10,False,6,0,0.0,0.0,0.0,0.0,0.0,19.068834000000034
power_theta10_rho4,power,10.0,4.0,-1.0,72,20031192,12,False,3,0,0.0,0.0,0.0,0.0,0.0,24.49274999999984
power_theta10_rho4,power,10.0,4.0,-1.0,70,20031190,16,True,4,1,0.17023691839084054,0.4255922959771013,0.10639807399427532,0.4255922959771013,1.0,22.78195900000002
power_theta10_rho4,power,10.0,4.0,-1.0,73,20031193,11,False,0,0,1.0,1.0,1.0,1.0,1.0,23.861457999999836
power_theta10_rho4,power,10.0,4.0,-1.0,74,20031194,14,False,1,0,0.0,0.0,0.0,0.0,0.0,25.470874999999893
power_theta10_rho4,power,10.0,4.0,-1.0,81,20031201,2,False,0,0,1.0,1.0,1.0,1.0,1.0,25.89308300000015
power_theta10_rho4,power,10.0,4.0,-1.0,77,20031197,9,False,0,0,1.0,1.0,1.0,1.0,1.0,26.83683299999995
power_theta10_rho4,power,10.0,4.0,-1.0,80,20031200,7,False,6,0,0.0,0.0,0.0,0.0,0.0,27.02320899999977
power_theta10_rho4,power,10.0,4.0,-1.0,79,20031199,10,False,5,0,0.0,0.0,0.0,0.0,0.0,24.780000000000246
power_theta10_rho4,power,10.0,4.0,-1.0,75,20031195,15,True,9,8,0.03265600954695103,0.03469701014363547,0.030841786794342643,0.2531648017890765,0.139604111920688,26.951500000000017
power_theta10_rho4,power,10.0,4.0,-1.0,78,20031198,13,False,5,0,0.0,0.0,0.0,0.0,0.0,23.60595799999965
power_theta10_rho4,power,10.0,4.0,-1.0,82,20031202,8,False,2,0,0.0,0.0,0.0,0.0,0.0,23.855708000000142
power_theta10_rho4,power,10.0,4.0,-1.0,76,20031196,17,False,4,0,0.0,0.0,0.0,0.0,0.0,19.921166000000046
power_theta10_rho4,power,10.0,4.0,-1.0,90,20031210,9,False,2,0,0.0,0.0,0.0,0.0,0.0,23.885915999999785
power_theta10_rho4,power,10.0,4.0,-1.0,84,20031204,13,True,2,2,0.0009072052036526017,0.0009072052036526017,0.0009072052036526017,0.1407454817023438,0.5,28.811624999999896
power_theta10_rho4,power,10.0,4.0,-1.0,85,20031205,15,False,3,0,0.0,0.0,0.0,0.0,0.0,27.146749999999997
power_theta10_rho4,power,10.0,4.0,-1.0,83,20031203,17,False,6,0,0.0,0.0,0.0,0.0,0.0,28.823790999999765
power_theta10_rho4,power,10.0,4.0,-1.0,91,20031211,9,False,1,0,0.0,0.0,0.0,0.0,0.0,30.066000000000148
power_theta10_rho4,power,10.0,4.0,-1.0,86,20031206,17,True,6,2,0.0,0.0,0.0,0.06635639785343739,0.0,23.27545899999972
power_theta10_rho4,power,10.0,4.0,-1.0,89,20031209,15,False,6,0,0.0,0.0,0.0,0.0,0.0,28.93387500000033
power_theta10_rho4,power,10.0,4.0,-1.0,88,20031208,17,False,13,0,0.0,0.0,0.0,0.0,0.0,32.876375000000294
power_theta10_rho4,power,10.0,4.0,-1.0,87,20031207,16,True,9,3,0.002250241355378027,0.004500482710756054,0.0015001609035853512,0.07199251464358088,0.09803921568627451,123.91187500000012
power_theta10_rho4,power,10.0,4.0,-1.0,97,20031217,8,False,0,0,1.0,1.0,1.0,1.0,1.0,164.5277919999999
power_theta10_rho4,power,10.0,4.0,-1.0,95,20031215,9,False,7,0,0.0,0.0,0.0,0.0,0.0,164.23495799999978
power_theta10_rho4,power,10.0,4.0,-1.0,93,20031213,19,True,6,2,0.1044428563061289,0.2088857126122578,0.0696285708707526,0.4873999960952682,0.42857142857142855,168.80983300000008
power_theta10_rho4,power,10.0,4.0,-1.0,96,20031216,10,False,4,0,0.0,0.0,0.0,0.0,0.0,167.12550000000005
power_theta10_rho4,power,10.0,4.0,-1.0,99,20031219,12,False,2,0,0.0,0.0,0.0,0.0,0.0,149.60883299999983
power_theta10_rho4,power,10.0,4.0,-1.0,98,20031218,13,True,2,2,0.004217467955245498,0.004217467955245498,0.004217467955245498,0.013802622398985267,0.3055555555555555,139.02141700000038
power_theta10_rho4,power,10.0,4.0,-1.0,94,20031214,13,False,2,0,0.0,0.0,0.0,0.0,0.0,204.21729199999962
power_theta10_rho4,power,10.0,4.0,-1.0,92,20031212,26,True,6,1,0.013036928984411498,0.04562925144544024,0.007604875240906707,0.09125850289088049,0.5,130.589917
power_theta10_rho16,power,10.0,16.0,-1.0,8,20041128,30,False,5,0,0.0,0.0,0.0,0.0,0.0,20.900457999999844
power_theta10_rho16,power,10.0,16.0,-1.0,2,20041122,47,False,14,0,0.0,0.0,0.0,0.0,0.0,20.956208999999948
power_theta10_rho16,power,10.0,16.0,-1.0,7,20041127,33,False,6,0,0.0,0.0,0.0,0.0,0.0,20.405457999999932
power_theta10_rho16,power,10.0,16.0,-1.0,4,20041124,38,False,5,0,0.0,0.0,0.0,0.0,0.0,27.00029199999987
power_theta10_rho16,power,10.0,16.0,-1.0,11,20041131,37,False,4,0,0.0,0.0,0.0,0.0,0.0,25.425500000000323
power_theta10_rho16,power,10.0,16.0,-1.0,0,20041120,51,False,12,0,0.0,0.0,0.0,0.0,0.0,27.674041000000038
power_theta10_rho16,power,10.0,16.0,-1.0,10,20041130,49,False,11,0,0.0,0.0,0.0,0.0,0.0,21.262416999999978
power_theta10_rho16,power,10.0,16.0,-1.0,1,20041121,58,False,22,0,0.0,0.0,0.0,0.0,0.0,19.341041000000114
power_theta10_rho16,power,10.0,16.0,-1.0,13,20041133,30,False,17,0,0.0,0.0,0.0,0.0,0.0,19.80650000000006
power_theta10_rho16,power,10.0,16.0,-1.0,3,20041123,56,True,8,2,0.009366057809153365,0.02341514452288341,0.005853786130720852,0.04683028904576682,0.5,21.141040999999916
power_theta10_rho16,power,10.0,16.0,-1.0,5,20041125,52,False,12,0,0.0,0.0,0.0,0.0,0.0,19.861374999999626
power_theta10_rho16,power,10.0,16.0,-1.0,17,20041137,33,False,7,0,0.0,0.0,0.0,0.0,0.0,19.388665999999777
power_theta10_rho16,power,10.0,16.0,-1.0,9,20041129,60,False,11,0,0.0,0.0,0.0,0.0,0.0,19.766249999999985
power_theta10_rho16,power,10.0,16.0,-1.0,6,20041126,61,False,11,0,0.0,0.0,0.0,0.0,0.0,19.84408400000026
power_theta10_rho16,power,10.0,16.0,-1.0,15,20041135,48,False,9,0,0.0,0.0,0.0,0.0,0.0,22.573125000000083
power_theta10_rho16,power,10.0,16.0,-1.0,21,20041141,34,False,5,0,0.0,0.0,0.0,0.0,0.0,23.700915999999683
power_theta10_rho16,power,10.0,16.0,-1.0,14,20041134,52,True,8,2,0.026282503933144966,0.06570625983286242,0.016426564958215605,0.20659716495869734,0.28409090909090906,19.59012499999968
power_theta10_rho16,power,10.0,16.0,-1.0,16,20041136,50,False,29,0,0.0,0.0,0.0,0.0,0.0,18.66954200000004
power_theta10_rho16,power,10.0,16.0,-1.0,18,20041138,44,False,21,0,0.0,0.0,0.0,0.0,0.0,18.50629200000009
power_theta10_rho16,power,10.0,16.0,-1.0,19,20041139,46,False,15,0,0.0,0.0,0.0,0.0,0.0,19.404417000000063
power_theta10_rho16,power,10.0,16.0,-1.0,27,20041147,19,False,6,0,0.0,0.0,0.0,0.0,0.0,31.48133299999989
power_theta10_rho16,power,10.0,16.0,-1.0,22,20041142,49,False,14,0,0.0,0.0,0.0,0.0,0.0,32.64004200000015
power_theta10_rho16,power,10.0,16.0,-1.0,26,20041146,21,False,3,0,0.0,0.0,0.0,0.0,0.0,28.077291000000226
power_theta10_rho16,power,10.0,16.0,-1.0,23,20041143,52,False,10,0,0.0,0.0,0.0,0.0,0.0,25.02612500000012
power_theta10_rho16,power,10.0,16.0,-1.0,12,20041132,75,True,14,4,0.02414201609662303,0.05431953621740183,0.015519867490686236,0.15027764460283968,0.44338578088578084,26.138041999999917
power_theta10_rho16,power,10.0,16.0,-1.0,28,20041148,36,False,8,0,0.0,0.0,0.0,0.0,0.0,19.170209000000327
power_theta10_rho16,power,10.0,16.0,-1.0,29,20041149,29,False,9,0,0.0,0.0,0.0,0.0,0.0,25.198915999999905
power_theta10_rho16,power,10.0,16.0,-1.0,25,20041145,50,False,16,0,0.0,0.0,0.0,0.0,0.0,23.538499999999907
power_theta10_rho16,power,10.0,16.0,-1.0,24,20041144,59,True,9,3,0.013414904499926961,0.026829808999853922,0.008943269666617975,0.10092338004645786,0.2341269841269841,19.675832999999976
power_theta10_rho16,power,10.0,16.0,-1.0,33,20041153,36,False,10,0,0.0,0.0,0.0,0.0,0.0,18.606542000000115
power_theta10_rho16,power,10.0,16.0,-1.0,20,20041140,70,True,19,6,0.0019456755006623035,0.004053490626379799,0.0012800496714883574,0.014652391668210177,0.2435897435897436,18.893042000000193
power_theta10_rho16,power,10.0,16.0,-1.0,31,20041151,44,False,9,0,0.0,0.0,0.0,0.0,0.0,17.656000000000116
power_theta10_rho16,power,10.0,16.0,-1.0,34,20041154,37,False,4,0,0.0,0.0,0.0,0.0,0.0,20.70062500000036
power_theta10_rho16,power,10.0,16.0,-1.0,32,20041152,42,False,7,0,0.0,0.0,0.0,0.0,0.0,22.996000000000016
power_theta10_rho16,power,10.0,16.0,-1.0,36,20041156,32,False,5,0,0.0,0.0,0.0,0.0,0.0,23.259916999999852
power_theta10_rho16,power,10.0,16.0,-1.0,39,20041159,41,False,14,0,0.0,0.0,0.0,0.0,0.0,19.45237500000019
power_theta10_rho16,power,10.0,16.0,-1.0,35,20041155,47,False,6,0,0.0,0.0,0.0,0.0,0.0,22.05283300000005
power_theta10_rho16,power,10.0,16.0,-1.0,38,20041158,42,True,6,4,0.06657415043656935,0.08321768804571167,0.05547845869714111,0.20228350267027811,0.41666666666666663,20.834166999999848
power_theta10_rho16,power,10.0,16.0,-1.0,42,20041162,29,False,21,0,0.0,0.0,0.0,0.0,0.0,19.033250000000113
power_theta10_rho16,power,10.0,16.0,-1.0,41,20041161,39,False,1,0,0.0,0.0,0.0,0.0,0.0,20.59758399999989
power_theta10_rho16,power,10.0,16.0,-1.0,37,20041157,53,False,11,0,0.0,0.0,0.0,0.0,0.0,21.664832999999994
power_theta10_rho16,power,10.0,16.0,-1.0,40,20041160,42,False,3,0,0.0,0.0,0.0,0.0,0.0,18.935541000000278
power_theta10_rho16,power,10.0,16.0,-1.0,44,20041164,36,False,14,0,0.0,0.0,0.0,0.0,0.0,18.971082999999833
power_theta10_rho16,power,10.0,16.0,-1.0,30,20041150,71,False,24,0,0.0,0.0,0.0,0.0,0.0,19.736833000000065
power_theta10_rho16,power,10.0,16.0,-1.0,47,20041167,35,False,12,0,0.0,0.0,0.0,0.0,0.0,19.5863329999999
power_theta10_rho16,power,10.0,16.0,-1.0,43,20041163,52,False,7,0,0.0,0.0,0.0,0.0,0.0,19.955125000000073
power_theta10_rho16,power,10.0,16.0,-1.0,45,20041165,46,True,10,1,0.013582112905880904,0.07470162098234497,0.007470162098234497,0.08044789951944842,0.9285714285714286,24.185290999999776
power_theta10_rho16,power,10.0,16.0,-1.0,49,20041169,41,False,8,0,0.0,0.0,0.0,0.0,0.0,19.92291600000007
power_theta10_rho16,power,10.0,16.0,-1.0,51,20041171,44,False,14,0,0.0,0.0,0.0,0.0,0.0,33.82820800000008
power_theta10_rho16,power,10.0,16.0,-1.0,46,20041166,64,True,22,4,0.016858585445282966,0.054790402697169636,0.009961891399485388,0.10878511916820174,0.40937095992243056,33.347291999999754
power_theta10_rho16,power,10.0,16.0,-1.0,50,20041170,53,False,12,0,0.0,0.0,0.0,0.0,0.0,34.678458000000134
power_theta10_rho16,power,10.0,16.0,-1.0,53,20041173,43,False,8,0,0.0,0.0,0.0,0.0,0.0,34.691417000000335
power_theta10_rho16,power,10.0,16.0,-1.0,55,20041175,40,False,4,0,0.0,0.0,0.0,0.0,0.0,28.20158300000042
power_theta10_rho16,power,10.0,16.0,-1.0,52,20041172,47,False,18,0,0.0,0.0,0.0,0.0,0.0,22.430916000000245
power_theta10_rho16,power,10.0,16.0,-1.0,48,20041168,60,False,18,0,0.0,0.0,0.0,0.0,0.0,19.02416699999998
power_theta10_rho16,power,10.0,16.0,-1.0,59,20041179,33,False,13,0,0.0,0.0,0.0,0.0,0.0,19.190249999999853
power_theta10_rho16,power,10.0,16.0,-1.0,54,20041174,58,True,6,1,0.06769891604425161,0.2369462061548806,0.03949103435914677,0.507741870331887,0.4666666666666667,19.27187500000027
power_theta10_rho16,power,10.0,16.0,-1.0,60,20041180,31,False,10,0,0.0,0.0,0.0,0.0,0.0,20.61533399999993
power_theta10_rho16,power,10.0,16.0,-1.0,57,20041177,49,True,9,1,0.0,0.0,0.0,0.005478564055846014,0.0,18.612708000000033
power_theta10_rho16,power,10.0,16.0,-1.0,67,20041187,25,False,4,0,0.0,0.0,0.0,0.0,0.0,23.41833400000004
power_theta10_rho16,power,10.0,16.0,-1.0,61,20041181,40,False,9,0,0.0,0.0,0.0,0.0,0.0,21.187166000000257
power_theta10_rho16,power,10.0,16.0,-1.0,63,20041183,37,True,9,1,0.0,0.0,0.0,0.0017423715695785876,0.0,27.05787500000012
power_theta10_rho16,power,10.0,16.0,-1.0,66,20041186,38,True,7,2,4.8503025870200276e-05,0.00010913180820795062,3.1180516630843035e-05,0.000873054465663605,0.125,21.90000000000003
power_theta10_rho16,power,10.0,16.0,-1.0,56,20041176,63,False,6,0,0.0,0.0,0.0,0.0,0.0,19.05729200000028
power_theta10_rho16,power,10.0,16.0,-1.0,58,20041178,55,False,14,0,0.0,0.0,0.0,0.0,0.0,21.270916999999834
power_theta10_rho16,power,10.0,16.0,-1.0,65,20041185,44,True,18,5,0.021154865544930613,0.04865619075334041,0.013515608542594558,0.09062532014192334,0.6,31.747082999999954
power_theta10_rho16,power,10.0,16.0,-1.0,69,20041189,26,False,4,0,0.0,0.0,0.0,0.0,0.0,43.91733400000053
power_theta10_rho16,power,10.0,16.0,-1.0,68,20041188,38,False,12,0,0.0,0.0,0.0,0.0,0.0,35.38133400000021
power_theta10_rho16,power,10.0,16.0,-1.0,62,20041182,56,False,18,0,0.0,0.0,0.0,0.0,0.0,32.21520800000022
power_theta10_rho16,power,10.0,16.0,-1.0,72,20041192,33,False,7,0,0.0,0.0,0.0,0.0,0.0,19.96299999999973
power_theta10_rho16,power,10.0,16.0,-1.0,73,20041193,35,False,8,0,0.0,0.0,0.0,0.0,0.0,21.382041999999934
power_theta10_rho16,power,10.0,16.0,-1.0,64,20041184,65,True,16,6,0.06997393822789633,0.12828555341780992,0.048107082531678724,0.1857419493122037,0.5892255892255892,18.857832999999324
power_theta10_rho16,power,10.0,16.0,-1.0,77,20041197,33,False,17,0,0.0,0.0,0.0,0.0,0.0,19.0914590000002
power_theta10_rho16,power,10.0,16.0,-1.0,71,20041191,48,False,22,0,0.0,0.0,0.0,0.0,0.0,18.708582999999557
power_theta10_rho16,power,10.0,16.0,-1.0,76,20041196,44,True,10,2,0.026614252867117133,0.07984275860135139,0.01596855172027028,0.08265209567139666,0.5,18.735583000000666
power_theta10_rho16,power,10.0,16.0,-1.0,82,20041202,35,False,5,0,0.0,0.0,0.0,0.0,0.0,24.87079200000064
power_theta10_rho16,power,10.0,16.0,-1.0,84,20041204,24,False,7,0,0.0,0.0,0.0,0.0,0.0,24.068834000000372
power_theta10_rho16,power,10.0,16.0,-1.0,81,20041201,36,False,12,0,0.0,0.0,0.0,0.0,0.0,20.35716700000023
power_theta10_rho16,power,10.0,16.0,-1.0,80,20041200,42,False,4,0,0.0,0.0,0.0,0.0,0.0,19.449040999999667
power_theta10_rho16,power,10.0,16.0,-1.0,75,20041195,57,False,10,0,0.0,0.0,0.0,0.0,0.0,24.989957999999923
power_theta10_rho16,power,10.0,16.0,-1.0,70,20041190,61,False,21,0,0.0,0.0,0.0,0.0,0.0,25.642667000000507
power_theta10_rho16,power,10.0,16.0,-1.0,83,20041203,34,False,11,0,0.0,0.0,0.0,0.0,0.0,22.493040999999714
power_theta10_rho16,power,10.0,16.0,-1.0,78,20041198,56,True,27,2,0.04884736833883544,0.35414342045655695,0.02623284595974496,0.44770753008819086,0.8125,19.608333000000755
power_theta10_rho16,power,10.0,16.0,-1.0,79,20041199,54,True,21,1,0.00032446422973578286,0.003569106527093611,0.00016995745367112433,0.00509872361013373,0.7,19.801250000000437
power_theta10_rho16,power,10.0,16.0,-1.0,89,20041209,32,False,2,0,0.0,0.0,0.0,0.0,0.0,21.563666999999676
power_theta10_rho16,power,10.0,16.0,-1.0,74,20041194,71,True,14,3,0.0029707551523309632,0.008417139598271062,0.0018036727710580847,0.02567192804596202,0.3285024154589372,23.525166999999847
power_theta10_rho16,power,10.0,16.0,-1.0,87,20041207,38,False,5,0,0.0,0.0,0.0,0.0,0.0,22.655124999999998
power_theta10_rho16,power,10.0,16.0,-1.0,85,20041205,46,False,9,0,0.0,0.0,0.0,0.0,0.0,20.62625000000029
power_theta10_rho16,power,10.0,16.0,-1.0,93,20041213,42,True,5,1,0.006133167788332409,0.018399503364997228,0.0036799006729994455,0.018399503364997228,1.0,21.695750000000125
power_theta10_rho16,power,10.0,16.0,-1.0,94,20041214,34,False,5,0,0.0,0.0,0.0,0.0,0.0,19.819374999999972
power_theta10_rho16,power,10.0,16.0,-1.0,88,20041208,49,False,17,0,0.0,0.0,0.0,0.0,0.0,25.515457999999214
power_theta10_rho16,power,10.0,16.0,-1.0,97,20041217,31,False,1,0,0.0,0.0,0.0,0.0,0.0,23.02408300000014
power_theta10_rho16,power,10.0,16.0,-1.0,90,20041210,55,False,18,0,0.0,0.0,0.0,0.0,0.0,31.892791999999837
power_theta10_rho16,power,10.0,16.0,-1.0,86,20041206,64,False,15,0,0.0,0.0,0.0,0.0,0.0,32.774958000000076
power_theta10_rho16,power,10.0,16.0,-1.0,98,20041218,37,False,7,0,0.0,0.0,0.0,0.0,0.0,20.761124999999936
power_theta10_rho16,power,10.0,16.0,-1.0,92,20041212,61,False,5,0,0.0,0.0,0.0,0.0,0.0,29.082832999999475
power_theta10_rho16,power,10.0,16.0,-1.0,91,20041211,63,True,13,5,0.026580788127559214,0.047845418629606576,0.018402084088310223,0.1532015383495629,0.6666666666666667,27.983416999999733
power_theta10_rho16,power,10.0,16.0,-1.0,96,20041216,50,True,4,1,0.2118654041678545,0.5296635104196363,0.13241587760490908,0.5296635104196363,1.0,24.177249999999262
power_theta10_rho16,power,10.0,16.0,-1.0,95,20041215,56,True,19,1,0.02221347990830077,0.2221347990830077,0.011691305214895142,0.240646032339925,0.9230769230769231,26.27666700000031
power_theta10_rho16,power,10.0,16.0,-1.0,99,20041219,55,False,22,0,0.0,0.0,0.0,0.0,0.0,24.883916999999478
power_theta10_rho64,power,10.0,64.0,-1.0,8,20051128,84,False,10,0,0.0,0.0,0.0,0.0,0.0,25.888792000000826
power_theta10_rho64,power,10.0,64.0,-1.0,3,20051123,111,False,17,0,0.0,0.0,0.0,0.0,0.0,21.064457999999675
power_theta10_rho64,power,10.0,64.0,-1.0,10,20051130,118,False,13,0,0.0,0.0,0.0,0.0,0.0,20.063542000000822
power_theta10_rho64,power,10.0,64.0,-1.0,0,20051120,137,False,17,0,0.0,0.0,0.0,0.0,0.0,19.56720800000067
power_theta10_rho64,power,10.0,64.0,-1.0,2,20051122,128,False,28,0,0.0,0.0,0.0,0.0,0.0,20.50179200000013
power_theta10_rho64,power,10.0,64.0,-1.0,9,20051129,132,False,20,0,0.0,0.0,0.0,0.0,0.0,20.146833000000086
power_theta10_rho64,power,10.0,64.0,-1.0,1,20051121,162,False,13,0,0.0,0.0,0.0,0.0,0.0,19.662750000000173
power_theta10_rho64,power,10.0,64.0,-1.0,6,20051126,155,False,23,0,0.0,0.0,0.0,0.0,0.0,19.429291999999876
power_theta10_rho64,power,10.0,64.0,-1.0,7,20051127,163,False,26,0,0.0,0.0,0.0,0.0,0.0,25.474040999999836
power_theta10_rho64,power,10.0,64.0,-1.0,4,20051124,169,False,32,0,0.0,0.0,0.0,0.0,0.0,23.52258399999929
power_theta10_rho64,power,10.0,64.0,-1.0,15,20051135,103,False,16,0,0.0,0.0,0.0,0.0,0.0,22.53537499999947
power_theta10_rho64,power,10.0,64.0,-1.0,5,20051125,194,False,33,0,0.0,0.0,0.0,0.0,0.0,21.83358299999938
power_theta10_rho64,power,10.0,64.0,-1.0,13,20051133,151,False,27,0,0.0,0.0,0.0,0.0,0.0,19.870415999999835
power_theta10_rho64,power,10.0,64.0,-1.0,12,20051132,174,False,29,0,0.0,0.0,0.0,0.0,0.0,27.546832999999715
power_theta10_rho64,power,10.0,64.0,-1.0,16,20051136,148,False,10,0,0.0,0.0,0.0,0.0,0.0,23.48462499999915
power_theta10_rho64,power,10.0,64.0,-1.0,11,20051131,201,False,44,0,0.0,0.0,0.0,0.0,0.0,20.637457999999498
power_theta10_rho64,power,10.0,64.0,-1.0,17,20051137,161,False,34,0,0.0,0.0,0.0,0.0,0.0,19.900874999999374
power_theta10_rho64,power,10.0,64.0,-1.0,18,20051138,148,False,22,0,0.0,0.0,0.0,0.0,0.0,20.54041700000031
power_theta10_rho64,power,10.0,64.0,-1.0,19,20051139,147,False,28,0,0.0,0.0,0.0,0.0,0.0,22.819333000000164
power_theta10_rho64,power,10.0,64.0,-1.0,26,20051146,92,False,6,0,0.0,0.0,0.0,0.0,0.0,21.6020419999996
power_theta10_rho64,power,10.0,64.0,-1.0,14,20051134,195,False,33,0,0.0,0.0,0.0,0.0,0.0,21.146916999999377
power_theta10_rho64,power,10.0,64.0,-1.0,24,20051144,128,False,21,0,0.0,0.0,0.0,0.0,0.0,20.267915999999886
power_theta10_rho64,power,10.0,64.0,-1.0,25,20051145,137,False,16,0,0.0,0.0,0.0,0.0,0.0,22.418499999998787
power_theta10_rho64,power,10.0,64.0,-1.0,23,20051143,153,False,31,0,0.0,0.0,0.0,0.0,0.0,28.425916999999856
power_theta10_rho64,power,10.0,64.0,-1.0,20,20051140,183,False,32,0,0.0,0.0,0.0,0.0,0.0,28.491083000000472
power_theta10_rho64,power,10.0,64.0,-1.0,21,20051141,180,False,25,0,0.0,0.0,0.0,0.0,0.0,22.752583000000826
power_theta10_rho64,power,10.0,64.0,-1.0,29,20051149,128,False,15,0,0.0,0.0,0.0,0.0,0.0,21.063208000001055
power_theta10_rho64,power,10.0,64.0,-1.0,22,20051142,184,False,34,0,0.0,0.0,0.0,0.0,0.0,21.15845800000038
power_theta10_rho64,power,10.0,64.0,-1.0,27,20051147,148,False,34,0,0.0,0.0,0.0,0.0,0.0,20.585583000000796
power_theta10_rho64,power,10.0,64.0,-1.0,28,20051148,170,False,17,0,0.0,0.0,0.0,0.0,0.0,19.76241700000081
power_theta10_rho64,power,10.0,64.0,-1.0,34,20051154,116,False,7,0,0.0,0.0,0.0,0.0,0.0,21.76370900000002
power_theta10_rho64,power,10.0,64.0,-1.0,33,20051153,130,False,18,0,0.0,0.0,0.0,0.0,0.0,19.28479200000055
power_theta10_rho64,power,10.0,64.0,-1.0,36,20051156,108,False,9,0,0.0,0.0,0.0,0.0,0.0,28.568249999999296
power_theta10_rho64,power,10.0,64.0,-1.0,30,20051150,161,False,28,0,0.0,0.0,0.0,0.0,0.0,28.631625000000938
power_theta10_rho64,power,10.0,64.0,-1.0,37,20051157,110,False,43,0,0.0,0.0,0.0,0.0,0.0,31.740499999999727
power_theta10_rho64,power,10.0,64.0,-1.0,31,20051151,163,False,27,0,0.0,0.0,0.0,0.0,0.0,33.63254199999943
power_theta10_rho64,power,10.0,64.0,-1.0,32,20051152,167,False,30,0,0.0,0.0,0.0,0.0,0.0,22.339999999999804
power_theta10_rho64,power,10.0,64.0,-1.0,40,20051160,146,False,27,0,0.0,0.0,0.0,0.0,0.0,35.69179199999972
power_theta10_rho64,power,10.0,64.0,-1.0,38,20051158,165,False,23,0,0.0,0.0,0.0,0.0,0.0,35.62520799999902
power_theta10_rho64,power,10.0,64.0,-1.0,44,20051164,133,False,24,0,0.0,0.0,0.0,0.0,0.0,21.92437499999933
power_theta10_rho64,power,10.0,64.0,-1.0,42,20051162,140,False,20,0,0.0,0.0,0.0,0.0,0.0,23.35500000000046
power_theta10_rho64,power,10.0,64.0,-1.0,35,20051155,189,False,35,0,0.0,0.0,0.0,0.0,0.0,29.23629200000022
power_theta10_rho64,power,10.0,64.0,-1.0,39,20051159,174,False,27,0,0.0,0.0,0.0,0.0,0.0,22.46691700000092
power_theta10_rho64,power,10.0,64.0,-1.0,43,20051163,166,False,27,0,0.0,0.0,0.0,0.0,0.0,25.71820900000077
power_theta10_rho64,power,10.0,64.0,-1.0,41,20051161,177,False,47,0,0.0,0.0,0.0,0.0,0.0,22.30287499999939
power_theta10_rho64,power,10.0,64.0,-1.0,46,20051166,165,False,20,0,0.0,0.0,0.0,0.0,0.0,24.981750000000247
power_theta10_rho64,power,10.0,64.0,-1.0,48,20051168,168,False,28,0,0.0,0.0,0.0,0.0,0.0,27.133915999998592
power_theta10_rho64,power,10.0,64.0,-1.0,45,20051165,203,False,25,0,0.0,0.0,0.0,0.0,0.0,22.20983299999979
power_theta10_rho64,power,10.0,64.0,-1.0,51,20051171,148,False,33,0,0.0,0.0,0.0,0.0,0.0,24.249249999998668
power_theta10_rho64,power,10.0,64.0,-1.0,47,20051167,207,False,48,0,0.0,0.0,0.0,0.0,0.0,27.249375000000242
power_theta10_rho64,power,10.0,64.0,-1.0,50,20051170,170,False,20,0,0.0,0.0,0.0,0.0,0.0,24.457333999999165
power_theta10_rho64,power,10.0,64.0,-1.0,52,20051172,155,False,28,0,0.0,0.0,0.0,0.0,0.0,26.32491700000017
power_theta10_rho64,power,10.0,64.0,-1.0,54,20051174,152,False,24,0,0.0,0.0,0.0,0.0,0.0,22.113457999999753
power_theta10_rho64,power,10.0,64.0,-1.0,49,20051169,170,False,47,0,0.0,0.0,0.0,0.0,0.0,21.025124999999534
power_theta10_rho64,power,10.0,64.0,-1.0,56,20051176,147,False,31,0,0.0,0.0,0.0,0.0,0.0,20.249708999999783
power_theta10_rho64,power,10.0,64.0,-1.0,58,20051178,114,False,28,0,0.0,0.0,0.0,0.0,0.0,21.488208000000952
power_theta10_rho64,power,10.0,64.0,-1.0,60,20051180,110,False,14,0,0.0,0.0,0.0,0.0,0.0,25.206208000000174
power_theta10_rho64,power,10.0,64.0,-1.0,53,20051173,185,False,29,0,0.0,0.0,0.0,0.0,0.0,23.654165999998256
power_theta10_rho64,power,10.0,64.0,-1.0,57,20051177,162,False,36,0,0.0,0.0,0.0,0.0,0.0,24.219834000000162
power_theta10_rho64,power,10.0,64.0,-1.0,55,20051175,192,False,32,0,0.0,0.0,0.0,0.0,0.0,24.911167000000844
power_theta10_rho64,power,10.0,64.0,-1.0,63,20051183,147,False,24,0,0.0,0.0,0.0,0.0,0.0,23.596583999999865
power_theta10_rho64,power,10.0,64.0,-1.0,62,20051182,159,False,21,0,0.0,0.0,0.0,0.0,0.0,20.976624999999416
power_theta10_rho64,power,10.0,64.0,-1.0,64,20051184,161,False,22,0,0.0,0.0,0.0,0.0,0.0,24.121124999998855
power_theta10_rho64,power,10.0,64.0,-1.0,59,20051179,189,True,28,3,0.03744089057377348,0.19344460129782962,0.020726207281910318,0.3169657625128532,0.6428571428571429,27.569041999999655
power_theta10_rho64,power,10.0,64.0,-1.0,65,20051185,168,False,32,0,0.0,0.0,0.0,0.0,0.0,19.91137499999951
power_theta10_rho64,power,10.0,64.0,-1.0,67,20051187,149,False,38,0,0.0,0.0,0.0,0.0,0.0,19.96124999999971
power_theta10_rho64,power,10.0,64.0,-1.0,61,20051181,201,False,29,0,0.0,0.0,0.0,0.0,0.0,20.1072499999988
power_theta10_rho64,power,10.0,64.0,-1.0,68,20051188,177,False,36,0,0.0,0.0,0.0,0.0,0.0,21.060792000000106
power_theta10_rho64,power,10.0,64.0,-1.0,75,20051195,132,False,33,0,0.0,0.0,0.0,0.0,0.0,21.71554200000081
power_theta10_rho64,power,10.0,64.0,-1.0,72,20051192,152,False,22,0,0.0,0.0,0.0,0.0,0.0,21.638167000000763
power_theta10_rho64,power,10.0,64.0,-1.0,70,20051190,188,False,25,0,0.0,0.0,0.0,0.0,0.0,20.037042000002003
power_theta10_rho64,power,10.0,64.0,-1.0,76,20051196,129,False,14,0,0.0,0.0,0.0,0.0,0.0,25.776167000000072
power_theta10_rho64,power,10.0,64.0,-1.0,66,20051186,219,False,46,0,0.0,0.0,0.0,0.0,0.0,27.414999999997747
power_theta10_rho64,power,10.0,64.0,-1.0,74,20051194,135,False,25,0,0.0,0.0,0.0,0.0,0.0,25.95829199999855
power_theta10_rho64,power,10.0,64.0,-1.0,69,20051189,214,False,32,0,0.0,0.0,0.0,0.0,0.0,21.945083999998616
power_theta10_rho64,power,10.0,64.0,-1.0,71,20051191,195,False,19,0,0.0,0.0,0.0,0.0,0.0,20.145208999998943
power_theta10_rho64,power,10.0,64.0,-1.0,77,20051197,146,False,19,0,0.0,0.0,0.0,0.0,0.0,21.810832999999974
power_theta10_rho64,power,10.0,64.0,-1.0,73,20051193,186,False,27,0,0.0,0.0,0.0,0.0,0.0,20.764958000000888
power_theta10_rho64,power,10.0,64.0,-1.0,78,20051198,168,False,24,0,0.0,0.0,0.0,0.0,0.0,21.597499999998604
power_theta10_rho64,power,10.0,64.0,-1.0,86,20051206,108,False,20,0,0.0,0.0,0.0,0.0,0.0,19.951291999998233
power_theta10_rho64,power,10.0,64.0,-1.0,79,20051199,181,False,29,0,0.0,0.0,0.0,0.0,0.0,20.78758300000061
power_theta10_rho64,power,10.0,64.0,-1.0,83,20051203,142,False,25,0,0.0,0.0,0.0,0.0,0.0,20.64420800000022
power_theta10_rho64,power,10.0,64.0,-1.0,80,20051200,169,False,28,0,0.0,0.0,0.0,0.0,0.0,23.92737499999953
power_theta10_rho64,power,10.0,64.0,-1.0,81,20051201,169,False,10,0,0.0,0.0,0.0,0.0,0.0,24.912875000001833
power_theta10_rho64,power,10.0,64.0,-1.0,87,20051207,148,False,15,0,0.0,0.0,0.0,0.0,0.0,21.247583000000958
power_theta10_rho64,power,10.0,64.0,-1.0,88,20051208,160,False,29,0,0.0,0.0,0.0,0.0,0.0,21.82387499999905
power_theta10_rho64,power,10.0,64.0,-1.0,85,20051205,171,False,38,0,0.0,0.0,0.0,0.0,0.0,20.38483400000146
power_theta10_rho64,power,10.0,64.0,-1.0,89,20051209,145,False,21,0,0.0,0.0,0.0,0.0,0.0,20.898583000001025
power_theta10_rho64,power,10.0,64.0,-1.0,90,20051210,122,False,29,0,0.0,0.0,0.0,0.0,0.0,21.168124999999094
power_theta50_rho0,power,50.0,0.0,-1.0,0,20061120,1,False,0,0,1.0,1.0,1.0,1.0,1.0,21.937708000002942
power_theta50_rho0,power,50.0,0.0,-1.0,1,20061121,1,False,0,0,1.0,1.0,1.0,1.0,1.0,23.075791000000123
power_theta10_rho64,power,10.0,64.0,-1.0,84,20051204,190,False,30,0,0.0,0.0,0.0,0.0,0.0,22.210957999998726
power_theta50_rho0,power,50.0,0.0,-1.0,2,20061122,1,False,0,0,1.0,1.0,1.0,1.0,1.0,23.192667
power_theta50_rho0,power,50.0,0.0,-1.0,3,20061123,1,False,0,0,1.0,1.0,1.0,1.0,1.0,23.340499999999764
power_theta50_rho0,power,50.0,0.0,-1.0,4,20061124,1,False,0,0,1.0,1.0,1.0,1.0,1.0,22.8867500000014
power_theta50_rho0,power,50.0,0.0,-1.0,5,20061125,1,False,0,0,1.0,1.0,1.0,1.0,1.0,22.913665999997335
power_theta50_rho0,power,50.0,0.0,-1.0,6,20061126,1,False,0,0,1.0,1.0,1.0,1.0,1.0,21.182707999997774
power_theta50_rho0,power,50.0,0.0,-1.0,7,20061127,1,False,0,0,1.0,1.0,1.0,1.0,1.0,21.222041000001468
power_theta50_rho0,power,50.0,0.0,-1.0,8,20061128,1,False,0,0,1.0,1.0,1.0,1.0,1.0,24.318457999999765
power_theta50_rho0,power,50.0,0.0,-1.0,9,20061129,1,False,0,0,1.0,1.0,1.0,1.0,1.0,23.511291999998463
power_theta50_rho0,power,50.0,0.0,-1.0,10,20061130,1,False,0,0,1.0,1.0,1.0,1.0,1.0,24.95729099999977
power_theta50_rho0,power,50.0,0.0,-1.0,11,20061131,1,False,0,0,1.0,1.0,1.0,1.0,1.0,26.87183399999782
power_theta50_rho0,power,50.0,0.0,-1.0,12,20061132,1,False,0,0,1.0,1.0,1.0,1.0,1.0,24.435167000000035
power_theta50_rho0,power,50.0,0.0,-1.0,13,20061133,1,False,0,0,1.0,1.0,1.0,1.0,1.0,24.098082999998383
power_theta50_rho0,power,50.0,0.0,-1.0,14,20061134,1,False,0,0,1.0,1.0,1.0,1.0,1.0,24.27766699999978
power_theta50_rho0,power,50.0,0.0,-1.0,15,20061135,1,False,0,0,1.0,1.0,1.0,1.0,1.0,21.380291999999912
power_theta50_rho0,power,50.0,0.0,-1.0,17,20061137,1,False,0,0,1.0,1.0,1.0,1.0,1.0,26.934208000000126
power_theta50_rho0,power,50.0,0.0,-1.0,16,20061136,1,False,0,0,1.0,1.0,1.0,1.0,1.0,29.99745800000042
power_theta10_rho64,power,10.0,64.0,-1.0,92,20051212,136,False,28,0,0.0,0.0,0.0,0.0,0.0,24.021166000000704
power_theta50_rho0,power,50.0,0.0,-1.0,18,20061138,1,False,0,0,1.0,1.0,1.0,1.0,1.0,29.185083000001555
power_theta50_rho0,power,50.0,0.0,-1.0,19,20061139,1,True,0,2,0.0,0.0,0.0,0.0,0.0,29.734832999999128
power_theta50_rho0,power,50.0,0.0,-1.0,20,20061140,1,False,0,0,1.0,1.0,1.0,1.0,1.0,25.254125000000016
power_theta50_rho0,power,50.0,0.0,-1.0,21,20061141,1,False,0,0,1.0,1.0,1.0,1.0,1.0,23.590750000000327
power_theta50_rho0,power,50.0,0.0,-1.0,22,20061142,1,False,0,0,1.0,1.0,1.0,1.0,1.0,24.061749999997772
power_theta50_rho0,power,50.0,0.0,-1.0,23,20061143,1,False,0,0,1.0,1.0,1.0,1.0,1.0,28.36870899999866
power_theta50_rho0,power,50.0,0.0,-1.0,25,20061145,1,False,0,0,1.0,1.0,1.0,1.0,1.0,28.437541999998928
power_theta50_rho0,power,50.0,0.0,-1.0,24,20061144,1,False,0,0,1.0,1.0,1.0,1.0,1.0,33.71829199999965
power_theta50_rho0,power,50.0,0.0,-1.0,26,20061146,1,False,0,0,1.0,1.0,1.0,1.0,1.0,22.33695800000035
power_theta50_rho0,power,50.0,0.0,-1.0,27,20061147,1,False,0,0,1.0,1.0,1.0,1.0,1.0,21.124000000000365
power_theta50_rho0,power,50.0,0.0,-1.0,28,20061148,1,False,0,0,1.0,1.0,1.0,1.0,1.0,23.22470800000076
power_theta50_rho0,power,50.0,0.0,-1.0,29,20061149,1,False,0,0,1.0,1.0,1.0,1.0,1.0,23.430084000001017
power_theta50_rho0,power,50.0,0.0,-1.0,30,20061150,1,False,0,0,1.0,1.0,1.0,1.0,1.0,22.32070899999883
power_theta50_rho0,power,50.0,0.0,-1.0,31,20061151,1,False,0,0,1.0,1.0,1.0,1.0,1.0,23.258750000000106
power_theta50_rho0,power,50.0,0.0,-1.0,32,20061152,1,False,0,0,1.0,1.0,1.0,1.0,1.0,21.227583999998245
power_theta50_rho0,power,50.0,0.0,-1.0,33,20061153,1,False,0,0,1.0,1.0,1.0,1.0,1.0,22.019500000002523
power_theta50_rho0,power,50.0,0.0,-1.0,34,20061154,1,False,0,0,1.0,1.0,1.0,1.0,1.0,22.31966700000143
power_theta50_rho0,power,50.0,0.0,-1.0,35,20061155,1,False,0,0,1.0,1.0,1.0,1.0,1.0,22.416917000001035
power_theta50_rho0,power,50.0,0.0,-1.0,36,20061156,1,False,0,0,1.0,1.0,1.0,1.0,1.0,26.89366699999951
power_theta50_rho0,power,50.0,0.0,-1.0,37,20061157,1,False,0,0,1.0,1.0,1.0,1.0,1.0,25.322416999998154
power_theta50_rho0,power,50.0,0.0,-1.0,38,20061158,1,False,0,0,1.0,1.0,1.0,1.0,1.0,22.803833000001106
power_theta50_rho0,power,50.0,0.0,-1.0,39,20061159,1,False,0,0,1.0,1.0,1.0,1.0,1.0,23.23491699999991
power_theta50_rho0,power,50.0,0.0,-1.0,40,20061160,1,False,0,0,1.0,1.0,1.0,1.0,1.0,25.4452090000008
power_theta50_rho0,power,50.0,0.0,-1.0,41,20061161,1,False,0,0,1.0,1.0,1.0,1.0,1.0,23.036459000000065
power_theta10_rho64,power,10.0,64.0,-1.0,82,20051202,215,False,45,0,0.0,0.0,0.0,0.0,0.0,22.70120800000086
power_theta50_rho0,power,50.0,0.0,-1.0,42,20061162,1,False,0,0,1.0,1.0,1.0,1.0,1.0,23.88454200000112
power_theta50_rho0,power,50.0,0.0,-1.0,43,20061163,1,False,0,0,1.0,1.0,1.0,1.0,1.0,20.837291000002978
power_theta50_rho0,power,50.0,0.0,-1.0,44,20061164,1,False,0,0,1.0,1.0,1.0,1.0,1.0,21.248332999999064
power_theta50_rho0,power,50.0,0.0,-1.0,45,20061165,1,False,0,0,1.0,1.0,1.0,1.0,1.0,24.094791999999643
power_theta50_rho0,power,50.0,0.0,-1.0,46,20061166,1,False,0,0,1.0,1.0,1.0,1.0,1.0,26.798750000001093
power_theta50_rho0,power,50.0,0.0,-1.0,47,20061167,1,False,0,0,1.0,1.0,1.0,1.0,1.0,24.415541999999846
power_theta50_rho0,power,50.0,0.0,-1.0,48,20061168,1,False,0,0,1.0,1.0,1.0,1.0,1.0,22.32283400000057
power_theta50_rho0,power,50.0,0.0,-1.0,49,20061169,1,False,0,0,1.0,1.0,1.0,1.0,1.0,23.536041999999924
power_theta50_rho0,power,50.0,0.0,-1.0,50,20061170,1,False,0,0,1.0,1.0,1.0,1.0,1.0,25.0322080000025
power_theta50_rho0,power,50.0,0.0,-1.0,51,20061171,1,False,0,0,1.0,1.0,1.0,1.0,1.0,26.2942910000028
power_theta50_rho0,power,50.0,0.0,-1.0,52,20061172,1,False,0,0,1.0,1.0,1.0,1.0,1.0,23.267209000000122
power_theta50_rho0,power,50.0,0.0,-1.0,53,20061173,1,False,0,0,1.0,1.0,1.0,1.0,1.0,22.67158399999758
power_theta50_rho0,power,50.0,0.0,-1.0,54,20061174,1,False,0,0,1.0,1.0,1.0,1.0,1.0,26.384667000002082
power_theta50_rho0,power,50.0,0.0,-1.0,55,20061175,1,False,0,0,1.0,1.0,1.0,1.0,1.0,30.254208000002336
power_theta50_rho0,power,50.0,0.0,-1.0,56,20061176,1,False,0,0,1.0,1.0,1.0,1.0,1.0,26.889208000000053
power_theta50_rho0,power,50.0,0.0,-1.0,57,20061177,1,False,0,0,1.0,1.0,1.0,1.0,1.0,23.404209000002396
power_theta50_rho0,power,50.0,0.0,-1.0,58,20061178,1,False,0,0,1.0,1.0,1.0,1.0,1.0,21.403750000001054
power_theta50_rho0,power,50.0,0.0,-1.0,59,20061179,1,False,0,0,1.0,1.0,1.0,1.0,1.0,28.635875000002642
power_theta50_rho0,power,50.0,0.0,-1.0,60,20061180,1,False,0,0,1.0,1.0,1.0,1.0,1.0,28.241666999999637
power_theta50_rho0,power,50.0,0.0,-1.0,61,20061181,1,False,0,0,1.0,1.0,1.0,1.0,1.0,27.70291600000263
power_theta50_rho0,power,50.0,0.0,-1.0,62,20061182,1,False,0,0,1.0,1.0,1.0,1.0,1.0,22.523791000001125
power_theta50_rho0,power,50.0,0.0,-1.0,64,20061184,1,False,0,0,1.0,1.0,1.0,1.0,1.0,24.63362499999988
power_theta50_rho0,power,50.0,0.0,-1.0,63,20061183,1,True,0,1,0.0,0.0,0.0,0.0,0.0,25.236666000001406
power_theta50_rho0,power,50.0,0.0,-1.0,65,20061185,1,False,0,0,1.0,1.0,1.0,1.0,1.0,24.092790999997504
power_theta50_rho0,power,50.0,0.0,-1.0,66,20061186,1,False,0,0,1.0,1.0,1.0,1.0,1.0,26.814707999999854
power_theta10_rho64,power,10.0,64.0,-1.0,98,20051218,92,False,24,0,0.0,0.0,0.0,0.0,0.0,24.19458299999988
power_theta50_rho0,power,50.0,0.0,-1.0,67,20061187,1,False,0,0,1.0,1.0,1.0,1.0,1.0,28.32979199999741
power_theta50_rho0,power,50.0,0.0,-1.0,68,20061188,1,False,0,0,1.0,1.0,1.0,1.0,1.0,27.32604099999847
power_theta50_rho0,power,50.0,0.0,-1.0,69,20061189,1,False,0,0,1.0,1.0,1.0,1.0,1.0,24.37366700000254
power_theta50_rho0,power,50.0,0.0,-1.0,70,20061190,1,False,0,0,1.0,1.0,1.0,1.0,1.0,26.448792000000054
power_theta50_rho0,power,50.0,0.0,-1.0,71,20061191,1,False,0,0,1.0,1.0,1.0,1.0,1.0,28.24629199999862
power_theta50_rho0,power,50.0,0.0,-1.0,73,20061193,1,False,0,0,1.0,1.0,1.0,1.0,1.0,29.86745800000179
power_theta50_rho0,power,50.0,0.0,-1.0,72,20061192,1,False,0,0,1.0,1.0,1.0,1.0,1.0,31.009124999997084
power_theta50_rho0,power,50.0,0.0,-1.0,74,20061194,1,False,0,0,1.0,1.0,1.0,1.0,1.0,30.501957999998552
power_theta50_rho0,power,50.0,0.0,-1.0,75,20061195,1,False,0,0,1.0,1.0,1.0,1.0,1.0,31.005249999999762
power_theta50_rho0,power,50.0,0.0,-1.0,76,20061196,1,False,0,0,1.0,1.0,1.0,1.0,1.0,27.55829099999829
power_theta50_rho0,power,50.0,0.0,-1.0,77,20061197,1,False,0,0,1.0,1.0,1.0,1.0,1.0,29.170291999999876
power_theta50_rho0,power,50.0,0.0,-1.0,78,20061198,1,False,0,0,1.0,1.0,1.0,1.0,1.0,31.331375000000605
power_theta50_rho0,power,50.0,0.0,-1.0,79,20061199,1,False,0,0,1.0,1.0,1.0,1.0,1.0,32.839250000002096
power_theta50_rho0,power,50.0,0.0,-1.0,80,20061200,1,False,0,0,1.0,1.0,1.0,1.0,1.0,29.59091700000016
power_theta50_rho0,power,50.0,0.0,-1.0,81,20061201,1,False,0,0,1.0,1.0,1.0,1.0,1.0,29.63587500000031
power_theta50_rho0,power,50.0,0.0,-1.0,82,20061202,1,False,0,0,1.0,1.0,1.0,1.0,1.0,26.740000000000208
power_theta50_rho0,power,50.0,0.0,-1.0,83,20061203,1,False,0,0,1.0,1.0,1.0,1.0,1.0,30.134416999999303
power_theta50_rho0,power,50.0,0.0,-1.0,84,20061204,1,False,0,0,1.0,1.0,1.0,1.0,1.0,32.57679199999686
power_theta50_rho0,power,50.0,0.0,-1.0,86,20061206,1,False,0,0,1.0,1.0,1.0,1.0,1.0,48.296084000000405
power_theta50_rho0,power,50.0,0.0,-1.0,85,20061205,1,False,0,0,1.0,1.0,1.0,1.0,1.0,37.84579199999882
power_theta50_rho0,power,50.0,0.0,-1.0,87,20061207,1,False,0,0,1.0,1.0,1.0,1.0,1.0,99.29695800000005
power_theta50_rho0,power,50.0,0.0,-1.0,91,20061211,1,False,0,0,1.0,1.0,1.0,1.0,1.0,84.82229199999836
power_theta50_rho0,power,50.0,0.0,-1.0,88,20061208,1,False,0,0,1.0,1.0,1.0,1.0,1.0,122.93141700000021
power_theta50_rho0,power,50.0,0.0,-1.0,89,20061209,1,False,0,0,1.0,1.0,1.0,1.0,1.0,111.34908300000035
power_theta10_rho64,power,10.0,64.0,-1.0,91,20051211,181,False,15,0,0.0,0.0,0.0,0.0,0.0,64.33145800000162
power_theta50_rho0,power,50.0,0.0,-1.0,90,20061210,1,False,0,0,1.0,1.0,1.0,1.0,1.0,102.67237500000093
power_theta50_rho0,power,50.0,0.0,-1.0,92,20061212,1,False,0,0,1.0,1.0,1.0,1.0,1.0,35.521749999997354
power_theta50_rho0,power,50.0,0.0,-1.0,93,20061213,1,False,0,0,1.0,1.0,1.0,1.0,1.0,31.499000000000166
power_theta50_rho0,power,50.0,0.0,-1.0,95,20061215,1,False,0,0,1.0,1.0,1.0,1.0,1.0,30.954832999999127
power_theta50_rho0,power,50.0,0.0,-1.0,94,20061214,1,False,0,0,1.0,1.0,1.0,1.0,1.0,32.295292000000586
power_theta50_rho0,power,50.0,0.0,-1.0,96,20061216,1,False,0,0,1.0,1.0,1.0,1.0,1.0,33.39958300000134
power_theta50_rho0,power,50.0,0.0,-1.0,98,20061218,1,False,0,0,1.0,1.0,1.0,1.0,1.0,32.74329199999926
power_theta50_rho0,power,50.0,0.0,-1.0,97,20061217,1,False,0,0,1.0,1.0,1.0,1.0,1.0,34.02737500000086
power_theta50_rho0,power,50.0,0.0,-1.0,99,20061219,1,False,0,0,1.0,1.0,1.0,1.0,1.0,20.812708000001123
power_theta50_rho1,power,50.0,1.0,-1.0,0,20071120,2,False,0,0,1.0,1.0,1.0,1.0,1.0,22.436374999998066
power_theta50_rho1,power,50.0,1.0,-1.0,1,20071121,7,True,2,10,0.0045189129023232395,0.002711347741393944,0.01355673870696972,0.1274866083062929,0.5057471264367817,28.541500000002884
power_theta50_rho1,power,50.0,1.0,-1.0,3,20071123,4,True,6,2,6.973217574882855e-05,0.0001394643514976571,4.64881171658857e-05,0.25735725804990145,0.1794871794871795,27.29291600000039
power_theta50_rho1,power,50.0,1.0,-1.0,2,20071122,5,True,4,6,0.054197937741967614,0.04516494811830635,0.06774742217745952,0.3077084787989298,0.3384108527131783,28.441167000000434
power_theta50_rho1,power,50.0,1.0,-1.0,4,20071124,6,True,3,6,0.0,0.0,0.0,0.016293390943201067,0.0,24.76675000000128
power_theta50_rho1,power,50.0,1.0,-1.0,5,20071125,3,False,0,0,1.0,1.0,1.0,1.0,1.0,23.06191699999971
power_theta50_rho1,power,50.0,1.0,-1.0,7,20071127,2,False,1,0,0.0,0.0,0.0,0.0,0.0,26.013500000001244
power_theta50_rho1,power,50.0,1.0,-1.0,6,20071126,7,True,2,4,0.0,0.0,0.0,0.06759835921521543,0.0,27.83362499999953
power_theta50_rho1,power,50.0,1.0,-1.0,9,20071129,3,False,3,0,0.0,0.0,0.0,0.0,0.0,29.196458000001257
power_theta50_rho1,power,50.0,1.0,-1.0,11,20071131,2,False,0,0,1.0,1.0,1.0,1.0,1.0,28.692750000001155
power_theta50_rho1,power,50.0,1.0,-1.0,8,20071128,5,True,3,8,0.0,0.0,0.0,0.10488755028234624,0.0,31.815833000003124
power_theta50_rho1,power,50.0,1.0,-1.0,10,20071130,6,False,0,0,1.0,1.0,1.0,1.0,1.0,28.236291999998997
power_theta10_rho64,power,10.0,64.0,-1.0,95,20051215,158,False,20,0,0.0,0.0,0.0,0.0,0.0,23.62720800000062
power_theta50_rho1,power,50.0,1.0,-1.0,12,20071132,6,False,0,0,1.0,1.0,1.0,1.0,1.0,25.859084000000365
power_theta50_rho1,power,50.0,1.0,-1.0,15,20071135,2,False,0,0,1.0,1.0,1.0,1.0,1.0,27.742124999999618
power_theta50_rho1,power,50.0,1.0,-1.0,17,20071137,2,False,2,0,0.0,0.0,0.0,0.0,0.0,65.92883299999741
power_theta50_rho1,power,50.0,1.0,-1.0,16,20071136,3,False,2,0,0.0,0.0,0.0,0.0,0.0,67.57766699999834
power_theta50_rho1,power,50.0,1.0,-1.0,14,20071134,4,True,5,9,0.026386893415767835,0.020523139323374982,0.03694165078207497,0.22294338460759344,0.2661164465786315,68.73516699999982
power_theta50_rho1,power,50.0,1.0,-1.0,13,20071133,7,True,1,3,0.0,0.0,0.0,0.0144175998603592,0.0,70.00554200000053
power_theta50_rho1,power,50.0,1.0,-1.0,18,20071138,3,True,4,6,0.011894305901056616,0.009911921584213846,0.01486788237632077,0.03248571802443985,0.4342362548884288,68.73291700000195
power_theta50_rho1,power,50.0,1.0,-1.0,20,20071140,2,False,0,0,1.0,1.0,1.0,1.0,1.0,26.254665999999816
power_theta50_rho1,power,50.0,1.0,-1.0,19,20071139,7,False,0,0,1.0,1.0,1.0,1.0,1.0,22.208750000000776
power_theta50_rho1,power,50.0,1.0,-1.0,21,20071141,4,True,5,2,0.0,0.0,0.0,0.0009423550386204214,0.0,26.700625000000144
power_theta50_rho1,power,50.0,1.0,-1.0,22,20071142,1,False,0,0,1.0,1.0,1.0,1.0,1.0,32.537125000001055
power_theta50_rho1,power,50.0,1.0,-1.0,24,20071144,3,True,1,1,0.009259259259259259,0.009259259259259259,0.009259259259259259,1.0,0.009259259259259259,33.68774999999857
power_theta50_rho1,power,50.0,1.0,-1.0,26,20071146,4,False,3,0,0.0,0.0,0.0,0.0,0.0,33.60291699999962
power_theta50_rho1,power,50.0,1.0,-1.0,25,20071145,4,False,0,0,1.0,1.0,1.0,1.0,1.0,32.40699999999919
power_theta50_rho1,power,50.0,1.0,-1.0,27,20071147,5,True,1,2,0.0,0.0,0.0,0.13177518797061913,0.0,28.339290999998212
power_theta50_rho1,power,50.0,1.0,-1.0,23,20071143,8,True,6,12,0.0024743579064585154,0.0018557684298438867,0.0037115368596877733,0.39551430148847705,0.006144781144781145,24.911041999999384
power_theta50_rho1,power,50.0,1.0,-1.0,30,20071150,3,False,0,0,1.0,1.0,1.0,1.0,1.0,29.75337500000208
power_theta50_rho1,power,50.0,1.0,-1.0,28,20071148,3,False,0,0,1.0,1.0,1.0,1.0,1.0,32.90958299999858
power_theta50_rho1,power,50.0,1.0,-1.0,31,20071151,2,True,0,3,0.0,0.0,0.0,0.0,0.0,32.41266699999912
power_theta50_rho1,power,50.0,1.0,-1.0,29,20071149,6,False,2,0,0.0,0.0,0.0,0.0,0.0,32.61008400000165
power_theta50_rho1,power,50.0,1.0,-1.0,33,20071153,5,False,0,0,1.0,1.0,1.0,1.0,1.0,29.381915999998398
power_theta50_rho1,power,50.0,1.0,-1.0,32,20071152,6,True,5,1,0.04116740797823685,0.12350222393471057,0.024700444786942114,0.1790782247053303,0.6896551724137931,32.568207999997156
power_theta50_rho1,power,50.0,1.0,-1.0,34,20071154,9,False,3,0,0.0,0.0,0.0,0.0,0.0,23.14637499999961
power_theta50_rho1,power,50.0,1.0,-1.0,37,20071157,1,False,0,0,1.0,1.0,1.0,1.0,1.0,21.939666999998053
power_theta50_rho1,power,50.0,1.0,-1.0,35,20071155,5,False,0,0,1.0,1.0,1.0,1.0,1.0,26.24987500000131
power_theta50_rho1,power,50.0,1.0,-1.0,38,20071158,3,False,0,0,1.0,1.0,1.0,1.0,1.0,29.75391700000074
power_theta50_rho1,power,50.0,1.0,-1.0,36,20071156,6,True,1,3,0.021370124213195688,0.014246749475463791,0.042740248426391375,0.8832984674787551,0.04838709677419355,31.066499999997887
power_theta50_rho1,power,50.0,1.0,-1.0,39,20071159,4,False,1,0,0.0,0.0,0.0,0.0,0.0,25.864583000000607
power_theta10_rho64,power,10.0,64.0,-1.0,96,20051216,155,False,24,0,0.0,0.0,0.0,0.0,0.0,24.34700000000234
power_theta50_rho1,power,50.0,1.0,-1.0,42,20071162,1,False,0,0,1.0,1.0,1.0,1.0,1.0,22.017125000001414
power_theta50_rho1,power,50.0,1.0,-1.0,41,20071161,5,False,0,0,1.0,1.0,1.0,1.0,1.0,28.55954099999991
power_theta50_rho1,power,50.0,1.0,-1.0,40,20071160,8,True,3,4,0.014564706573099181,0.012744118251461784,0.016992157668615712,0.35193621693659355,0.20967741935483872,30.339084000001293
power_theta50_rho1,power,50.0,1.0,-1.0,44,20071164,2,False,0,0,1.0,1.0,1.0,1.0,1.0,28.6223750000012
power_theta50_rho1,power,50.0,1.0,-1.0,43,20071163,4,False,0,0,1.0,1.0,1.0,1.0,1.0,29.447125000000796
power_theta50_rho1,power,50.0,1.0,-1.0,45,20071165,2,False,0,0,1.0,1.0,1.0,1.0,1.0,31.93983299999914
power_theta50_rho1,power,50.0,1.0,-1.0,46,20071166,2,False,2,0,0.0,0.0,0.0,0.0,0.0,31.449541000000636
power_theta50_rho1,power,50.0,1.0,-1.0,47,20071167,2,False,0,0,1.0,1.0,1.0,1.0,1.0,32.77262499999978
power_theta50_rho1,power,50.0,1.0,-1.0,48,20071168,1,False,0,0,1.0,1.0,1.0,1.0,1.0,30.57825000000136
power_theta10_rho64,power,10.0,64.0,-1.0,97,20051217,156,False,22,0,0.0,0.0,0.0,0.0,0.0,23.126875000002656
power_theta50_rho1,power,50.0,1.0,-1.0,49,20071169,3,False,1,0,0.0,0.0,0.0,0.0,0.0,24.093167000000193
power_theta50_rho1,power,50.0,1.0,-1.0,50,20071170,4,False,1,0,0.0,0.0,0.0,0.0,0.0,22.101082999999022
power_theta50_rho1,power,50.0,1.0,-1.0,51,20071171,3,True,0,6,0.0,0.0,0.0,0.0,0.0,23.475916999998958
power_theta50_rho1,power,50.0,1.0,-1.0,53,20071173,3,False,3,0,0.0,0.0,0.0,0.0,0.0,23.158124999998364
power_theta50_rho1,power,50.0,1.0,-1.0,54,20071174,2,False,0,0,1.0,1.0,1.0,1.0,1.0,23.506874999998928
power_theta50_rho1,power,50.0,1.0,-1.0,52,20071172,6,True,2,9,0.013822099217051584,0.008446838410420413,0.03801077284689186,0.03801077284689186,1.0,26.302125000000842
power_theta50_rho1,power,50.0,1.0,-1.0,55,20071175,5,True,2,1,0.020378089277884336,0.030567133916826503,0.015283566958413252,0.033963482129807224,0.9,30.846000000000373
power_theta50_rho1,power,50.0,1.0,-1.0,56,20071176,6,True,4,5,0.002474528825688805,0.0022270759431199244,0.0027838449288999055,0.029103307193055088,0.17424153501988512,32.474499999999296
power_theta50_rho1,power,50.0,1.0,-1.0,57,20071177,5,False,1,0,0.0,0.0,0.0,0.0,0.0,34.46037499999832
power_theta50_rho1,power,50.0,1.0,-1.0,59,20071179,2,False,0,0,1.0,1.0,1.0,1.0,1.0,32.49562499999925
power_theta50_rho1,power,50.0,1.0,-1.0,60,20071180,1,False,0,0,1.0,1.0,1.0,1.0,1.0,27.73549999999858
power_theta50_rho1,power,50.0,1.0,-1.0,58,20071178,5,True,2,2,0.0,0.0,0.0,0.014465568928654656,0.0,32.98337500000059
power_theta50_rho1,power,50.0,1.0,-1.0,61,20071181,3,True,2,7,0.0,0.0,0.0,0.003267638491802351,0.0,25.225542000001155
power_theta50_rho1,power,50.0,1.0,-1.0,63,20071183,1,False,0,0,1.0,1.0,1.0,1.0,1.0,30.22454099999905
power_theta10_rho64,power,10.0,64.0,-1.0,94,20051214,177,False,25,0,0.0,0.0,0.0,0.0,0.0,29.31487500000074
power_theta50_rho1,power,50.0,1.0,-1.0,64,20071184,2,False,0,0,1.0,1.0,1.0,1.0,1.0,22.920124999998848
power_theta50_rho1,power,50.0,1.0,-1.0,62,20071182,3,True,3,2,0.0,0.0,0.0,0.5004996609197387,0.0,32.07749999999976
power_theta50_rho1,power,50.0,1.0,-1.0,69,20071189,2,True,0,4,0.0,0.0,0.0,0.0,0.0,27.635667000001973
power_theta50_rho1,power,50.0,1.0,-1.0,66,20071186,3,False,0,0,1.0,1.0,1.0,1.0,1.0,26.486166000001532
power_theta50_rho1,power,50.0,1.0,-1.0,65,20071185,4,True,2,4,0.00386086349290027,0.0028956476196752025,0.005791295239350405,0.5232761995209252,0.006802721088435374,32.105875000002726
power_theta50_rho1,power,50.0,1.0,-1.0,70,20071190,3,False,0,0,1.0,1.0,1.0,1.0,1.0,29.3394169999992
power_theta50_rho1,power,50.0,1.0,-1.0,67,20071187,7,True,5,7,0.002938294857374087,0.002518538449177789,0.0035259538288489045,0.028731853673085943,0.29525641025641025,30.90266600000291
power_theta50_rho1,power,50.0,1.0,-1.0,71,20071191,4,False,0,0,1.0,1.0,1.0,1.0,1.0,32.062374999998866
power_theta50_rho1,power,50.0,1.0,-1.0,68,20071188,9,True,3,10,0.0034675927777335926,0.0022539353055268355,0.007513117685089451,0.1403457934583935,0.06203003961280786,34.68654200000287
power_theta50_rho1,power,50.0,1.0,-1.0,73,20071193,3,False,4,0,0.0,0.0,0.0,0.0,0.0,32.17008300000046
power_theta50_rho1,power,50.0,1.0,-1.0,72,20071192,4,True,4,3,0.0,0.0,0.0,0.236388567683505,0.0,33.00054099999983
power_theta50_rho1,power,50.0,1.0,-1.0,74,20071194,4,True,2,1,0.02349456033585339,0.035241840503780084,0.017620920251890042,0.04137085624356793,0.8518518518518519,32.51583299999794
power_theta50_rho1,power,50.0,1.0,-1.0,77,20071197,2,False,0,0,1.0,1.0,1.0,1.0,1.0,23.087457999999117
power_theta50_rho1,power,50.0,1.0,-1.0,76,20071196,6,True,2,7,0.0,0.0,0.0,0.2002034103353176,0.0,34.56304199999849
power_theta50_rho1,power,50.0,1.0,-1.0,79,20071199,2,False,0,0,1.0,1.0,1.0,1.0,1.0,38.27108299999793
power_theta50_rho1,power,50.0,1.0,-1.0,78,20071198,4,False,2,0,0.0,0.0,0.0,0.0,0.0,39.054291999999435
power_theta50_rho1,power,50.0,1.0,-1.0,75,20071195,7,True,1,10,0.049348595113470284,0.02714172731240866,0.2714172731240866,0.2714172731240866,1.0,43.16400000000087
power_theta50_rho1,power,50.0,1.0,-1.0,82,20071202,1,False,0,0,1.0,1.0,1.0,1.0,1.0,39.69016599999975
power_theta50_rho1,power,50.0,1.0,-1.0,81,20071201,2,False,0,0,1.0,1.0,1.0,1.0,1.0,39.49870799999999
power_theta50_rho1,power,50.0,1.0,-1.0,80,20071200,4,False,0,0,1.0,1.0,1.0,1.0,1.0,42.75158300000115
power_theta50_rho1,power,50.0,1.0,-1.0,85,20071205,2,False,0,0,1.0,1.0,1.0,1.0,1.0,30.209291999998555
power_theta50_rho1,power,50.0,1.0,-1.0,83,20071203,3,True,5,3,0.45589680939374394,0.6078624125249918,0.36471744751499513,0.6280881632357455,0.9743589743589745,34.0890829999978
power_theta50_rho1,power,50.0,1.0,-1.0,87,20071207,2,True,2,1,0.0,0.0,0.0,1.0,0.0,33.79470899999859
power_theta50_rho1,power,50.0,1.0,-1.0,88,20071208,3,True,0,6,0.0,0.0,0.0,0.0,0.0,35.48504200000124
power_theta50_rho1,power,50.0,1.0,-1.0,84,20071204,11,True,6,22,0.008642585732957323,0.005499827284609206,0.02016603337690042,0.09941469640400069,0.2181939763547852,36.50816699999737
power_theta50_rho1,power,50.0,1.0,-1.0,86,20071206,5,True,2,11,0.0027475796401064904,0.0016235697873356533,0.008929633830346093,0.41022319272151553,0.3170045045045045,41.24291700000171
power_theta50_rho1,power,50.0,1.0,-1.0,89,20071209,4,False,1,0,0.0,0.0,0.0,0.0,0.0,36.90204099999761
power_theta50_rho1,power,50.0,1.0,-1.0,91,20071211,3,False,3,0,0.0,0.0,0.0,0.0,0.0,38.01158300000296
power_theta50_rho1,power,50.0,1.0,-1.0,93,20071213,3,False,2,0,0.0,0.0,0.0,0.0,0.0,35.55649999999844
power_theta50_rho1,power,50.0,1.0,-1.0,92,20071212,4,False,2,0,0.0,0.0,0.0,0.0,0.0,34.912916999999766
power_theta50_rho1,power,50.0,1.0,-1.0,94,20071214,3,False,3,0,0.0,0.0,0.0,0.0,0.0,24.625332999999472
power_theta50_rho1,power,50.0,1.0,-1.0,90,20071210,9,True,7,11,0.01979833436786782,0.016198637210073672,0.02545500133011577,0.1796525799385715,0.16261626277950905,27.603667000001053
power_theta50_rho1,power,50.0,1.0,-1.0,96,20071216,1,False,0,0,1.0,1.0,1.0,1.0,1.0,22.92712500000249
power_theta50_rho1,power,50.0,1.0,-1.0,95,20071215,3,False,0,0,1.0,1.0,1.0,1.0,1.0,21.16870900000123
power_theta50_rho1,power,50.0,1.0,-1.0,97,20071217,4,False,4,0,0.0,0.0,0.0,0.0,0.0,23.005832999999143
power_theta50_rho1,power,50.0,1.0,-1.0,98,20071218,3,False,0,0,1.0,1.0,1.0,1.0,1.0,22.364750000001266
power_theta50_rho1,power,50.0,1.0,-1.0,99,20071219,7,False,2,0,0.0,0.0,0.0,0.0,0.0,21.724250000001888
power_theta50_rho4,power,50.0,4.0,-1.0,0,20081120,14,True,4,11,0.00042059829481994423,0.00028677156464996194,0.0007886218027873954,0.26831768790408866,0.003472222222222222,26.347624999999653
power_theta50_rho4,power,50.0,4.0,-1.0,3,20081123,12,True,6,2,0.0012175098998521037,0.0024350197997042074,0.0008116732665680691,0.007972779112938241,0.2274436090225564,24.680832999997904
power_theta50_rho4,power,50.0,4.0,-1.0,7,20081127,8,True,6,2,0.018453552822231767,0.036907105644463534,0.01230236854815451,0.06296659326734928,0.5285714285714286,24.235000000000895
power_theta50_rho4,power,50.0,4.0,-1.0,5,20081125,13,True,1,10,0.0,0.0,0.0,0.0050335033009541496,0.0,26.919833000000892
power_theta50_rho4,power,50.0,4.0,-1.0,1,20081121,19,False,7,0,0.0,0.0,0.0,0.0,0.0,31.366667000000348
power_theta50_rho4,power,50.0,4.0,-1.0,2,20081122,18,True,3,16,0.010797932762882451,0.006411272577961455,0.03419345374912776,0.061523048644388866,0.2692156089869925,30.4423749999998
power_theta50_rho4,power,50.0,4.0,-1.0,8,20081128,14,True,5,4,0.08582834818038634,0.09655689170293465,0.07724551336234772,0.22116660960027978,0.22916666666666666,25.655958000001533
power_theta50_rho4,power,50.0,4.0,-1.0,10,20081130,8,False,5,0,0.0,0.0,0.0,0.0,0.0,28.111249999998478
power_theta50_rho4,power,50.0,4.0,-1.0,9,20081129,17,True,13,12,0.03819933988419434,0.03979097904603577,0.03673013450403302,0.124475240838423,0.3013160169505154,29.36470799999924
power_theta50_rho4,power,50.0,4.0,-1.0,4,20081124,25,True,4,6,0.010706719888101242,0.008922266573417702,0.013383399860126554,0.2415069792173318,0.08127505092318812,24.964957999998205
power_theta50_rho4,power,50.0,4.0,-1.0,13,20081133,9,True,2,2,0.02717531085483771,0.02717531085483771,0.02717531085483771,0.044025127916902385,0.5980392156862745,26.612790999998026
power_theta50_rho4,power,50.0,4.0,-1.0,6,20081126,24,False,3,0,0.0,0.0,0.0,0.0,0.0,26.66825000000017
power_theta50_rho4,power,50.0,4.0,-1.0,11,20081131,13,True,3,9,0.003887344832065759,0.0025915632213771725,0.007774689664131518,0.03022424201190076,0.3526515151515151,29.297041999999607
power_theta50_rho4,power,50.0,4.0,-1.0,14,20081134,10,True,2,1,0.0,0.0,0.0,0.8853987861722724,0.0,30.52583299999867
power_theta50_rho4,power,50.0,4.0,-1.0,16,20081136,10,True,8,2,0.01880085243013538,0.047002131075338446,0.011750532768834612,0.1569612450589284,0.29945054945054944,30.310999999997534
power_theta50_rho4,power,50.0,4.0,-1.0,15,20081135,12,True,5,2,0.0026683456427315532,0.004669604874780219,0.0018678419499120874,0.01608925598778385,0.3366359447004608,30.992167000000848
power_theta50_rho4,power,50.0,4.0,-1.0,12,20081132,19,True,6,8,0.008637598579474333,0.007557898757040041,0.010077198342720054,0.040486109596775115,0.22528575225943645,24.92766599999996
power_theta10_rho64,power,10.0,64.0,-1.0,99,20051219,161,False,32,0,0.0,0.0,0.0,0.0,0.0,20.81683400000145
power_theta50_rho4,power,50.0,4.0,-1.0,20,20081140,9,False,0,0,1.0,1.0,1.0,1.0,1.0,29.223583000000275
power_theta50_rho4,power,50.0,4.0,-1.0,17,20081137,15,True,7,10,0.022988536506141088,0.019540256030219926,0.02791465147174275,0.1016123494691338,0.21802769006468875,31.48050000000069
power_theta50_rho4,power,50.0,4.0,-1.0,18,20081138,16,True,3,10,0.009660303123732115,0.006279197030425875,0.02093065676808625,0.6037937877283218,0.027777777777777776,26.665375000000324
power_theta50_rho4,power,50.0,4.0,-1.0,23,20081143,7,False,3,0,0.0,0.0,0.0,0.0,0.0,22.12787499999891
power_theta50_rho4,power,50.0,4.0,-1.0,21,20081141,13,True,1,3,0.0,0.0,0.0,0.07336800513959565,0.0,23.646416999998365
power_theta50_rho4,power,50.0,4.0,-1.0,19,20081139,18,True,7,11,0.11696855488894779,0.0957015449091391,0.15038814200007572,0.36374706185178846,0.2985757397284464,24.12112500000063
power_theta50_rho4,power,50.0,4.0,-1.0,26,20081146,12,False,1,0,0.0,0.0,0.0,0.0,0.0,28.599374999998872
power_theta50_rho4,power,50.0,4.0,-1.0,22,20081142,17,True,13,12,0.07280865387924285,0.07584234779087796,0.07000832103773351,0.43850458803368175,0.20307576063737254,28.995124999998012
power_theta50_rho4,power,50.0,4.0,-1.0,25,20081145,13,True,4,10,0.0038643144888604133,0.0027050201422022893,0.006762550355505723,0.2588383311012716,0.2219952463206381,27.74412499999812
power_theta50_rho4,power,50.0,4.0,-1.0,24,20081144,14,True,21,11,0.05117159601990819,0.07443141239259374,0.03898788268183481,0.1807869356291641,0.5704296755433119,24.913749999999624
power_theta10_rho64,power,10.0,64.0,-1.0,93,20051213,194,False,31,0,0.0,0.0,0.0,0.0,0.0,22.473667000003417
power_theta50_rho4,power,50.0,4.0,-1.0,32,20081152,4,True,3,2,0.0054958896587577665,0.0068698620734472075,0.004579908048964805,0.007075583533415633,0.9700892857142858,25.36445900000217
power_theta50_rho4,power,50.0,4.0,-1.0,28,20081148,11,True,4,6,0.013617118890533807,0.01134759907544484,0.01702139861316726,0.26406016070029115,0.39159208192227063,26.94937500000094
power_theta50_rho4,power,50.0,4.0,-1.0,29,20081149,12,False,1,0,0.0,0.0,0.0,0.0,0.0,27.716417000000604
power_theta50_rho4,power,50.0,4.0,-1.0,30,20081150,10,True,3,13,0.007044833461992452,0.004335282130456893,0.018786222565313204,0.36211749314977587,0.23365642237982664,29.1912080000003
power_theta50_rho4,power,50.0,4.0,-1.0,35,20081155,5,False,2,0,0.0,0.0,0.0,0.0,0.0,31.00812499999961
power_theta50_rho4,power,50.0,4.0,-1.0,33,20081153,8,True,3,1,0.045908808026501255,0.09181761605300251,0.030605872017667502,0.10405996486006952,0.8823529411764706,31.197875000000153
power_theta50_rho4,power,50.0,4.0,-1.0,34,20081154,8,False,0,0,1.0,1.0,1.0,1.0,1.0,29.645166000001666
power_theta50_rho4,power,50.0,4.0,-1.0,27,20081147,16,True,7,12,0.014584757625495885,0.011546266453517575,0.019793599634601557,0.15306689039548713,0.24130974242716732,35.25899999999993
power_theta50_rho4,power,50.0,4.0,-1.0,37,20081157,7,False,4,0,0.0,0.0,0.0,0.0,0.0,30.643000000001308
power_theta50_rho4,power,50.0,4.0,-1.0,31,20081151,17,False,12,0,0.0,0.0,0.0,0.0,0.0,30.19291700000082
power_theta50_rho4,power,50.0,4.0,-1.0,38,20081158,8,True,4,1,0.0,0.0,0.0,0.16052221227832622,0.0,28.057457999999258
power_theta50_rho4,power,50.0,4.0,-1.0,45,20081165,1,False,0,0,1.0,1.0,1.0,1.0,1.0,28.12208299999952
power_theta50_rho4,power,50.0,4.0,-1.0,40,20081160,8,True,3,8,0.0021644847811449694,0.0014880832870371667,0.003968222098765778,0.12906352527100642,0.2262872628726287,30.560582999999752
power_theta50_rho4,power,50.0,4.0,-1.0,39,20081159,10,True,5,5,0.046738447739188914,0.046738447739188914,0.046738447739188914,0.12151028953111528,0.36341269841269846,34.277249999998816
power_theta50_rho4,power,50.0,4.0,-1.0,36,20081156,18,True,6,6,0.008981566188075418,0.008981566188075418,0.008981566188075418,0.2329595592077763,0.21908045977011495,32.69145800000217
power_theta50_rho4,power,50.0,4.0,-1.0,44,20081164,6,True,5,11,0.0063633625679404135,0.004627900049411209,0.01018138010870466,0.15604101409934568,0.3266223776223776,30.726083000001125
power_theta50_rho4,power,50.0,4.0,-1.0,46,20081166,8,True,11,2,0.007683751812270943,0.024972193389880566,0.004540398798160102,0.031159986307848962,0.6666666666666666,31.015667000001912
power_theta50_rho4,power,50.0,4.0,-1.0,43,20081163,13,True,2,3,0.0,0.0,0.0,0.5740703359939736,0.0,28.39837499999831
power_theta50_rho4,power,50.0,4.0,-1.0,41,20081161,14,True,6,8,0.00015658508080668097,0.00013701194570584586,0.00018268259427446114,0.03191700384549036,0.03571428571428571,32.055875000001066
power_theta50_rho4,power,50.0,4.0,-1.0,50,20081170,8,False,2,0,0.0,0.0,0.0,0.0,0.0,33.74604200000064
power_theta50_rho4,power,50.0,4.0,-1.0,52,20081172,5,True,5,3,0.04657599406021362,0.06210132541361815,0.03726079524817089,0.06313087284346859,0.9206349206349206,29.730125000000385
power_theta50_rho4,power,50.0,4.0,-1.0,48,20081168,15,True,0,4,0.0,0.0,0.0,0.0,0.0,32.8493750000014
power_theta50_rho4,power,50.0,4.0,-1.0,42,20081162,19,True,13,11,0.06558020196460568,0.07154203850684256,0.0605355710442514,0.2553961547948514,0.2534476338103745,35.823541999999264
power_theta50_rho4,power,50.0,4.0,-1.0,51,20081171,11,True,3,2,0.00027660240148355683,0.00034575300185444603,0.00023050200123629736,0.009524537606523933,0.03708791208791209,25.565375000002888
power_theta50_rho4,power,50.0,4.0,-1.0,53,20081173,9,True,7,2,0.002793879195942115,0.006286228190869758,0.0017960651973913595,0.008954901077276103,0.4903846153846154,23.66991699999943
power_theta50_rho4,power,50.0,4.0,-1.0,56,20081176,9,False,5,0,0.0,0.0,0.0,0.0,0.0,28.278458999999145
power_theta50_rho4,power,50.0,4.0,-1.0,55,20081175,8,False,4,0,0.0,0.0,0.0,0.0,0.0,32.25770800000305
power_theta50_rho4,power,50.0,4.0,-1.0,54,20081174,14,False,4,0,0.0,0.0,0.0,0.0,0.0,34.08541700000001
power_theta50_rho4,power,50.0,4.0,-1.0,57,20081177,8,True,10,1,0.02175994727889857,0.11967971003394212,0.011967971003394213,0.1356370047051344,0.8823529411764706,32.74654199999816
power_theta50_rho4,power,50.0,4.0,-1.0,47,20081167,23,True,8,6,0.0021926118201051467,0.0025580471234560045,0.0019185353425920035,0.10123784655423607,0.02280067374406997,26.125000000000398
power_theta50_rho4,power,50.0,4.0,-1.0,59,20081179,6,True,3,3,7.95251970176006e-06,7.95251970176006e-06,7.95251970176006e-06,0.010533166963712476,0.0494047619047619,29.03974999999903
power_theta50_rho4,power,50.0,4.0,-1.0,49,20081169,25,True,2,8,0.026257863958491598,0.016411164974057247,0.06564465989622899,0.26575154400342577,0.1282051282051282,31.06325000000254
power_theta50_rho4,power,50.0,4.0,-1.0,60,20081180,9,True,2,9,0.0005807552247827065,0.00035490597070054287,0.001597076868152443,0.06367160245648294,0.25,26.157958000002424
power_theta50_rho4,power,50.0,4.0,-1.0,63,20081183,5,False,5,0,0.0,0.0,0.0,0.0,0.0,25.281582999998164
power_theta50_rho4,power,50.0,4.0,-1.0,61,20081181,10,True,5,1,0.0009297258147763471,0.0027891774443290418,0.0005578354888658083,0.011854004138398428,0.23529411764705882,28.560416999997784
power_theta50_rho4,power,50.0,4.0,-1.0,58,20081178,15,True,7,14,0.007999461122830705,0.005999595842123029,0.011999191684246058,0.0309921523942703,0.3812611408199644,24.824500000001137
power_theta50_rho4,power,50.0,4.0,-1.0,62,20081182,11,True,6,2,0.012858250549693641,0.025716501099387282,0.008572167033129094,0.08262571340775018,0.28449197860962566,24.422624999999698
power_theta50_rho4,power,50.0,4.0,-1.0,64,20081184,12,True,3,11,0.020764340494818418,0.013213671223975355,0.04845012782124297,0.4262304141243967,0.1708333333333333,24.63762500000044
power_theta50_rho4,power,50.0,4.0,-1.0,69,20081189,7,False,3,0,0.0,0.0,0.0,0.0,0.0,27.282291999998876
power_theta50_rho4,power,50.0,4.0,-1.0,66,20081186,12,True,3,11,0.0021074829363033148,0.001341125504920291,0.004917460184707734,0.010249076008144993,0.2727738211609179,29.38020899999927
power_theta50_rho4,power,50.0,4.0,-1.0,73,20081193,5,True,6,8,0.03626118669072624,0.031728538354385466,0.04230471780584729,0.13327674256064645,0.18333333333333335,29.35254100000151
power_theta50_rho4,power,50.0,4.0,-1.0,65,20081185,14,True,8,4,0.00025012187272507505,0.0003751828090876126,0.0001875914045438063,0.33101888214295777,0.08712121212121213,31.017999999999546
power_theta50_rho4,power,50.0,4.0,-1.0,72,20081192,9,False,2,0,0.0,0.0,0.0,0.0,0.0,25.489041000000157
power_theta50_rho4,power,50.0,4.0,-1.0,68,20081188,16,True,6,5,0.018024685669968597,0.019827154236965457,0.016522628530804547,0.039024795863297,0.4763103448275863,27.457458000000656
power_theta50_rho4,power,50.0,4.0,-1.0,71,20081191,12,True,6,8,0.007008052080388046,0.00613204557033954,0.00817606076045272,0.12494533207037894,0.06277056277056277,25.930666999997243
power_theta50_rho4,power,50.0,4.0,-1.0,76,20081196,8,True,7,2,0.0382607489609631,0.08608668516216697,0.024596195760619135,0.08608668516216697,1.0,33.85074999999915
power_theta50_rho4,power,50.0,4.0,-1.0,70,20081190,17,True,12,12,0.04028901047234074,0.04028901047234074,0.04028901047234074,0.1663093409395668,0.48256620964954294,34.40216699999965
power_theta50_rho4,power,50.0,4.0,-1.0,74,20081194,14,True,4,7,0.0028243936127464917,0.0022191664100151007,0.0038835412175264265,0.1085081351102704,0.14646885944071944,35.00629200000205
power_theta50_rho4,power,50.0,4.0,-1.0,67,20081187,19,True,5,3,0.0047584730244386655,0.006344630699251554,0.0038067784195509324,0.019473790749242593,0.3059945148230377,34.00962499999949
power_theta50_rho4,power,50.0,4.0,-1.0,77,20081197,11,True,4,8,0.1628442045264869,0.12213315339486518,0.24426630678973035,0.35350533885115654,0.4862637362637362,27.542832999998268
power_theta50_rho4,power,50.0,4.0,-1.0,79,20081199,7,False,7,0,0.0,0.0,0.0,0.0,0.0,30.819916999998753
power_theta50_rho4,power,50.0,4.0,-1.0,75,20081195,19,False,7,0,0.0,0.0,0.0,0.0,0.0,33.787874999998024
power_theta50_rho4,power,50.0,4.0,-1.0,82,20081202,9,False,0,0,1.0,1.0,1.0,1.0,1.0,31.419875000000985
power_theta50_rho4,power,50.0,4.0,-1.0,80,20081200,10,True,2,1,0.025659771100036862,0.03848965665005529,0.019244828325027646,0.042338622315060824,0.9090909090909091,35.13579199999839
power_theta50_rho4,power,50.0,4.0,-1.0,83,20081203,10,True,3,21,0.0010131176672890398,0.0005789243813080227,0.004052470669156159,0.33764038075557107,0.005555555555555556,28.72975000000011
power_theta50_rho4,power,50.0,4.0,-1.0,78,20081198,17,True,10,8,0.08295070850441155,0.09331954706746301,0.0746556376539704,0.10161313642204181,0.7840245775729646,29.103500000001503
power_theta50_rho4,power,50.0,4.0,-1.0,84,20081204,12,False,0,0,1.0,1.0,1.0,1.0,1.0,28.98512499999839
power_theta50_rho4,power,50.0,4.0,-1.0,87,20081207,10,False,4,0,0.0,0.0,0.0,0.0,0.0,31.928332999999753
power_theta50_rho4,power,50.0,4.0,-1.0,85,20081205,12,False,4,0,0.0,0.0,0.0,0.0,0.0,33.28608300000013
power_theta50_rho4,power,50.0,4.0,-1.0,92,20081212,4,True,4,1,0.0018490450447268753,0.004622612611817188,0.001155653152954297,0.02003132131787448,0.23076923076923078,34.30200000000028
power_theta50_rho4,power,50.0,4.0,-1.0,90,20081210,8,True,8,11,0.02489446407472626,0.021499764428172682,0.029562176088737437,0.3186468216973648,0.18473987623225002,27.274250000001388
power_theta50_rho4,power,50.0,4.0,-1.0,89,20081209,13,False,3,0,0.0,0.0,0.0,0.0,0.0,22.889415999998164
power_theta50_rho4,power,50.0,4.0,-1.0,94,20081214,9,True,1,4,0.002872114036630797,0.0017950712728942483,0.007180285091576993,0.010371522910055657,0.6923076923076923,27.93391700000214
power_theta50_rho4,power,50.0,4.0,-1.0,81,20081201,23,True,4,16,0.015407715574590069,0.009629822234118792,0.03851928893647517,0.08519124361445693,0.4425097751710655,29.414249999998532
power_theta50_rho4,power,50.0,4.0,-1.0,91,20081211,15,True,4,9,0.057112400313066476,0.041247844670548005,0.092807650508733,0.12037124649622875,0.6882554945054945,29.500417000001278
power_theta50_rho4,power,50.0,4.0,-1.0,93,20081213,12,True,5,17,0.05455751318028877,0.03530192029312803,0.12002652899663531,0.2812388541755314,0.4783776301218161,27.328708000002422
power_theta50_rho4,power,50.0,4.0,-1.0,86,20081206,23,True,13,13,0.06263917513564475,0.06263917513564475,0.06263917513564475,0.12096859551419076,0.273781751622042,25.67037500000069
power_theta50_rho4,power,50.0,4.0,-1.0,95,20081215,13,True,10,4,0.0019745882054214422,0.0034555293594875245,0.00138221174379501,0.006464880448249602,0.5121212121212121,26.426499999999464
power_theta50_rho4,power,50.0,4.0,-1.0,88,20081208,22,True,20,7,0.07226215858956846,0.13936273442273917,0.04877695704795871,0.18192667510781124,0.540530303030303,31.260082999999383
power_theta50_rho4,power,50.0,4.0,-1.0,99,20081219,13,True,1,9,0.005640459723151414,0.003133588735084119,0.02820229861575707,0.5922482709308985,0.047619047619047616,24.29599999999965
power_theta50_rho4,power,50.0,4.0,-1.0,96,20081216,13,True,2,16,0.019753237574250335,0.011111196135515814,0.08888956908412651,0.30750994588457364,0.34328767123287673,30.92608300000066
power_theta50_rho4,power,50.0,4.0,-1.0,98,20081218,16,True,14,4,0.04568686129219251,0.10279543790743315,0.02937012511640947,0.11614361383009889,0.6478174603174602,23.00950000000057
power_theta50_rho4,power,50.0,4.0,-1.0,97,20081217,18,False,1,0,0.0,0.0,0.0,0.0,0.0,22.952916999997797
power_theta50_rho16,power,50.0,16.0,-1.0,2,20091122,27,True,11,3,0.007241202554729211,0.01689613929436816,0.004608037989373134,0.2415806365887919,0.35000000000000003,21.830084000001193
power_theta50_rho16,power,50.0,16.0,-1.0,11,20091131,17,True,10,3,0.021040070158456967,0.045586818676656767,0.01367604560299703,0.22963422639432,0.35439005439005444,20.830915999997757
power_theta50_rho16,power,50.0,16.0,-1.0,0,20091120,36,True,9,6,0.08957590580915525,0.11196988226144407,0.07464658817429605,0.3486641991039763,0.3,21.581083000000945
power_theta50_rho16,power,50.0,16.0,-1.0,5,20091125,36,True,8,9,0.03940994780710993,0.03722050626227049,0.0418730695450543,0.08175047420228448,0.25176906426906426,21.719790999998878
power_theta50_rho16,power,50.0,16.0,-1.0,4,20091124,38,True,14,2,0.01301894570163306,0.05207578280653224,0.00743939754379032,0.6020402817147382,0.0875,22.64420799999911
power_theta50_rho16,power,50.0,16.0,-1.0,10,20091130,32,True,21,5,0.029051855367879173,0.07553482395648585,0.017984481894401393,0.17681092620192862,0.39954545454545454,24.588582999999886
power_theta50_rho16,power,50.0,16.0,-1.0,1,20091121,42,True,18,41,0.021322105298447483,0.015341514787907337,0.03494456146134449,0.12942547457770834,0.2784185356897775,26.196041999998698
power_theta50_rho16,power,50.0,16.0,-1.0,8,20091128,41,True,12,12,0.08059954217605057,0.08059954217605057,0.08059954217605057,0.1457720507533922,0.3965280235720487,24.428832999998207
power_theta50_rho16,power,50.0,16.0,-1.0,14,20091134,30,True,9,10,0.07647498186715157,0.072651232773794,0.08072359197088222,0.17021742807680454,0.24747474747474751,23.268083000001383
power_theta50_rho16,power,50.0,16.0,-1.0,7,20091127,48,True,28,7,0.022485981639502765,0.05621495409875691,0.014053738524689227,0.231354561623305,0.28223407938572864,24.49962500000069
power_theta50_rho16,power,50.0,16.0,-1.0,6,20091126,50,True,16,10,0.0799543523887551,0.10394065810538164,0.06496291131586353,0.22062113546377535,0.44746908528823426,25.271124999999728
power_theta50_rho16,power,50.0,16.0,-1.0,13,20091133,39,True,14,2,0.08333005702136817,0.3333202280854727,0.04761717544078181,0.3555797164269713,0.9545454545454546,23.24945800000222
power_theta50_rho16,power,50.0,16.0,-1.0,3,20091123,62,True,37,8,0.06744462639839635,0.18968801174548974,0.04101362416118697,0.2571490852742798,0.6707649492213154,22.951624999997478
power_theta50_rho16,power,50.0,16.0,-1.0,12,20091132,44,True,20,10,0.05635387676842652,0.08453081515263978,0.04226540757631989,0.195874683198174,0.3997398117360195,23.812041999999423
power_theta50_rho16,power,50.0,16.0,-1.0,9,20091129,62,True,17,14,0.04907608254698322,0.05433423424844571,0.04474583996930823,0.17268212926848428,0.26416972591744625,24.404000000000536
power_theta50_rho16,power,50.0,16.0,-1.0,16,20091136,41,True,22,5,0.045271834565330876,0.12223395332639338,0.027780443937816677,0.4107876888695963,0.4318007440130202,25.814457999999263
power_theta50_rho16,power,50.0,16.0,-1.0,19,20091139,34,True,21,11,0.06728472845748384,0.09786869593815833,0.051264555015225796,0.3443067378292818,0.25781717434541473,26.34487499999949
power_theta50_rho16,power,50.0,16.0,-1.0,17,20091137,47,True,19,19,0.03315403675031246,0.03315403675031246,0.03315403675031246,0.07028052133810411,0.3616498415948626,21.998416999998938
power_theta50_rho16,power,50.0,16.0,-1.0,21,20091141,31,True,5,11,0.004037109344500469,0.002936079523273068,0.00645937495120075,0.05072079657487488,0.25029411764705883,21.523874999999748
power_theta50_rho16,power,50.0,16.0,-1.0,22,20091142,31,False,13,0,0.0,0.0,0.0,0.0,0.0,20.447708999999037
power_theta50_rho16,power,50.0,16.0,-1.0,24,20091144,26,True,13,3,0.015222867423837803,0.040594313130234136,0.009367918414669416,0.1305261970564,0.3717703349282297,26.292209000001066
power_theta50_rho16,power,50.0,16.0,-1.0,18,20091138,53,True,17,14,0.035570024461609784,0.03938109851106797,0.03243149289146774,0.1667841385864331,0.24190018530204288,26.454541999999748
power_theta50_rho16,power,50.0,16.0,-1.0,15,20091135,56,True,40,17,0.04351691837056781,0.07295483373889308,0.03100580433902956,0.27347955288631204,0.2948309072844772,23.721708000000064
power_theta50_rho16,power,50.0,16.0,-1.0,23,20091143,40,True,18,18,0.02280515674315107,0.022805156743151072,0.022805156743151072,0.21882785884266398,0.08800445496045255,25.102874999998193
power_theta50_rho16,power,50.0,16.0,-1.0,32,20091152,22,False,11,0,0.0,0.0,0.0,0.0,0.0,27.122375000001142
power_theta50_rho16,power,50.0,16.0,-1.0,30,20091150,25,True,9,7,0.03620132371372532,0.041372941387114656,0.032178954412200284,0.10288435023343344,0.474944523263851,27.05966699999962
power_theta50_rho16,power,50.0,16.0,-1.0,27,20091147,43,True,18,12,0.033354607066212606,0.041693258832765756,0.027795505888510503,0.10299202254234974,0.4842493885508076,23.21824999999933
power_theta50_rho16,power,50.0,16.0,-1.0,29,20091149,39,True,16,18,0.026616719903530196,0.02513801324222296,0.02828026489750083,0.1476856945966533,0.31105932802084013,22.172208000000637
power_theta50_rho16,power,50.0,16.0,-1.0,36,20091156,21,False,8,0,0.0,0.0,0.0,0.0,0.0,36.973124999999385
power_theta50_rho16,power,50.0,16.0,-1.0,26,20091146,51,True,21,14,0.05406072400726497,0.06757590500908121,0.04505060333938748,0.30605943031934796,0.39731231882197937,37.43245800000139
power_theta50_rho16,power,50.0,16.0,-1.0,25,20091145,59,True,13,10,0.11437488198004907,0.13153111427705644,0.10117778021312034,0.2947254143272434,0.22448692011152377,38.83779200000248
power_theta50_rho16,power,50.0,16.0,-1.0,20,20091140,69,True,31,9,0.044933303107877694,0.09985178468417266,0.028989227811534,0.2144183135175735,0.4806594341956859,37.24420800000061
power_theta50_rho16,power,50.0,16.0,-1.0,35,20091155,45,True,28,14,0.04381469075156706,0.06572203612735059,0.03286101806367529,0.1805199773870627,0.38137789543568124,24.01908300000244
power_theta50_rho16,power,50.0,16.0,-1.0,38,20091158,35,True,11,7,0.03446474673811215,0.04431181723471562,0.028198429149364487,0.17419248546163185,0.22202380952380954,21.298000000001593
power_theta50_rho16,power,50.0,16.0,-1.0,33,20091153,51,True,23,12,0.02362046075533584,0.03444650526819809,0.01797208970514683,0.1727283588059023,0.24317692277699451,22.58358399999949
power_theta50_rho16,power,50.0,16.0,-1.0,28,20091148,67,True,11,9,0.05269105646306298,0.0585456182922922,0.047900960420966344,0.1710510427643936,0.31889402420803387,24.17762500000009
power_theta50_rho16,power,50.0,16.0,-1.0,34,20091154,53,True,19,5,0.04310261049747509,0.1034462651939402,0.02722270136682637,0.25921187585839717,0.5399380804953561,21.524624999997855
power_theta50_rho16,power,50.0,16.0,-1.0,39,20091159,48,True,16,9,0.06280600003838258,0.08723055560886468,0.049067187529986386,0.2214246350308333,0.43284967298905186,27.435042000000465
power_theta50_rho16,power,50.0,16.0,-1.0,31,20091151,66,True,34,21,0.07291086883948956,0.09547851871837919,0.058972026267234204,0.2399757377205896,0.26887500705115,29.255916999996856
power_theta50_rho16,power,50.0,16.0,-1.0,37,20091157,54,True,6,12,0.0206191910506274,0.015464393287970548,0.030928786575941097,0.14339864652071954,0.26253246753246756,22.18408399999916
power_theta50_rho16,power,50.0,16.0,-1.0,47,20091167,23,True,9,3,0.030216701059274334,0.060433402118548675,0.02014446737284956,0.11399951979333267,0.4456140350877193,22.971124999997983
power_theta50_rho16,power,50.0,16.0,-1.0,44,20091164,31,True,4,12,5.244177096412662e-06,3.496118064275108e-06,1.0488354192825324e-05,0.13896176792805157,0.02564102564102564,23.771792000001568
power_theta50_rho16,power,50.0,16.0,-1.0,46,20091166,23,True,16,2,0.02877223984805857,0.12947507931626356,0.016184384914532945,0.18797258145898157,0.6944444444444444,24.54350000000005
power_theta50_rho16,power,50.0,16.0,-1.0,42,20091162,37,True,10,10,0.06357432486119899,0.06357432486119899,0.06357432486119899,0.16607244174368374,0.3150471944589592,25.642042000001197
power_theta50_rho16,power,50.0,16.0,-1.0,41,20091161,44,True,7,5,0.04218590520305779,0.050623086243669346,0.036159347316906676,0.19424834619105322,0.5375850340136055,23.049832999998188
power_theta50_rho16,power,50.0,16.0,-1.0,40,20091160,50,True,15,2,0.0028837177937042634,0.01225580062324312,0.0016341067497657492,0.023321717690831568,0.5255102040816326,22.440917000000837
power_theta50_rho16,power,50.0,16.0,-1.0,48,20091168,37,True,12,3,0.007951902038900635,0.019879755097251588,0.004969938774312897,0.05269307086600982,0.2888888888888889,21.413708000000753
power_theta50_rho16,power,50.0,16.0,-1.0,43,20091163,49,True,29,11,0.04691647983556567,0.0853026906101194,0.03235619299004529,0.29990026401670056,0.28652569651823473,22.51387500000135
power_theta50_rho16,power,50.0,16.0,-1.0,45,20091165,43,True,29,10,0.04565855627113688,0.08903418472871691,0.030701443009902383,0.2122012934913471,0.4556120604541657,23.183290999998718
power_theta50_rho16,power,50.0,16.0,-1.0,52,20091172,32,True,11,5,0.02122295130674188,0.033956722090787005,0.015434873677630457,0.12029597426502366,0.16444444444444445,21.593499999998045
power_theta50_rho16,power,50.0,16.0,-1.0,54,20091174,37,True,11,19,0.014354431146640615,0.011332445642084696,0.019574224290873566,0.061109980870170215,0.2224607182418584,24.2077089999988
power_theta50_rho16,power,50.0,16.0,-1.0,49,20091169,53,True,20,12,0.09004250963482573,0.12005667951310095,0.07203400770786057,0.3050064701451178,0.3654888188135545,22.809708000000484
power_theta50_rho16,power,50.0,16.0,-1.0,51,20091171,56,True,19,11,0.0705736789414233,0.09623683492012268,0.05571606232217629,0.1711971117200715,0.2563011402087649,21.706916999999493
power_theta50_rho16,power,50.0,16.0,-1.0,61,20091181,33,True,11,12,0.014020591816967702,0.013436400491260716,0.01465789144501169,0.1491974309626745,0.14266006720552174,21.5674589999999
power_theta50_rho16,power,50.0,16.0,-1.0,57,20091177,53,True,13,17,0.0457903551949076,0.040403254583742,0.05283502522489339,0.07829314900154181,0.5080074623957602,23.05729200000073
power_theta50_rho16,power,50.0,16.0,-1.0,56,20091176,57,True,18,12,0.05460690619021727,0.06825863273777158,0.045505755158514384,0.1799789054717166,0.19645782059130404,21.817250000001565
power_theta50_rho16,power,50.0,16.0,-1.0,53,20091173,62,True,20,11,0.0414856534422354,0.05845705712314988,0.03215138141773243,0.2193652499706767,0.3085521806207632,23.61741700000053
power_theta50_rho16,power,50.0,16.0,-1.0,50,20091170,65,True,17,11,0.03854732903050839,0.049060236947919764,0.031744859201595144,0.3250051479246591,0.1511435023789955,23.713457999999576
power_theta50_rho16,power,50.0,16.0,-1.0,59,20091179,54,True,26,12,0.024345307250961838,0.03854673648068958,0.01779080145262596,0.13658482757125293,0.33546114102579105,22.942666999998806
power_theta50_rho16,power,50.0,16.0,-1.0,64,20091184,19,True,8,10,0.06482040766462832,0.058338366898165496,0.07292295862270687,0.17262333119496803,0.6153273809523809,21.232459000000148
power_theta50_rho16,power,50.0,16.0,-1.0,55,20091175,63,True,29,18,0.026710751306613732,0.03487236976141237,0.021644919162255957,0.18988296032452254,0.20070610619768112,25.20962499999868
power_theta50_rho16,power,50.0,16.0,-1.0,60,20091180,59,True,16,11,0.006702040620251236,0.008225231670308334,0.00565484677333698,0.10296418451762569,0.29782885906815476,22.067750000001496
power_theta50_rho16,power,50.0,16.0,-1.0,63,20091183,39,True,18,13,0.025646068891649994,0.030578005216967297,0.022084114878920827,0.15739559183525106,0.2869674679637978,22.92037500000177
power_theta50_rho16,power,50.0,16.0,-1.0,62,20091182,46,True,23,5,0.013492561023785833,0.037779170866600334,0.008212863231869637,0.1792952916375531,0.2508831908831909,22.802667000000554
power_theta50_rho16,power,50.0,16.0,-1.0,58,20091178,65,True,38,13,0.049931265475208333,0.09794209766290864,0.033506507095205584,0.18029538028654787,0.5346531049192361,26.090708000001683
power_theta50_rho16,power,50.0,16.0,-1.0,73,20091193,22,True,4,1,0.011150021812074693,0.027875054530186735,0.006968763632546684,0.029423668670752665,0.9473684210526315,22.111250000001803
power_theta50_rho16,power,50.0,16.0,-1.0,65,20091185,46,True,13,9,0.01771104932921734,0.021646838069043415,0.01498627250933775,0.14999395839878304,0.173016507082187,28.33591699999971
power_theta50_rho16,power,50.0,16.0,-1.0,69,20091189,37,True,14,4,0.06622551150515502,0.14900740088659878,0.042573543110456795,0.554153631937814,0.3087121212121212,27.767624999999185
power_theta50_rho16,power,50.0,16.0,-1.0,68,20091188,40,True,13,13,0.02276083836606824,0.022760838366068244,0.022760838366068244,0.23886939688258935,0.20936631214144946,25.316540999998693
power_theta50_rho16,power,50.0,16.0,-1.0,66,20091186,54,True,16,7,0.025942106537299357,0.04261917502556323,0.018645889073683912,0.08336302897557037,0.5619540070913069,26.538958999999807
power_theta50_rho16,power,50.0,16.0,-1.0,70,20091190,51,True,18,4,0.009419097060483784,0.025902516916330404,0.005756114870295645,0.08609048716792003,0.3386467581382836,23.823165999999674
power_theta50_rho16,power,50.0,16.0,-1.0,71,20091191,51,True,7,10,0.02028320485593112,0.017240724127541452,0.02462960589648779,0.16172367599437174,0.1422904559879846,27.02391699999751
power_theta50_rho16,power,50.0,16.0,-1.0,67,20091187,52,True,30,11,0.04438413755618742,0.08271589271834928,0.030329160663394736,0.12781428247234541,0.5484212907455842,27.78841700000001
power_theta50_rho16,power,50.0,16.0,-1.0,75,20091195,41,True,18,11,0.03619854481689582,0.047716263622271764,0.029159938880277188,0.2712729348264585,0.22699177199525955,26.21487500000086
power_theta50_rho16,power,50.0,16.0,-1.0,79,20091199,24,True,18,1,0.031218433202826013,0.2965751154268471,0.016476395301491507,0.5190064519969825,0.5714285714285714,22.757208000001583
power_theta50_rho16,power,50.0,16.0,-1.0,78,20091198,25,True,4,7,0.048816743133995304,0.038356012462424885,0.06712302180924355,0.12972858078424215,0.4444444444444444,23.068791000000033
power_theta50_rho16,power,50.0,16.0,-1.0,74,20091194,45,True,11,8,0.02149763763677929,0.02552844469367541,0.018566141595400296,0.1170307312312989,0.22856502816180235,23.55558400000035
power_theta50_rho16,power,50.0,16.0,-1.0,72,20091192,52,True,27,4,0.04515657957880231,0.17498174586785892,0.025923221610053174,0.17701829646496992,0.7274305555555556,23.747500000002475
power_theta50_rho16,power,50.0,16.0,-1.0,77,20091197,42,True,19,9,0.009614130766771247,0.014955314526088608,0.007084096354463025,0.10591474165271451,0.26247274985318986,22.428582999999946
power_theta50_rho16,power,50.0,16.0,-1.0,76,20091196,43,True,29,11,0.07061001997956282,0.12838185450829603,0.04869656550314677,0.2448268547127908,0.48707691534046343,22.139624999997665
power_theta50_rho16,power,50.0,16.0,-1.0,89,20091209,28,True,7,8,0.009297296196932136,0.008716215184623878,0.00996138878242729,0.10437022477799233,0.20300751879699247,21.035582999999747
power_theta50_rho16,power,50.0,16.0,-1.0,82,20091202,50,True,21,17,0.061457791762781634,0.06868812020546183,0.05560466873775482,0.1753299322168392,0.3507181455486464,24.449749999998716
power_theta50_rho16,power,50.0,16.0,-1.0,85,20091205,47,True,14,10,0.05323181533625831,0.06387817840350998,0.04562727028822141,0.24750619495547607,0.3558533233383308,22.422292000001676
power_theta50_rho16,power,50.0,16.0,-1.0,86,20091206,49,True,12,10,0.042474234745349934,0.04672165821988493,0.03893471518323744,0.22647502238077438,0.29664766081871347,22.75654199999977
power_theta50_rho16,power,50.0,16.0,-1.0,91,20091211,39,True,16,10,0.051918178026841226,0.06749363143489359,0.0421835196468085,0.1423035875146942,0.4475620066208301,28.62291699999986
power_theta50_rho16,power,50.0,16.0,-1.0,90,20091210,40,True,12,10,0.020120569569677664,0.02213262652664543,0.01844385543887119,0.23296092482021113,0.09928070175438597,29.819666999998162
power_theta50_rho16,power,50.0,16.0,-1.0,80,20091200,61,True,23,11,0.06733251625132122,0.10405934329749646,0.04976751201184613,0.19669501934226394,0.5046786616912644,28.442333000000986
power_theta50_rho16,power,50.0,16.0,-1.0,83,20091203,53,True,29,7,0.05380941137134668,0.13836705781203432,0.03339894498911173,0.374407630816688,0.36613122521735963,26.92116699999758
power_theta50_rho16,power,50.0,16.0,-1.0,88,20091208,55,True,14,6,0.0199299955111553,0.03321665918525884,0.014235711079396644,0.106566285513599,0.32647525676937444,23.418291999998786
power_theta50_rho16,power,50.0,16.0,-1.0,87,20091207,52,True,37,12,0.01613282396629292,0.03293784893118138,0.01068254559930207,0.16835327242493722,0.2697264652909814,22.142915999999957
power_theta50_rho16,power,50.0,16.0,-1.0,97,20091217,12,False,10,0,0.0,0.0,0.0,0.0,0.0,23.17387500000123
power_theta50_rho16,power,50.0,16.0,-1.0,84,20091204,58,True,27,13,0.02874632558361507,0.044225116282484725,0.021293574506381537,0.19628541521551177,0.31105658708138473,22.893083999999675
power_theta50_rho16,power,50.0,16.0,-1.0,94,20091214,33,True,14,11,0.018674002728770962,0.021220457646330636,0.01667321672211693,0.2118083974871534,0.17632570387988344,23.160750000002395
power_theta50_rho16,power,50.0,16.0,-1.0,98,20091218,28,True,13,10,0.09549040389824714,0.10981396448298422,0.08447228037152632,0.1661574725136567,0.6979206138688897,21.68341700000198
power_theta50_rho16,power,50.0,16.0,-1.0,95,20091215,37,True,25,11,0.0680439647577823,0.11134466960364377,0.04899165462560326,0.26854302192311413,0.4827017679290407,27.14300000000236
power_theta50_rho16,power,50.0,16.0,-1.0,92,20091212,53,True,13,15,0.019592976915131,0.018286778454122268,0.021100128985525695,0.11894749884202119,0.10425720517148945,26.882041999996886
power_theta50_rho16,power,50.0,16.0,-1.0,93,20091213,43,True,24,16,0.0493775854892884,0.06172198186161051,0.04114798790774034,0.26381333499521575,0.241660883308026,25.108582999997964
power_theta50_rho16,power,50.0,16.0,-1.0,81,20091201,77,True,39,15,0.07377027727802964,0.13278649910045334,0.051071730423251284,0.29440789003778745,0.4321339086184361,24.946874999997704
power_theta50_rho16,power,50.0,16.0,-1.0,99,20091219,41,True,21,11,0.06518662107287618,0.09481690337872899,0.04966599700790566,0.23830333150527372,0.2960635442988384,21.14916699999725
power_theta50_rho16,power,50.0,16.0,-1.0,96,20091216,65,True,41,13,0.032440877872531464,0.06737720788910381,0.021363504940447548,0.2735910889564929,0.25430091090626206,23.968834000001493
power_theta50_rho64,power,50.0,64.0,-1.0,5,20101125,113,True,39,6,0.023365901050689145,0.08762212894008431,0.01348032752924374,0.22573131568945207,0.43986600031603845,22.973750000002013
power_theta50_rho64,power,50.0,64.0,-1.0,10,20101130,110,True,48,7,0.02909860313016243,0.11431594086849527,0.01667107470998889,0.3920470795382708,0.3926127819548872,23.57066600000124
power_theta50_rho64,power,50.0,64.0,-1.0,4,20101124,132,True,46,9,0.0162006484321921,0.04950198132058697,0.009685170258375711,0.19183088192911676,0.27859147025813696,22.732292000000598
power_theta50_rho64,power,50.0,64.0,-1.0,0,20101120,154,True,52,10,0.03797107392243372,0.11771032915954453,0.022636601761450874,0.35576198427450034,0.35716071721562453,24.121250000000316
power_theta50_rho64,power,50.0,64.0,-1.0,11,20101131,130,True,40,9,0.023509724531068726,0.0639986945567982,0.014399706275279594,0.2142838755029955,0.31864411308855756,21.247166999998512
power_theta50_rho64,power,50.0,64.0,-1.0,2,20101122,164,True,63,11,0.027494209885134915,0.09248052415909017,0.016147393107142728,0.3730655900017263,0.311930573413827,23.29995800000262
power_theta50_rho64,power,50.0,64.0,-1.0,1,20101121,172,True,35,15,0.03916569798789918,0.0652761633131653,0.027975498562785125,0.343814741982152,0.18783473691658711,24.514750000001584
power_theta50_rho64,power,50.0,64.0,-1.0,6,20101126,166,True,61,13,0.05642838130614555,0.16060385448672193,0.034227050956186646,0.5626264759571409,0.3072904019057865,22.495041000002658
power_theta50_rho64,power,50.0,64.0,-1.0,9,20101129,193,True,45,8,0.00892355513143104,0.029559276372865317,0.005254982466287168,0.10426734377282774,0.24610122193697773,22.73645800000068
power_theta50_rho64,power,50.0,64.0,-1.0,3,20101123,181,True,67,14,0.03323800762178685,0.09615280776302626,0.020091631472871158,0.24350355955124597,0.35932488655161926,24.383499999999003
power_theta50_rho64,power,50.0,64.0,-1.0,8,20101128,177,True,86,12,0.03906730957120763,0.15952484741576448,0.022259281034757834,0.43369368444688744,0.41867391231978135,25.464332999998618
power_theta50_rho64,power,50.0,64.0,-1.0,12,20101132,136,True,43,12,0.07271005259476847,0.16662720386301108,0.046500615031537976,0.4141821776669374,0.4299152236652237,23.169834000000833
power_theta50_rho64,power,50.0,64.0,-1.0,17,20101137,125,True,47,13,0.06391861289322268,0.14750449129205234,0.04079911461269533,0.438181555907485,0.3716231570276663,32.459666000001164
power_theta50_rho64,power,50.0,64.0,-1.0,13,20101133,171,True,61,9,0.032404641249127515,0.12601804930216254,0.018592826946220702,0.40248570752242796,0.3866468000567618,24.748874999996673
power_theta50_rho64,power,50.0,64.0,-1.0,15,20101135,148,True,45,2,0.01574990166907935,0.18506134461168236,0.008224948649408105,0.18506134461168236,1.0,23.366916999997045
power_theta50_rho64,power,50.0,64.0,-1.0,14,20101134,169,True,54,6,0.021711799699921083,0.10855899849960542,0.012062110944400602,0.39315153583346424,0.42573073855968596,23.95666700000021
power_theta50_rho64,power,50.0,64.0,-1.0,16,20101136,162,True,46,14,0.0770255185107168,0.16505468252296457,0.050234033811337044,0.3507310807363577,0.4736779081852175,22.950208999997557
power_theta50_rho64,power,50.0,64.0,-1.0,7,20101127,224,True,64,10,0.024728101754274225,0.09149397649081462,0.014295933826689785,0.3580144572246573,0.34230500257590046,25.092042000000703
power_theta50_rho64,power,50.0,64.0,-1.0,21,20101141,140,True,48,8,0.03752315932300615,0.13133105763052152,0.021888509605086922,0.30610219940139877,0.41779318086883876,27.556875000001924
power_theta50_rho64,power,50.0,64.0,-1.0,18,20101138,174,True,44,12,0.027143701370489052,0.06333530319780778,0.017273264508493032,0.31925718411008935,0.23322009222048865,24.96500000000168
power_theta50_rho64,power,50.0,64.0,-1.0,22,20101142,153,True,37,10,0.055373351787970676,0.1301273767017311,0.035169561270738135,0.31346496423366543,0.32207980710014494,23.422165999999578
power_theta50_rho64,power,50.0,64.0,-1.0,20,20101140,160,True,59,10,0.026603400638005106,0.09178173220111761,0.015556225796799597,0.43484447798857184,0.32493845651056613,27.001124999998183
power_theta50_rho64,power,50.0,64.0,-1.0,19,20101139,172,True,45,11,0.02652978593522252,0.06753036419874824,0.01650742235969401,0.24006741250339284,0.35587531510921094,24.125583000000006
power_theta50_rho64,power,50.0,64.0,-1.0,24,20101144,121,True,39,11,0.06591805936199507,0.1498137712772615,0.042255166257689145,0.45010344197273644,0.31715669492093784,23.579833999999522
power_theta50_rho64,power,50.0,64.0,-1.0,23,20101143,169,True,52,10,0.022548368738734066,0.0698999430900756,0.013442296748091461,0.30208096658567335,0.287334071076131,22.714209000000096
power_theta50_rho64,power,50.0,64.0,-1.0,25,20101145,137,True,60,16,0.04145925574907838,0.09846573240406116,0.026257528641082977,0.3571665130310083,0.38439778308430717,22.9166670000005
power_theta50_rho64,power,50.0,64.0,-1.0,28,20101148,120,True,60,9,0.013714167411621805,0.05257097507788358,0.007885646261682538,0.20714299164162212,0.30218525120485906,22.819790999999867
power_theta50_rho64,power,50.0,64.0,-1.0,26,20101146,152,True,51,12,0.048801027552287206,0.1281026973247539,0.030141811135236212,0.36155203775032857,0.3704673702641969,24.387499999999562
power_theta50_rho64,power,50.0,64.0,-1.0,34,20101154,98,True,18,9,0.08346572147828431,0.12519858221742647,0.06259929110871323,0.418058108104082,0.3479632453316664,21.907167000001948
power_theta50_rho64,power,50.0,64.0,-1.0,30,20101150,151,True,51,8,0.02457166322598805,0.09060800814583095,0.01421302088562054,0.2785221169571399,0.36617028804528806,23.291167
power_theta50_rho64,power,50.0,64.0,-1.0,27,20101147,188,True,64,11,0.03234877585648154,0.11027991769255072,0.018954360853407154,0.4325303477299009,0.24065144989666284,27.884833999998193
power_theta50_rho64,power,50.0,64.0,-1.0,29,20101149,179,True,34,9,0.03917894434981121,0.0935941448356601,0.02477492069179238,0.3075870468749206,0.36422686848218766,25.57112499999903
power_theta50_rho64,power,50.0,64.0,-1.0,32,20101152,161,True,55,11,0.057574058000853495,0.17272217400256046,0.03454443480051209,0.3712820493126696,0.40762760274955395,24.117249999999757
power_theta50_rho64,power,50.0,64.0,-1.0,33,20101153,161,True,71,19,0.04075048275948335,0.09651430127246056,0.025827770763052826,0.27919613776854046,0.3623068122461802,24.537334000001465
power_theta50_rho64,power,50.0,64.0,-1.0,37,20101157,139,True,38,14,0.03786953134383579,0.07032912963855219,0.025910731972098172,0.28172978499242035,0.2635639401649254,22.787583999999583
power_theta50_rho64,power,50.0,64.0,-1.0,38,20101158,151,True,45,8,0.04279622538810237,0.1417624965980891,0.025202221617438063,0.2524604188706425,0.5571448023653905,22.886374999998793
power_theta50_rho64,power,50.0,64.0,-1.0,39,20101159,127,True,45,10,0.09127957167403035,0.25101882210358345,0.055781960467462983,0.5178267804824839,0.5001712675486469,21.649124999999714
power_theta50_rho64,power,50.0,64.0,-1.0,31,20101151,185,True,68,12,0.026524404696350236,0.08841468232116745,0.01560259099785308,0.33429628805574363,0.2711464296864893,23.20212500000096
power_theta50_rho64,power,50.0,64.0,-1.0,35,20101155,189,True,55,11,0.07243453720683861,0.21730361162051584,0.04346072232410317,0.4751142080858561,0.3821204891481258,24.353958000002507
power_theta50_rho64,power,50.0,64.0,-1.0,36,20101156,204,True,45,10,0.08111298226736892,0.22306070123526456,0.04956904471894768,0.45026792746130717,0.5069932639883379,23.42058300000005
power_theta50_rho64,power,50.0,64.0,-1.0,43,20101163,136,True,41,14,0.016875771620327433,0.03314883711135745,0.011319115111195228,0.1686581575281485,0.2708800708469597,22.500000000000853
power_theta50_rho64,power,50.0,64.0,-1.0,41,20101161,159,True,71,11,0.0328005435149323,0.12225657128292951,0.01894115893115809,0.4931417737742526,0.34362586936116346,25.782915999997158
power_theta50_rho64,power,50.0,64.0,-1.0,45,20101165,147,True,32,11,0.05402856971763344,0.10560129535719262,0.03630044527903496,0.43946728576520505,0.3558463178363558,23.278833000002663
power_theta50_rho64,power,50.0,64.0,-1.0,40,20101160,187,True,68,15,0.0527785457426342,0.14602064322128794,0.03221043600469587,0.37321552149194875,0.4091621468133837,25.319709000001467
power_theta50_rho64,power,50.0,64.0,-1.0,42,20101162,158,True,39,14,0.07777432550579703,0.14721568756454437,0.05284665707445183,0.2919851529129262,0.42880567225982685,23.158165999998204
power_theta50_rho64,power,50.0,64.0,-1.0,46,20101166,150,True,58,10,0.04739928686930422,0.16115757535563435,0.027785788854419714,0.4826466783342681,0.37772962204418514,25.834624999998113
power_theta50_rho64,power,50.0,64.0,-1.0,44,20101164,183,True,61,20,0.07762140760979912,0.15718335040984321,0.05153552472453876,0.4797741482264953,0.3643925696008071,25.233666999998405
power_theta50_rho64,power,50.0,64.0,-1.0,47,20101167,166,True,45,9,0.014630263377365239,0.04389079013209572,0.008778158026419144,0.09949179957840053,0.31800764785800906,23.95933400000061
power_theta50_rho64,power,50.0,64.0,-1.0,52,20101172,139,True,48,5,0.00477427429624179,0.025303653770081487,0.0026357972677168214,0.26487692773220806,0.2930108642408895,23.187499999998806
power_theta50_rho64,power,50.0,64.0,-1.0,50,20101170,159,True,68,14,0.015832356959610244,0.046366188238858574,0.009545979931529707,0.16132527298059768,0.35921262270403226,26.240291000000582
power_theta50_rho64,power,50.0,64.0,-1.0,55,20101175,115,True,21,10,0.05235008292826238,0.0811426285388067,0.03863934692324129,0.2745564141197939,0.2641838553603259,23.484832999997707
power_theta50_rho64,power,50.0,64.0,-1.0,48,20101168,183,True,63,11,0.032738155066986234,0.11011924886168095,0.019227170436166518,0.4052083821823146,0.28519582692178774,24.3470830000021
power_theta50_rho64,power,50.0,64.0,-1.0,49,20101169,175,True,70,13,0.036368687180408275,0.11610003984514948,0.021561435971242045,0.3533073830113628,0.3675852041838001,25.379958000002034
power_theta50_rho64,power,50.0,64.0,-1.0,51,20101171,167,True,46,9,0.04961568592996721,0.15160348478601093,0.02966155137117605,0.2972907124429327,0.5305993439930433,23.231791000000612
power_theta50_rho64,power,50.0,64.0,-1.0,53,20101173,147,True,43,11,0.08417185759272426,0.20660365045486861,0.05285209662798965,0.3608301955990409,0.5854419548199451,22.742917000002194
power_theta50_rho64,power,50.0,64.0,-1.0,57,20101177,134,True,47,10,0.026163934075947817,0.07456721211645129,0.01586536428009602,0.247236902387605,0.4309004143255913,22.796833999997546
power_theta50_rho64,power,50.0,64.0,-1.0,56,20101176,157,True,46,12,0.020810471401649006,0.05029197255398509,0.013119645014083067,0.2657779476144301,0.3354436664948579,23.113791999996636
power_theta50_rho64,power,50.0,64.0,-1.0,54,20101174,195,True,75,12,0.025657280239209088,0.09300764086713294,0.014881222538741272,0.2136662669824524,0.45400279550958583,24.053707999996732
power_theta50_rho64,power,50.0,64.0,-1.0,59,20101179,171,True,70,13,0.056530831338501224,0.1804638077344462,0.03351470715068287,0.5632056296322349,0.32454494691336805,23.452416000004916
power_theta50_rho64,power,50.0,64.0,-1.0,62,20101182,141,True,61,13,0.06724888516125596,0.19140067315126696,0.04079030739289296,0.3917459219793425,0.4893488101728928,36.60420799999997
power_theta50_rho64,power,50.0,64.0,-1.0,58,20101178,177,True,49,4,0.03900576256546841,0.25841317699622823,0.021094953224181895,0.5584952371168614,0.4172760210803689,28.980042000000594
power_theta50_rho64,power,50.0,64.0,-1.0,63,20101183,164,True,37,9,0.007517376954007552,0.019211074438019296,0.004672964052491181,0.08042074432636505,0.2479670896021307,25.228458999997372
power_theta50_rho64,power,50.0,64.0,-1.0,65,20101185,152,True,60,9,0.016402154231310195,0.06287492455335575,0.009431238683003362,0.27548894747314023,0.3476814776764067,25.440291999998976
power_theta50_rho64,power,50.0,64.0,-1.0,61,20101181,188,True,62,7,0.01578323566449505,0.07778880434643988,0.008782606942339987,0.24878269453958635,0.3751685289500415,27.949499999998295
power_theta50_rho64,power,50.0,64.0,-1.0,67,20101187,143,True,51,12,0.05756017275298588,0.15109545347658793,0.035551871406255986,0.3317800042905713,0.5669287837766098,23.7656250000029
power_theta50_rho64,power,50.0,64.0,-1.0,69,20101189,127,True,27,10,0.048099847568969865,0.08898471800259426,0.0329573029639238,0.2794036665966416,0.3839441440912029,29.48683299999999
power_theta50_rho64,power,50.0,64.0,-1.0,60,20101180,197,True,91,11,0.039907382584762466,0.18502513743844418,0.022365675954097646,0.4227228496736236,0.40433103848435653,28.041208999994183
power_theta50_rho64,power,50.0,64.0,-1.0,66,20101186,184,True,40,10,0.03200500118578071,0.08001250296445177,0.020003125741112942,0.254967648520667,0.4477008092339901,24.195749999996963
power_theta50_rho64,power,50.0,64.0,-1.0,64,20101184,195,True,60,12,0.03816748066929371,0.11450244200788114,0.022900488401576227,0.3002837878082243,0.39241967323863886,22.99816699999724
power_theta50_rho64,power,50.0,64.0,-1.0,70,20101190,156,True,61,7,0.014471296876276987,0.07028915625620251,0.008065968750711763,0.1291397324604771,0.4938904257355116,26.64870799999619
power_theta50_rho64,power,50.0,64.0,-1.0,68,20101188,189,True,36,10,0.04772365790571379,0.10976441318314172,0.03049011477309492,0.3268190362129525,0.3536146524268247,23.264957999998614
power_theta50_rho64,power,50.0,64.0,-1.0,71,20101191,161,True,18,14,0.03879468853892632,0.044336786901630086,0.03448416759015674,0.20962518751572795,0.18395448832587075,26.929582999997592
power_theta50_rho64,power,50.0,64.0,-1.0,72,20101192,175,True,60,17,0.06401666894311603,0.1449789267241157,0.04107736257183278,0.3736342241973715,0.3649629249030462,27.73987499999464
power_theta50_rho64,power,50.0,64.0,-1.0,80,20101200,100,True,22,7,0.04609627285772148,0.09548513663385162,0.030381634383498245,0.17768388306653254,0.45565862708719856,22.716207999998517
power_theta50_rho64,power,50.0,64.0,-1.0,79,20101199,126,True,39,5,0.026360398535269874,0.11598575355518745,0.014869968404511212,0.6602576062442747,0.2565266106442577,22.232708999993633
power_theta50_rho64,power,50.0,64.0,-1.0,74,20101194,153,True,67,5,0.021330246910210064,0.15357777775351247,0.011461028190560631,0.4442777176727433,0.3036568694463432,26.01791599999359
power_theta50_rho64,power,50.0,64.0,-1.0,73,20101193,164,True,60,5,0.01923743090605608,0.1250433008893645,0.01042027507411371,0.3582313552878885,0.3572727272727273,26.421542000001352
power_theta50_rho64,power,50.0,64.0,-1.0,78,20101198,153,True,33,8,0.022741028409252247,0.05827388529870889,0.0141270024966567,0.1415103146192483,0.5639880952380952,23.89654099999916
power_theta50_rho64,power,50.0,64.0,-1.0,77,20101197,178,True,36,12,0.04583519593429058,0.09167039186858116,0.030556797289527052,0.32821283240699833,0.24847940350309547,25.951667000001066
power_theta50_rho64,power,50.0,64.0,-1.0,76,20101196,179,True,63,10,0.06514425023368796,0.23777651335296102,0.03774230370681921,0.3807037056906101,0.5652624010087185,28.026207999999997
power_theta50_rho64,power,50.0,64.0,-1.0,75,20101195,187,True,74,12,0.04662245340959823,0.16706379138439367,0.02709142562990168,0.37881576378158915,0.39317858067858064,25.541916999998193
power_theta50_rho64,power,50.0,64.0,-1.0,81,20101201,174,True,72,13,0.04104031800336428,0.134170270395614,0.02422518771031919,0.3681586887973598,0.4338200391210425,24.660707999998976
power_theta50_rho64,power,50.0,64.0,-1.0,86,20101206,140,True,37,10,0.07451945939198591,0.1751207295711669,0.04732992691112618,0.3286824815020334,0.5858237547892721,23.884375000001512
power_theta50_rho64,power,50.0,64.0,-1.0,83,20101203,176,True,49,11,0.03044879375191129,0.08304216477793988,0.018642118623619156,0.21749431355799695,0.40521987526552544,22.399625000005585
power_theta50_rho64,power,50.0,64.0,-1.0,85,20101205,167,True,79,11,0.04546028720193198,0.18597390218972176,0.025895100304897965,0.4659345824600171,0.45133915285862847,24.43099999999987
power_theta50_rho64,power,50.0,64.0,-1.0,84,20101204,171,True,62,18,0.031244071249617526,0.06943126944359451,0.020157465322333888,0.209334244679643,0.3048727107161205,23.536749999998108
power_theta50_rho64,power,50.0,64.0,-1.0,88,20101208,154,True,50,10,0.052121977459248,0.15636593237774404,0.0312731864755488,0.5088640381391081,0.3142519496554244,25.187666999997305
power_theta50_rho64,power,50.0,64.0,-1.0,82,20101202,201,True,72,16,0.04203451716700142,0.11559492220925391,0.025687760490945313,0.4141388589435383,0.29653072229750166,26.63404199999775
power_theta50_rho64,power,50.0,64.0,-1.0,87,20101207,173,True,68,16,0.05935704850217522,0.15581225231820994,0.036661706427814106,0.3098189815799401,0.515789932238142,24.576625000001684
power_theta100_rho0,power,100.0,0.0,-1.0,0,20111120,1,False,0,0,1.0,1.0,1.0,1.0,1.0,21.500875000000974
power_theta100_rho0,power,100.0,0.0,-1.0,1,20111121,1,False,0,0,1.0,1.0,1.0,1.0,1.0,24.150167000001943
power_theta50_rho64,power,50.0,64.0,-1.0,91,20101211,154,True,55,17,0.08018109954809617,0.16979526963126246,0.05248217424966294,0.43204115272011345,0.43988484413151346,23.356250000006185
power_theta100_rho0,power,100.0,0.0,-1.0,2,20111122,1,False,0,0,1.0,1.0,1.0,1.0,1.0,24.646332999999743
power_theta100_rho0,power,100.0,0.0,-1.0,3,20111123,1,False,0,0,1.0,1.0,1.0,1.0,1.0,27.22220799999775
power_theta100_rho0,power,100.0,0.0,-1.0,4,20111124,1,False,0,0,1.0,1.0,1.0,1.0,1.0,24.863084000003255
power_theta100_rho0,power,100.0,0.0,-1.0,5,20111125,1,False,0,0,1.0,1.0,1.0,1.0,1.0,23.542665999997325
power_theta50_rho64,power,50.0,64.0,-1.0,89,20101209,170,True,64,9,0.01966750605543135,0.07976266344702714,0.01121662454723819,0.28847490819023136,0.29083639263579814,24.238832999998294
power_theta100_rho0,power,100.0,0.0,-1.0,6,20111126,1,False,0,0,1.0,1.0,1.0,1.0,1.0,24.400708000001714
power_theta100_rho0,power,100.0,0.0,-1.0,7,20111127,1,False,0,0,1.0,1.0,1.0,1.0,1.0,24.097957999998698
power_theta100_rho0,power,100.0,0.0,-1.0,8,20111128,1,False,0,0,1.0,1.0,1.0,1.0,1.0,24.75991700000435
power_theta100_rho0,power,100.0,0.0,-1.0,9,20111129,1,False,0,0,1.0,1.0,1.0,1.0,1.0,28.23908300000255
power_theta100_rho0,power,100.0,0.0,-1.0,10,20111130,1,False,0,0,1.0,1.0,1.0,1.0,1.0,27.950791000002084
power_theta100_rho0,power,100.0,0.0,-1.0,11,20111131,1,False,0,0,1.0,1.0,1.0,1.0,1.0,24.161250000005907
power_theta100_rho0,power,100.0,0.0,-1.0,12,20111132,1,False,0,0,1.0,1.0,1.0,1.0,1.0,27.332874999999035
power_theta100_rho0,power,100.0,0.0,-1.0,13,20111133,1,False,0,0,1.0,1.0,1.0,1.0,1.0,27.74841699999797
power_theta100_rho0,power,100.0,0.0,-1.0,14,20111134,1,False,0,0,1.0,1.0,1.0,1.0,1.0,25.39254199999874
power_theta50_rho64,power,50.0,64.0,-1.0,92,20101212,158,True,58,8,0.0344978890733746,0.14230379242767024,0.01962810930036831,0.33693936213037645,0.4984586225794666,23.389958000002764
power_theta100_rho0,power,100.0,0.0,-1.0,15,20111135,1,False,0,0,1.0,1.0,1.0,1.0,1.0,28.228749999996694
power_theta100_rho0,power,100.0,0.0,-1.0,16,20111136,1,False,0,0,1.0,1.0,1.0,1.0,1.0,27.39454200000324
power_theta100_rho0,power,100.0,0.0,-1.0,17,20111137,1,False,0,0,1.0,1.0,1.0,1.0,1.0,22.65504200000379
power_theta100_rho0,power,100.0,0.0,-1.0,18,20111138,1,False,0,0,1.0,1.0,1.0,1.0,1.0,24.303375000002347
power_theta100_rho0,power,100.0,0.0,-1.0,19,20111139,1,False,0,0,1.0,1.0,1.0,1.0,1.0,29.87008400000235
power_theta100_rho0,power,100.0,0.0,-1.0,20,20111140,1,False,0,0,1.0,1.0,1.0,1.0,1.0,30.1879160000027
power_theta100_rho0,power,100.0,0.0,-1.0,21,20111141,1,False,0,0,1.0,1.0,1.0,1.0,1.0,28.04937500000193
power_theta100_rho0,power,100.0,0.0,-1.0,22,20111142,1,False,0,0,1.0,1.0,1.0,1.0,1.0,34.738083000000586
power_theta100_rho0,power,100.0,0.0,-1.0,23,20111143,1,False,0,0,1.0,1.0,1.0,1.0,1.0,29.47408400000029
power_theta50_rho64,power,50.0,64.0,-1.0,90,20101210,183,True,58,16,0.03528298480839871,0.08159190236942203,0.02250811099846125,0.26262693135572956,0.3388882241339672,29.41833400000604
power_theta100_rho0,power,100.0,0.0,-1.0,25,20111145,1,False,0,0,1.0,1.0,1.0,1.0,1.0,27.600624999998047
power_theta100_rho0,power,100.0,0.0,-1.0,24,20111144,1,False,0,0,1.0,1.0,1.0,1.0,1.0,32.707791999996516
power_theta100_rho0,power,100.0,0.0,-1.0,26,20111146,1,False,0,0,1.0,1.0,1.0,1.0,1.0,26.882833000001938
power_theta100_rho0,power,100.0,0.0,-1.0,27,20111147,1,False,0,0,1.0,1.0,1.0,1.0,1.0,24.02070899999842
power_theta100_rho0,power,100.0,0.0,-1.0,29,20111149,1,False,0,0,1.0,1.0,1.0,1.0,1.0,29.57504199999761
power_theta100_rho0,power,100.0,0.0,-1.0,30,20111150,1,False,0,0,1.0,1.0,1.0,1.0,1.0,28.65066700000085
power_theta100_rho0,power,100.0,0.0,-1.0,28,20111148,1,False,0,0,1.0,1.0,1.0,1.0,1.0,35.75387499999749
power_theta100_rho0,power,100.0,0.0,-1.0,31,20111151,1,False,0,0,1.0,1.0,1.0,1.0,1.0,24.131917000005387
power_theta100_rho0,power,100.0,0.0,-1.0,32,20111152,1,False,0,0,1.0,1.0,1.0,1.0,1.0,28.19254100000279
power_theta100_rho0,power,100.0,0.0,-1.0,34,20111154,1,False,0,0,1.0,1.0,1.0,1.0,1.0,33.48154199999698
power_theta100_rho0,power,100.0,0.0,-1.0,33,20111153,1,False,0,0,1.0,1.0,1.0,1.0,1.0,37.69195800000347
power_theta100_rho0,power,100.0,0.0,-1.0,35,20111155,1,False,0,0,1.0,1.0,1.0,1.0,1.0,38.508999999997684
power_theta100_rho0,power,100.0,0.0,-1.0,36,20111156,1,False,0,0,1.0,1.0,1.0,1.0,1.0,27.37604200000021
power_theta100_rho0,power,100.0,0.0,-1.0,37,20111157,1,False,0,0,1.0,1.0,1.0,1.0,1.0,26.64533400000124
power_theta100_rho0,power,100.0,0.0,-1.0,38,20111158,1,False,0,0,1.0,1.0,1.0,1.0,1.0,27.917917000003456
power_theta100_rho0,power,100.0,0.0,-1.0,39,20111159,1,False,0,0,1.0,1.0,1.0,1.0,1.0,35.88666699999976
power_theta100_rho0,power,100.0,0.0,-1.0,40,20111160,1,False,0,0,1.0,1.0,1.0,1.0,1.0,33.68629199999873
power_theta100_rho0,power,100.0,0.0,-1.0,41,20111161,1,False,0,0,1.0,1.0,1.0,1.0,1.0,34.47287499999874
power_theta100_rho0,power,100.0,0.0,-1.0,42,20111162,1,False,0,0,1.0,1.0,1.0,1.0,1.0,29.350499999999613
power_theta100_rho0,power,100.0,0.0,-1.0,43,20111163,1,False,0,0,1.0,1.0,1.0,1.0,1.0,24.981042000000286
power_theta100_rho0,power,100.0,0.0,-1.0,46,20111166,1,False,0,0,1.0,1.0,1.0,1.0,1.0,31.33245799999429
power_theta100_rho0,power,100.0,0.0,-1.0,44,20111164,1,False,0,0,1.0,1.0,1.0,1.0,1.0,33.35012499999834
power_theta100_rho0,power,100.0,0.0,-1.0,47,20111167,1,False,0,0,1.0,1.0,1.0,1.0,1.0,31.312583999998367
power_theta100_rho0,power,100.0,0.0,-1.0,45,20111165,1,False,0,0,1.0,1.0,1.0,1.0,1.0,36.8612079999977
power_theta100_rho0,power,100.0,0.0,-1.0,48,20111168,1,False,0,0,1.0,1.0,1.0,1.0,1.0,26.054667000003917
power_theta100_rho0,power,100.0,0.0,-1.0,49,20111169,1,False,0,0,1.0,1.0,1.0,1.0,1.0,36.35408299999909
power_theta100_rho0,power,100.0,0.0,-1.0,50,20111170,1,False,0,0,1.0,1.0,1.0,1.0,1.0,38.04370900000009
power_theta100_rho0,power,100.0,0.0,-1.0,52,20111172,1,False,0,0,1.0,1.0,1.0,1.0,1.0,35.54100000000204
power_theta100_rho0,power,100.0,0.0,-1.0,51,20111171,1,False,0,0,1.0,1.0,1.0,1.0,1.0,38.46554100000077
power_theta100_rho0,power,100.0,0.0,-1.0,53,20111173,1,False,0,0,1.0,1.0,1.0,1.0,1.0,38.56699999999336
power_theta50_rho64,power,50.0,64.0,-1.0,94,20101214,143,True,44,3,0.01445254756420468,0.11321162258627,0.007718974267245682,0.3900124019251871,0.39230769230769225,29.36670900000138
power_theta100_rho0,power,100.0,0.0,-1.0,54,20111174,1,False,0,0,1.0,1.0,1.0,1.0,1.0,35.35633399999938
power_theta100_rho0,power,100.0,0.0,-1.0,56,20111176,1,False,0,0,1.0,1.0,1.0,1.0,1.0,35.490541000001485
power_theta100_rho0,power,100.0,0.0,-1.0,55,20111175,1,False,0,0,1.0,1.0,1.0,1.0,1.0,34.894375000000366
power_theta100_rho0,power,100.0,0.0,-1.0,57,20111177,1,False,0,0,1.0,1.0,1.0,1.0,1.0,35.13766700000076
power_theta100_rho0,power,100.0,0.0,-1.0,58,20111178,1,False,0,0,1.0,1.0,1.0,1.0,1.0,31.389665999995486
power_theta100_rho0,power,100.0,0.0,-1.0,59,20111179,1,False,0,0,1.0,1.0,1.0,1.0,1.0,36.58870800000358
power_theta100_rho0,power,100.0,0.0,-1.0,60,20111180,1,False,0,0,1.0,1.0,1.0,1.0,1.0,36.01866699999334
power_theta100_rho0,power,100.0,0.0,-1.0,62,20111182,1,False,0,0,1.0,1.0,1.0,1.0,1.0,36.745832999997674
power_theta100_rho0,power,100.0,0.0,-1.0,63,20111183,1,False,0,0,1.0,1.0,1.0,1.0,1.0,34.856417000000306
power_theta100_rho0,power,100.0,0.0,-1.0,61,20111181,1,False,0,0,1.0,1.0,1.0,1.0,1.0,40.24266700000112
power_theta100_rho0,power,100.0,0.0,-1.0,64,20111184,1,False,0,0,1.0,1.0,1.0,1.0,1.0,34.825249999997254
power_theta100_rho0,power,100.0,0.0,-1.0,65,20111185,1,False,0,0,1.0,1.0,1.0,1.0,1.0,28.556416000000695
power_theta100_rho0,power,100.0,0.0,-1.0,66,20111186,1,False,0,0,1.0,1.0,1.0,1.0,1.0,40.5034999999998
power_theta100_rho0,power,100.0,0.0,-1.0,67,20111187,1,False,0,0,1.0,1.0,1.0,1.0,1.0,40.28112499999992
power_theta100_rho0,power,100.0,0.0,-1.0,68,20111188,1,False,0,0,1.0,1.0,1.0,1.0,1.0,44.576833999997234
power_theta100_rho0,power,100.0,0.0,-1.0,69,20111189,1,False,0,0,1.0,1.0,1.0,1.0,1.0,45.01054199999999
power_theta100_rho0,power,100.0,0.0,-1.0,70,20111190,1,False,0,0,1.0,1.0,1.0,1.0,1.0,43.308375000002286
power_theta100_rho0,power,100.0,0.0,-1.0,71,20111191,1,False,0,0,1.0,1.0,1.0,1.0,1.0,43.50616700000387
power_theta100_rho0,power,100.0,0.0,-1.0,72,20111192,1,False,0,0,1.0,1.0,1.0,1.0,1.0,35.47400000000067
power_theta100_rho0,power,100.0,0.0,-1.0,73,20111193,1,False,0,0,1.0,1.0,1.0,1.0,1.0,34.52833300000435
power_theta100_rho0,power,100.0,0.0,-1.0,76,20111196,1,False,0,0,1.0,1.0,1.0,1.0,1.0,35.616625000002955
power_theta100_rho0,power,100.0,0.0,-1.0,75,20111195,1,False,0,0,1.0,1.0,1.0,1.0,1.0,37.47683299999949
power_theta100_rho0,power,100.0,0.0,-1.0,77,20111197,1,False,0,0,1.0,1.0,1.0,1.0,1.0,37.406125000003954
power_theta100_rho0,power,100.0,0.0,-1.0,74,20111194,1,False,0,0,1.0,1.0,1.0,1.0,1.0,36.99824999999635
power_theta100_rho0,power,100.0,0.0,-1.0,78,20111198,1,False,0,0,1.0,1.0,1.0,1.0,1.0,36.718333999999686
power_theta100_rho0,power,100.0,0.0,-1.0,79,20111199,1,False,0,0,1.0,1.0,1.0,1.0,1.0,40.06195899999909
power_theta50_rho64,power,50.0,64.0,-1.0,95,20101215,145,True,44,15,0.04939246204109981,0.09713850868082963,0.033115400686646465,0.27732466763884944,0.45676204155830435,33.989209000004905
power_theta100_rho0,power,100.0,0.0,-1.0,81,20111201,1,False,0,0,1.0,1.0,1.0,1.0,1.0,36.20145900000438
power_theta100_rho0,power,100.0,0.0,-1.0,80,20111200,1,False,0,0,1.0,1.0,1.0,1.0,1.0,36.763167000003705
power_theta100_rho0,power,100.0,0.0,-1.0,82,20111202,1,False,0,0,1.0,1.0,1.0,1.0,1.0,39.11962499999788
power_theta100_rho0,power,100.0,0.0,-1.0,83,20111203,1,False,0,0,1.0,1.0,1.0,1.0,1.0,37.75204200000104
power_theta100_rho0,power,100.0,0.0,-1.0,84,20111204,1,False,0,0,1.0,1.0,1.0,1.0,1.0,30.538332999995532
power_theta100_rho0,power,100.0,0.0,-1.0,85,20111205,1,False,0,0,1.0,1.0,1.0,1.0,1.0,37.008542000002365
power_theta100_rho0,power,100.0,0.0,-1.0,87,20111207,1,False,0,0,1.0,1.0,1.0,1.0,1.0,38.61108299999927
power_theta100_rho0,power,100.0,0.0,-1.0,86,20111206,1,False,0,0,1.0,1.0,1.0,1.0,1.0,41.601834000005056
power_theta100_rho0,power,100.0,0.0,-1.0,88,20111208,1,False,0,0,1.0,1.0,1.0,1.0,1.0,37.70545900000144
power_theta100_rho0,power,100.0,0.0,-1.0,89,20111209,1,False,0,0,1.0,1.0,1.0,1.0,1.0,37.86029200000485
power_theta100_rho0,power,100.0,0.0,-1.0,90,20111210,1,False,0,0,1.0,1.0,1.0,1.0,1.0,40.87441699999772
power_theta100_rho0,power,100.0,0.0,-1.0,91,20111211,1,False,0,0,1.0,1.0,1.0,1.0,1.0,25.84095800000341
power_theta100_rho0,power,100.0,0.0,-1.0,92,20111212,1,False,0,0,1.0,1.0,1.0,1.0,1.0,23.772915999998645
power_theta100_rho0,power,100.0,0.0,-1.0,94,20111214,1,False,0,0,1.0,1.0,1.0,1.0,1.0,43.557458999998744
power_theta100_rho0,power,100.0,0.0,-1.0,93,20111213,1,False,0,0,1.0,1.0,1.0,1.0,1.0,44.78174999999851
power_theta100_rho0,power,100.0,0.0,-1.0,95,20111215,1,False,0,0,1.0,1.0,1.0,1.0,1.0,45.019209000003
power_theta100_rho0,power,100.0,0.0,-1.0,96,20111216,1,False,0,0,1.0,1.0,1.0,1.0,1.0,46.821665999999595
power_theta100_rho0,power,100.0,0.0,-1.0,97,20111217,1,False,0,0,1.0,1.0,1.0,1.0,1.0,45.768916999996634
power_theta100_rho0,power,100.0,0.0,-1.0,98,20111218,1,False,0,0,1.0,1.0,1.0,1.0,1.0,45.13962499999735
power_theta50_rho64,power,50.0,64.0,-1.0,99,20101219,109,True,31,11,0.09142576645371758,0.17454009959346084,0.06193358372671191,0.5215496685485359,0.36939766079562214,44.386666000001185
power_theta100_rho0,power,100.0,0.0,-1.0,99,20111219,1,False,0,0,1.0,1.0,1.0,1.0,1.0,41.34316700000085
power_theta50_rho64,power,50.0,64.0,-1.0,97,20101217,126,True,39,9,0.04209251502788333,0.11224670674102222,0.025903086171005126,0.47956563990911405,0.2506385696040868,38.16425000000123
power_theta100_rho1,power,100.0,1.0,-1.0,2,20121122,5,False,3,0,0.0,0.0,0.0,0.0,0.0,37.16529199999741
power_theta100_rho1,power,100.0,1.0,-1.0,4,20121124,3,False,1,0,0.0,0.0,0.0,0.0,0.0,37.33941699999832
power_theta100_rho1,power,100.0,1.0,-1.0,1,20121121,5,False,1,0,0.0,0.0,0.0,0.0,0.0,37.674084000002495
power_theta100_rho1,power,100.0,1.0,-1.0,3,20121123,3,True,1,7,0.0005426349474405508,0.0003100771128231719,0.002170539789762203,0.33643366741314146,0.0064516129032258064,38.16908399999619
power_theta100_rho1,power,100.0,1.0,-1.0,7,20121127,4,True,0,2,0.0,0.0,0.0,0.0,0.0,29.884417000005215
power_theta100_rho1,power,100.0,1.0,-1.0,5,20121125,7,True,4,16,0.0006744888710161827,0.00042155554438511413,0.0016862221775404565,0.11470827337122183,0.4310973541383989,30.240208000002156
power_theta100_rho1,power,100.0,1.0,-1.0,6,20121126,7,False,0,0,1.0,1.0,1.0,1.0,1.0,68.46654200000302
power_theta100_rho1,power,100.0,1.0,-1.0,0,20121120,12,True,1,15,0.0014877183782782849,0.0007934498017484187,0.01190174702622628,0.012397653152319043,0.96,72.29633399999358
power_theta100_rho1,power,100.0,1.0,-1.0,8,20121128,6,True,1,1,0.01941970191383854,0.01941970191383854,0.01941970191383854,0.019703201211850783,0.9856115107913669,68.71754199999458
power_theta100_rho1,power,100.0,1.0,-1.0,11,20121131,2,False,0,0,1.0,1.0,1.0,1.0,1.0,61.190459000002306
power_theta100_rho1,power,100.0,1.0,-1.0,12,20121132,2,False,1,0,0.0,0.0,0.0,0.0,0.0,50.532791000001964
power_theta100_rho1,power,100.0,1.0,-1.0,10,20121130,4,False,2,0,0.0,0.0,0.0,0.0,0.0,46.647000000000105
power_theta100_rho1,power,100.0,1.0,-1.0,13,20121133,6,True,2,5,0.0006096281968907042,0.00042673973782349293,0.0010668493445587324,0.008156067099540042,0.14790632419598532,46.96549999999888
power_theta100_rho1,power,100.0,1.0,-1.0,9,20121129,6,True,2,4,0.007579914699243954,0.005684936024432966,0.011369872048865932,0.05988872752560612,0.21706132361870067,49.553250000002436
power_theta50_rho64,power,50.0,64.0,-1.0,93,20101213,162,True,48,11,0.020469738332014386,0.05489611643585677,0.01258036001655051,0.22913728129944644,0.24775110260561445,44.81987500000173
power_theta100_rho1,power,100.0,1.0,-1.0,15,20121135,3,False,2,0,0.0,0.0,0.0,0.0,0.0,27.113750000005155
power_theta100_rho1,power,100.0,1.0,-1.0,17,20121137,2,False,0,0,1.0,1.0,1.0,1.0,1.0,30.250999999999806
power_theta100_rho1,power,100.0,1.0,-1.0,18,20121138,1,False,0,0,1.0,1.0,1.0,1.0,1.0,29.822666999997693
power_theta100_rho1,power,100.0,1.0,-1.0,16,20121136,5,True,1,11,0.001629676654438019,0.000888914538784374,0.009778059926628113,0.010236406485688807,0.9552238805970149,34.01308400000147
power_theta100_rho1,power,100.0,1.0,-1.0,14,20121134,6,False,2,0,0.0,0.0,0.0,0.0,0.0,34.70637500000606
power_theta100_rho1,power,100.0,1.0,-1.0,20,20121140,2,False,0,0,1.0,1.0,1.0,1.0,1.0,25.053875000004666
power_theta100_rho1,power,100.0,1.0,-1.0,23,20121143,4,True,1,9,0.0,0.0,0.0,0.019023980382721146,0.0,30.13737499999536
power_theta100_rho1,power,100.0,1.0,-1.0,19,20121139,8,False,3,0,0.0,0.0,0.0,0.0,0.0,37.7888340000041
power_theta100_rho1,power,100.0,1.0,-1.0,22,20121142,5,True,6,7,0.029175071105731375,0.027091137455321993,0.03160632703120899,0.2797555553022532,0.06142907613495849,35.51633400000043
power_theta100_rho1,power,100.0,1.0,-1.0,24,20121144,3,True,5,4,0.032816267741304084,0.036918301208967094,0.029534640967173675,0.20246493578321184,0.1384508399588234,35.58116600000005
power_theta100_rho1,power,100.0,1.0,-1.0,28,20121148,2,False,2,0,0.0,0.0,0.0,0.0,0.0,29.206666999996855
power_theta100_rho1,power,100.0,1.0,-1.0,21,20121141,8,False,0,0,1.0,1.0,1.0,1.0,1.0,38.21150000000273
power_theta100_rho1,power,100.0,1.0,-1.0,25,20121145,4,True,2,8,0.07451724867469742,0.04657328042168588,0.18629312168674353,0.18638912565152346,0.9672131147540983,34.56516699999668
power_theta100_rho1,power,100.0,1.0,-1.0,26,20121146,3,False,0,0,1.0,1.0,1.0,1.0,1.0,28.565708999998662
power_theta100_rho1,power,100.0,1.0,-1.0,27,20121147,8,False,0,0,1.0,1.0,1.0,1.0,1.0,30.12958299999724
power_theta100_rho1,power,100.0,1.0,-1.0,30,20121150,3,False,0,0,1.0,1.0,1.0,1.0,1.0,31.388374999998803
power_theta100_rho1,power,100.0,1.0,-1.0,32,20121152,3,True,3,10,0.006994565105353181,0.0045464673184795685,0.015154891061598562,0.017057727231084136,0.6103990862592417,28.294082999998693
power_theta100_rho1,power,100.0,1.0,-1.0,34,20121154,3,True,1,3,0.0,0.0,0.0,0.7363583991946616,0.0,38.19720900000334
power_theta100_rho1,power,100.0,1.0,-1.0,35,20121155,4,True,0,10,0.0,0.0,0.0,0.0,0.0,38.41045800000131
power_theta100_rho1,power,100.0,1.0,-1.0,36,20121156,5,True,1,1,0.0,0.0,0.0,1.0,0.0,38.162332999995385
power_theta100_rho1,power,100.0,1.0,-1.0,31,20121151,3,True,1,3,0.01812196868715492,0.01208131245810328,0.03624393737430984,0.05018391328750593,0.7222222222222222,39.11554100000103
power_theta100_rho1,power,100.0,1.0,-1.0,37,20121157,4,False,0,0,1.0,1.0,1.0,1.0,1.0,35.305749999999136
power_theta100_rho1,power,100.0,1.0,-1.0,38,20121158,2,False,0,0,1.0,1.0,1.0,1.0,1.0,31.14904200000268
power_theta100_rho1,power,100.0,1.0,-1.0,33,20121153,5,True,2,19,0.0,0.0,0.0,0.2738793052186693,0.0,38.96766700000143
power_theta100_rho1,power,100.0,1.0,-1.0,39,20121159,1,False,0,0,1.0,1.0,1.0,1.0,1.0,31.65487500000097
power_theta100_rho1,power,100.0,1.0,-1.0,40,20121160,6,True,9,1,0.02157138286981155,0.10785691434905775,0.01198410159433975,0.5572607241367984,0.1935483870967742,29.55075000000562
power_theta100_rho1,power,100.0,1.0,-1.0,42,20121162,3,False,1,0,0.0,0.0,0.0,0.0,0.0,23.50900000000422
power_theta100_rho1,power,100.0,1.0,-1.0,48,20121168,1,False,0,0,1.0,1.0,1.0,1.0,1.0,40.891541000000586
power_theta100_rho1,power,100.0,1.0,-1.0,44,20121164,4,True,1,1,0.14828252725356264,0.14828252725356264,0.14828252725356264,0.2965650545071253,0.5,41.44533299999864
power_theta100_rho1,power,100.0,1.0,-1.0,46,20121166,4,False,0,0,1.0,1.0,1.0,1.0,1.0,41.44554100000164
power_theta100_rho1,power,100.0,1.0,-1.0,41,20121161,6,True,2,7,0.008214685835945564,0.005280869465965006,0.01848304313087752,0.2126104681852505,0.043689320388349516,44.91087499999935
power_theta100_rho1,power,100.0,1.0,-1.0,45,20121165,3,True,4,4,0.08786022675195458,0.08786022675195458,0.08786022675195458,0.36884838903704475,0.4444016227180528,44.38741700000293
power_theta100_rho1,power,100.0,1.0,-1.0,47,20121167,5,False,0,0,1.0,1.0,1.0,1.0,1.0,41.79245899999984
power_theta100_rho1,power,100.0,1.0,-1.0,43,20121163,8,True,2,38,0.0012862825571620564,0.0006769908195589771,0.012862825571620566,0.0997127253736459,0.12127288578901482,40.035208999995575
power_theta100_rho1,power,100.0,1.0,-1.0,29,20121149,7,True,1,12,0.003705165858383128,0.0020069648399575275,0.024083578079490332,0.028656409360406216,0.8404255319148937,32.27333400000276
power_theta100_rho1,power,100.0,1.0,-1.0,49,20121169,4,False,0,0,1.0,1.0,1.0,1.0,1.0,30.402416999997683
power_theta100_rho1,power,100.0,1.0,-1.0,50,20121170,7,True,0,7,0.0,0.0,0.0,0.0,0.0,27.943249999999864
power_theta100_rho1,power,100.0,1.0,-1.0,51,20121171,2,False,0,0,1.0,1.0,1.0,1.0,1.0,30.096624999998767
power_theta100_rho1,power,100.0,1.0,-1.0,52,20121172,3,True,1,6,0.004007769326124784,0.002337865440239457,0.014027192641436743,0.014465542411481642,0.9696969696969697,37.316834000002075
power_theta100_rho1,power,100.0,1.0,-1.0,53,20121173,3,True,2,8,0.024125870120514394,0.015078668825321497,0.06031467530128599,0.13923403224393094,0.602114898989899,39.455207999999686
power_theta100_rho1,power,100.0,1.0,-1.0,56,20121176,2,True,2,4,0.004457341292054471,0.0033430059690408532,0.0066860119380817064,0.7805823021350222,0.008514492753623188,39.08812499999925
power_theta100_rho1,power,100.0,1.0,-1.0,58,20121178,2,False,1,0,0.0,0.0,0.0,0.0,0.0,39.67704099999736
power_theta100_rho1,power,100.0,1.0,-1.0,55,20121175,5,False,1,0,0.0,0.0,0.0,0.0,0.0,42.281791999997154
power_theta100_rho1,power,100.0,1.0,-1.0,57,20121177,3,True,1,2,1.3491562793337761e-05,1.011867209500332e-05,2.023734419000664e-05,0.0009916298653103255,0.02040816326530612,40.67883300000119
power_theta100_rho1,power,100.0,1.0,-1.0,54,20121174,7,True,2,1,0.0025495573572002586,0.003824336035800387,0.0019121680179001936,0.13002742521721317,0.029411764705882353,42.62837499999961
power_theta100_rho1,power,100.0,1.0,-1.0,59,20121179,5,True,5,1,0.0,0.0,0.0,0.04884443766118165,0.0,31.29533299999565
power_theta100_rho1,power,100.0,1.0,-1.0,60,20121180,3,True,2,2,0.03141089255042253,0.03141089255042253,0.03141089255042253,0.7591398635409858,0.06060606060606061,26.46795900000143
power_theta100_rho1,power,100.0,1.0,-1.0,61,20121181,3,False,0,0,1.0,1.0,1.0,1.0,1.0,27.32541700000013
power_theta100_rho1,power,100.0,1.0,-1.0,65,20121185,1,False,0,0,1.0,1.0,1.0,1.0,1.0,33.195499999997935
power_theta100_rho1,power,100.0,1.0,-1.0,67,20121187,1,False,0,0,1.0,1.0,1.0,1.0,1.0,32.172666999997546
power_theta100_rho1,power,100.0,1.0,-1.0,64,20121184,4,True,3,7,0.010101240248524726,0.00721517160608909,0.016835400414207877,0.4291976172112569,0.3084496956677408,41.47858299999996
power_theta100_rho1,power,100.0,1.0,-1.0,63,20121183,7,True,1,4,0.00746196851735755,0.004663730323348469,0.018654921293393877,0.01949021627668017,0.9571428571428572,41.060375000000704
power_theta100_rho1,power,100.0,1.0,-1.0,62,20121182,7,True,5,23,0.03321911898977041,0.020220333298121118,0.09301353317135715,0.1064933634559286,0.4368246507376942,41.821166000005405
power_theta100_rho1,power,100.0,1.0,-1.0,68,20121188,3,True,2,7,0.0020730205583913584,0.0013326560732515873,0.004664296256380556,0.30690007203887637,0.01098901098901099,38.72429199999772
power_theta100_rho1,power,100.0,1.0,-1.0,69,20121189,3,False,0,0,1.0,1.0,1.0,1.0,1.0,38.139542000003246
power_theta100_rho1,power,100.0,1.0,-1.0,70,20121190,3,False,1,0,0.0,0.0,0.0,0.0,0.0,35.10591699999566
power_theta100_rho1,power,100.0,1.0,-1.0,71,20121191,2,False,0,0,1.0,1.0,1.0,1.0,1.0,35.692832999998814
power_theta100_rho1,power,100.0,1.0,-1.0,66,20121186,7,True,4,16,0.1326168987746968,0.0828855617341855,0.331542246936742,0.3371842382382112,0.9842117758784426,43.85337499999764
power_theta100_rho1,power,100.0,1.0,-1.0,73,20121193,2,False,0,0,1.0,1.0,1.0,1.0,1.0,27.89095800000041
power_theta100_rho1,power,100.0,1.0,-1.0,72,20121192,4,True,3,16,0.0033597938912728557,0.001994877622943258,0.010639347322364044,0.21502451498145822,0.06162089423228037,29.40466700000144
power_theta100_rho1,power,100.0,1.0,-1.0,74,20121194,3,True,1,1,0.0,0.0,0.0,0.7185098979473686,0.0,29.762666999999965
power_theta100_rho1,power,100.0,1.0,-1.0,77,20121197,1,False,0,0,1.0,1.0,1.0,1.0,1.0,38.34870900000453
power_theta100_rho1,power,100.0,1.0,-1.0,76,20121196,3,False,1,0,0.0,0.0,0.0,0.0,0.0,40.063292000006356
power_theta100_rho1,power,100.0,1.0,-1.0,78,20121198,3,True,2,3,0.06718431182321703,0.05598692651934752,0.08398038977902128,0.25596865073589664,0.3402777777777778,39.90141700000294
power_theta100_rho1,power,100.0,1.0,-1.0,75,20121195,4,True,5,2,0.024676244702646753,0.04318342822963182,0.01727337129185273,0.06765309731717434,0.47959183673469385,40.986457999999004
power_theta100_rho1,power,100.0,1.0,-1.0,80,20121200,5,False,0,0,1.0,1.0,1.0,1.0,1.0,38.43837499999836
power_theta100_rho1,power,100.0,1.0,-1.0,81,20121201,2,True,3,1,0.0,0.0,0.0,0.17637870363980834,0.0,39.28329100000383
power_theta100_rho1,power,100.0,1.0,-1.0,79,20121199,4,True,5,12,0.011497356110412978,0.008143960578209193,0.019545505387702063,0.02012195466539094,0.9647186147186148,39.80037499999867
power_theta100_rho1,power,100.0,1.0,-1.0,84,20121204,1,False,0,0,1.0,1.0,1.0,1.0,1.0,27.388374999993914
power_theta100_rho1,power,100.0,1.0,-1.0,83,20121203,3,True,2,5,0.0004004437409860175,0.0002803106186902122,0.0007007765467255305,0.0007007765467255305,1.0,25.754833999997118
power_theta100_rho1,power,100.0,1.0,-1.0,82,20121202,8,True,1,24,4.928702491644155e-06,2.567032547731331e-06,6.160878114555194e-05,0.004497441023625291,0.0136986301369863,31.61125000000453
power_theta100_rho1,power,100.0,1.0,-1.0,87,20121207,1,False,0,0,1.0,1.0,1.0,1.0,1.0,30.35308300000139
power_theta100_rho1,power,100.0,1.0,-1.0,86,20121206,3,False,0,0,1.0,1.0,1.0,1.0,1.0,38.607749999997054
power_theta100_rho1,power,100.0,1.0,-1.0,88,20121208,2,True,3,1,0.0,0.0,0.0,1.0,0.0,35.094250000000216
power_theta100_rho1,power,100.0,1.0,-1.0,91,20121211,2,False,0,0,1.0,1.0,1.0,1.0,1.0,31.84491599999717
power_theta100_rho1,power,100.0,1.0,-1.0,85,20121205,5,True,2,1,0.0,0.0,0.0,1.0,0.0,39.84574999999779
power_theta100_rho1,power,100.0,1.0,-1.0,89,20121209,4,True,0,5,0.0,0.0,0.0,0.0,0.0,31.758124999996085
power_theta100_rho1,power,100.0,1.0,-1.0,90,20121210,7,True,3,6,0.1400184349761345,0.10501382623210087,0.21002765246420174,0.29396650175409383,0.6304194861233696,28.01295800000503
power_theta100_rho1,power,100.0,1.0,-1.0,93,20121213,3,False,0,0,1.0,1.0,1.0,1.0,1.0,30.79916600000132
power_theta100_rho1,power,100.0,1.0,-1.0,92,20121212,5,False,0,0,1.0,1.0,1.0,1.0,1.0,31.93362500000063
power_theta100_rho1,power,100.0,1.0,-1.0,94,20121214,6,False,0,0,1.0,1.0,1.0,1.0,1.0,30.98583300000257
power_theta100_rho1,power,100.0,1.0,-1.0,95,20121215,5,True,1,18,0.00044453021731150755,0.00023461317024774008,0.004223037064459321,0.5109874847995779,0.008264462809917356,32.97124999999568
power_theta100_rho1,power,100.0,1.0,-1.0,98,20121218,2,False,0,0,1.0,1.0,1.0,1.0,1.0,35.9502079999956
power_theta100_rho1,power,100.0,1.0,-1.0,99,20121219,1,False,0,0,1.0,1.0,1.0,1.0,1.0,38.079124999995884
power_theta100_rho1,power,100.0,1.0,-1.0,96,20121216,4,True,5,1,0.00022102380333113817,0.0006630714099934145,0.0001326142819986829,0.006630714099934145,0.1,35.19845800000354
power_theta100_rho1,power,100.0,1.0,-1.0,97,20121217,6,True,3,2,0.0,0.0,0.0,0.6252591573775788,0.0,31.170708000004765
power_theta100_rho4,power,100.0,4.0,-1.0,2,20131122,8,True,3,14,0.01944951284729954,0.011808632800146148,0.055106953067348696,0.17565588731302906,0.22910894979860497,25.767833000003293
power_theta100_rho4,power,100.0,4.0,-1.0,4,20131124,6,False,2,0,0.0,0.0,0.0,0.0,0.0,24.890542000001403
power_theta100_rho4,power,100.0,4.0,-1.0,3,20131123,10,True,12,4,0.11775967130435684,0.23551934260871366,0.07850644753623788,0.4505803501678629,0.7043142043142043,26.699332999996273
power_theta100_rho4,power,100.0,4.0,-1.0,1,20131121,15,True,14,21,0.03439170941663219,0.028659757847193486,0.04298963677079023,0.11015059151442197,0.3390519347807193,27.580457999995645
power_theta100_rho4,power,100.0,4.0,-1.0,9,20131129,8,False,10,0,0.0,0.0,0.0,0.0,0.0,36.56795900000276
power_theta100_rho4,power,100.0,4.0,-1.0,6,20131126,10,True,2,17,0.0,0.0,0.0,0.06655232764794633,0.0,37.73087500000116
power_theta100_rho4,power,100.0,4.0,-1.0,7,20131127,10,True,5,6,0.02055993642209613,0.01884660838692145,0.02261593006430574,0.06490799231123007,0.5212380952380953,32.24387500000603
power_theta100_rho4,power,100.0,4.0,-1.0,8,20131128,12,True,1,1,0.0,0.0,0.0,0.8359434827160102,0.0,33.473416999996175
power_theta100_rho4,power,100.0,4.0,-1.0,0,20131120,19,True,14,15,0.033819314402160294,0.032692003922088285,0.0350271470593803,0.23276972955675854,0.32330811287553635,41.03287499999908
power_theta100_rho4,power,100.0,4.0,-1.0,5,20131125,13,True,12,7,0.003873722999026241,0.00525719549867847,0.0030666973742291075,0.03340696484334079,0.3544754562405202,28.834124999995936
power_theta100_rho4,power,100.0,4.0,-1.0,12,20131132,7,True,8,3,0.03197009183167544,0.0586118350247383,0.021979438134276864,0.07427172328094282,0.7826923076923077,25.34683399999693
power_theta100_rho4,power,100.0,4.0,-1.0,11,20131131,11,True,4,11,0.006605168262431495,0.004503523815294202,0.012384690492059054,0.29307164010235437,0.2796069035374786,26.739374999998233
power_theta100_rho4,power,100.0,4.0,-1.0,10,20131130,15,True,2,22,0.007096322955065206,0.003870721611853749,0.04257793773039124,0.1653935464617468,0.5254301380223105,24.286166999999637
power_theta100_rho4,power,100.0,4.0,-1.0,16,20131136,9,False,4,0,0.0,0.0,0.0,0.0,0.0,32.249750000005406
power_theta100_rho4,power,100.0,4.0,-1.0,13,20131133,14,True,12,6,0.019415678520258817,0.029123517780388224,0.014561758890194112,0.11914376954710797,0.3819444444444444,31.358333000000016
power_theta100_rho4,power,100.0,4.0,-1.0,18,20131138,9,True,4,11,0.010797301436238428,0.007361796433798928,0.02024494019294705,0.04061054206842426,0.6654839232133115,32.07349999999565
power_theta100_rho4,power,100.0,4.0,-1.0,15,20131135,13,False,0,0,1.0,1.0,1.0,1.0,1.0,26.29370900000083
power_theta100_rho4,power,100.0,4.0,-1.0,22,20131142,6,True,7,6,0.011609229653123826,0.012576665457550812,0.010779998963614982,0.01785539074351042,0.5782828282828283,26.488708000002248
power_theta100_rho4,power,100.0,4.0,-1.0,17,20131137,16,True,3,22,0.012049377537304258,0.006846237237104692,0.05020573973876774,0.4000117864149269,0.5285052595653393,37.776125000000604
power_theta100_rho4,power,100.0,4.0,-1.0,21,20131141,10,True,8,3,0.010296400156251795,0.018876733619794958,0.007078775107423109,0.034538177524944966,0.4507936507936508,33.6445829999974
power_theta100_rho4,power,100.0,4.0,-1.0,14,20131134,17,True,5,15,0.036509080727133915,0.024339387151422608,0.07301816145426783,0.17862871379043463,0.5384062312955527,37.53179199999579
power_theta100_rho4,power,100.0,4.0,-1.0,19,20131139,16,True,3,7,0.0021763271083862666,0.0015545193631330474,0.003627211847310444,0.25049566548893126,0.004830917874396135,36.77966699999757
power_theta100_rho4,power,100.0,4.0,-1.0,20,20131140,14,True,2,9,0.034975566988992686,0.021373957604384416,0.09618280921972988,0.15267663802922737,0.6047619047619048,31.242333999998095
power_theta100_rho4,power,100.0,4.0,-1.0,24,20131144,10,True,1,10,0.0,0.0,0.0,0.00815525888595501,0.0,28.39287500000154
power_theta100_rho4,power,100.0,4.0,-1.0,27,20131147,5,False,6,0,0.0,0.0,0.0,0.0,0.0,27.450666999996542
power_theta50_rho64,power,50.0,64.0,-1.0,96,20101216,177,True,37,8,0.0836457452350433,0.23525365847355928,0.050865655886174976,0.5108846857790623,0.4306241234221599,28.536332999998137
power_theta100_rho4,power,100.0,4.0,-1.0,28,20131148,6,False,2,0,0.0,0.0,0.0,0.0,0.0,24.40145799999982
power_theta100_rho4,power,100.0,4.0,-1.0,31,20131151,6,True,0,2,0.0,0.0,0.0,0.0,0.0,25.902667000003987
power_theta100_rho4,power,100.0,4.0,-1.0,26,20131146,17,False,1,0,0.0,0.0,0.0,0.0,0.0,29.225499999995463
power_theta100_rho4,power,100.0,4.0,-1.0,23,20131143,18,True,10,5,0.005669737288421518,0.008504605932632277,0.0042523029663161386,0.2612117771108384,0.061885305705530434,27.26549999999861
power_theta100_rho4,power,100.0,4.0,-1.0,25,20131145,19,True,11,9,0.10733029575347665,0.11925588417052962,0.09757299613952423,0.23199230306376903,0.3286443833239793,32.383750000001044
power_theta100_rho4,power,100.0,4.0,-1.0,30,20131150,13,True,9,11,0.015884081896048223,0.014440074450952928,0.017648979884498026,0.09024192778554635,0.2595088781419275,31.70820799999774
power_theta100_rho4,power,100.0,4.0,-1.0,29,20131149,13,True,10,8,0.015188944302240675,0.01708756234002076,0.013670049872016607,0.16962171450061148,0.28748641083244947,33.678584000000455
power_theta100_rho4,power,100.0,4.0,-1.0,36,20131156,4,True,1,2,0.007720511630910958,0.0057903837231832195,0.011580767446366439,0.6060601630265103,0.01910828025477707,26.295666000002882
power_theta100_rho4,power,100.0,4.0,-1.0,35,20131155,6,True,0,18,0.0,0.0,0.0,0.0,0.0,27.698416000006887
power_theta100_rho4,power,100.0,4.0,-1.0,32,20131152,18,True,4,5,0.06008710007923606,0.05407839007131245,0.06759798758914057,0.3190581302334357,0.20247558798249846,28.075042000004657
power_theta100_rho4,power,100.0,4.0,-1.0,34,20131154,10,True,7,4,0.0542380981602455,0.07457738497033757,0.042615648554478615,0.34562213732400476,0.4303191420925325,26.024500000005446
power_theta100_rho4,power,100.0,4.0,-1.0,37,20131157,11,True,6,9,0.02677199689585984,0.022309997413216532,0.0334649961198248,0.05640180451120469,0.37305175845917304,27.22558300000344
power_theta100_rho4,power,100.0,4.0,-1.0,33,20131153,18,True,4,9,0.024950880789983396,0.018020080570543565,0.04054518128372302,0.05417963760362924,0.575297619047619,33.93545799999487
power_theta100_rho4,power,100.0,4.0,-1.0,39,20131159,10,True,3,22,0.013335288473554101,0.007576868450883012,0.05556370197314209,0.16705109558564787,0.3629233511586453,31.148500000000467
power_theta100_rho4,power,100.0,4.0,-1.0,40,20131160,5,False,1,0,0.0,0.0,0.0,0.0,0.0,31.71112500000106
power_theta100_rho4,power,100.0,4.0,-1.0,43,20131163,7,True,3,8,0.013325595888533916,0.009161347173367067,0.024430259128978848,0.11844237774977749,0.634018759018759,32.50141699999887
power_theta100_rho4,power,100.0,4.0,-1.0,38,20131158,15,True,8,2,0.023544985309007258,0.058862463272518144,0.014715615818129536,0.0942226930576476,0.43075471698113205,32.55541699999753
power_theta100_rho4,power,100.0,4.0,-1.0,42,20131162,12,True,2,7,0.09764143642459198,0.06276949484438057,0.21969323195533202,0.2941589878401627,0.5654158215010142,30.195124999998768
power_theta100_rho4,power,100.0,4.0,-1.0,44,20131164,9,True,5,5,0.003952615900350774,0.003952615900350774,0.003952615900350774,0.17193358930806363,0.15925925925925927,31.885750000000712
power_theta100_rho4,power,100.0,4.0,-1.0,41,20131161,14,True,6,10,0.028501744250965157,0.022801395400772126,0.03800232566795354,0.07848815177648646,0.39183329500832037,33.739708999995344
power_theta100_rho4,power,100.0,4.0,-1.0,46,20131166,10,True,2,2,0.0,0.0,0.0,0.15164632273281237,0.0,27.522375000003763
power_theta100_rho4,power,100.0,4.0,-1.0,45,20131165,12,True,7,6,0.015856982837933253,0.017178398074427687,0.014724341206652305,0.3430214946701375,0.0983969758702924,26.78600000000131
power_theta100_rho4,power,100.0,4.0,-1.0,47,20131167,10,True,2,3,0.01897093553222032,0.015809112943516935,0.0237136694152754,0.02523201872488052,0.5,25.721584000002906
power_theta100_rho4,power,100.0,4.0,-1.0,51,20131171,9,True,5,24,0.014634584720523801,0.008841728268649797,0.04244029568951903,0.07947095470680801,0.8540902971937454,29.312083000000655
power_theta100_rho4,power,100.0,4.0,-1.0,50,20131170,10,True,5,5,0.00530252881266111,0.00530252881266111,0.00530252881266111,0.03805204998299949,0.16313400884829457,31.403334000003724
power_theta100_rho4,power,100.0,4.0,-1.0,56,20131176,4,False,3,0,0.0,0.0,0.0,0.0,0.0,36.95233300000211
power_theta100_rho4,power,100.0,4.0,-1.0,48,20131168,14,True,5,9,0.08920158415479679,0.06937900989817528,0.12488221781671549,0.17009977811554747,0.5415583075335397,35.98212500000386
power_theta100_rho4,power,100.0,4.0,-1.0,55,20131175,6,False,0,0,1.0,1.0,1.0,1.0,1.0,36.658666999997536
power_theta100_rho4,power,100.0,4.0,-1.0,54,20131174,8,True,0,27,0.0,0.0,0.0,0.0,0.0,39.06491699999748
power_theta100_rho4,power,100.0,4.0,-1.0,49,20131169,17,True,3,20,0.0014307646865014407,0.0008226896947383284,0.005484597964922189,0.2817857035264376,0.011111111111111112,37.18133299999948
power_theta100_rho4,power,100.0,4.0,-1.0,53,20131173,8,True,4,10,0.01960377890248494,0.013722645231739456,0.03430661307934864,0.23286277009664808,0.5258042936203856,34.59854199999768
power_theta100_rho4,power,100.0,4.0,-1.0,52,20131172,12,True,11,15,0.013931832403809243,0.012074254749968009,0.016464892840865466,0.24296461092907348,0.11055207213740254,38.25145899999427
power_theta100_rho4,power,100.0,4.0,-1.0,58,20131178,8,False,4,0,0.0,0.0,0.0,0.0,0.0,27.923792000002834
power_theta100_rho4,power,100.0,4.0,-1.0,57,20131177,13,False,17,0,0.0,0.0,0.0,0.0,0.0,28.278874999998038
power_theta100_rho4,power,100.0,4.0,-1.0,65,20131185,5,True,0,2,0.0,0.0,0.0,0.0,0.0,33.714666000001614
power_theta100_rho4,power,100.0,4.0,-1.0,62,20131182,8,True,5,5,0.05846620841016799,0.05846620841016799,0.05846620841016799,0.15345194050028912,0.3380864953080375,34.38424999999512
power_theta100_rho4,power,100.0,4.0,-1.0,67,20131187,4,False,0,0,1.0,1.0,1.0,1.0,1.0,31.10470800000087
power_theta100_rho4,power,100.0,4.0,-1.0,59,20131179,12,True,10,10,0.011305204061752715,0.011305204061752715,0.011305204061752715,0.12846504841321157,0.04003427128427128,38.06308399999381
power_theta100_rho4,power,100.0,4.0,-1.0,69,20131189,4,False,0,0,1.0,1.0,1.0,1.0,1.0,34.37562499999558
power_theta100_rho4,power,100.0,4.0,-1.0,66,20131186,10,True,6,12,0.011817606055911251,0.008863204541933439,0.017726409083866877,0.026759931588966984,0.5558623613725052,34.99612499999927
power_theta100_rho4,power,100.0,4.0,-1.0,61,20131181,13,True,6,11,0.0774582991864252,0.05985414028041947,0.10973259051410238,0.23935129939046337,0.40619364375461936,35.39812500000039
power_theta100_rho4,power,100.0,4.0,-1.0,60,20131180,18,True,2,1,0.04558372705362454,0.06837559058043681,0.034187795290218405,0.1868932809198606,0.36585365853658536,30.623583999997095
power_theta100_rho4,power,100.0,4.0,-1.0,63,20131183,16,True,13,18,0.04538157119582564,0.03907857519640542,0.05410879642579211,0.10872564585040166,0.2265529976499507,28.10187499999728
power_theta100_rho4,power,100.0,4.0,-1.0,64,20131184,19,True,10,11,0.07622394238348797,0.07275921772969306,0.08003513950266236,0.18788210280716106,0.44591769887065646,29.21020800000207
power_theta100_rho4,power,100.0,4.0,-1.0,68,20131188,17,True,5,10,0.003931583889956909,0.0029486879174676823,0.005897375834935365,0.00971621105198199,0.49877532928064844,26.74520800000124
power_theta100_rho4,power,100.0,4.0,-1.0,72,20131192,14,True,3,7,0.0016489970563171698,0.0011778550402265497,0.0027483284271952826,0.01677067580836987,0.31178160919540227,30.227624999994873
power_theta100_rho4,power,100.0,4.0,-1.0,71,20131191,14,True,13,7,0.047299581911158205,0.06757083130165457,0.036384293777814006,0.389389788191151,0.2751682460167188,34.922625000000096
power_theta100_rho4,power,100.0,4.0,-1.0,76,20131196,10,True,3,9,0.009540227885325832,0.006360151923550554,0.019080455770651664,0.14841215268518895,0.1478322672352523,34.38029099999795
power_theta100_rho4,power,100.0,4.0,-1.0,73,20131193,15,True,13,21,0.02321684003374711,0.01879458478922385,0.030360483121053914,0.15796639121949993,0.36798173948207125,35.31970799999584
power_theta100_rho4,power,100.0,4.0,-1.0,78,20131198,9,True,0,6,0.0,0.0,0.0,0.0,0.0,30.347583999997596
power_theta100_rho4,power,100.0,4.0,-1.0,70,20131190,18,True,6,15,0.0063826456710658515,0.004467851969746096,0.01116962992436524,0.19759388049720994,0.25325065160008026,32.43533399999876
power_theta100_rho4,power,100.0,4.0,-1.0,75,20131195,15,True,7,2,0.007811231296195228,0.017575270416439262,0.0050215058332683605,0.06636841416034082,0.1922528873556322,29.507999999999868
power_theta100_rho4,power,100.0,4.0,-1.0,77,20131197,19,True,16,10,0.048679395660154716,0.06328321435820113,0.0395520089738757,0.1423979604674322,0.3886729951259451,34.98766700000289
power_theta100_rho4,power,100.0,4.0,-1.0,81,20131201,9,True,0,12,0.0,0.0,0.0,0.0,0.0,26.55187499999556
power_theta100_rho4,power,100.0,4.0,-1.0,74,20131194,21,True,9,13,0.06234064782500541,0.05274977892885073,0.07619412511945106,0.24573176346276782,0.2988704046946745,33.83970899999866
power_theta100_rho4,power,100.0,4.0,-1.0,83,20131203,9,True,0,3,0.0,0.0,0.0,0.0,0.0,31.05254199999763
power_theta100_rho4,power,100.0,4.0,-1.0,79,20131199,17,True,10,19,0.09652453488715944,0.07366346083493747,0.13996057558638117,0.3188262782548067,0.516291206491044,33.00387499999857
power_theta100_rho4,power,100.0,4.0,-1.0,80,20131200,14,True,11,12,0.027183609102460683,0.02605095872319149,0.028419227698027075,0.17494522497875162,0.4722269961138418,33.936875000001976
power_theta100_rho4,power,100.0,4.0,-1.0,84,20131204,8,True,4,9,0.005916481891367619,0.004273014699321058,0.00961428307347238,0.02240903419532494,0.4528093434343434,32.45045900000321
power_theta100_rho4,power,100.0,4.0,-1.0,82,20131202,15,True,9,3,0.028344303542411308,0.056688607084822616,0.018896202361607536,0.17415057959212846,0.5509259259259259,35.662416999997504
power_theta100_rho4,power,100.0,4.0,-1.0,85,20131205,10,True,7,6,0.08515306790002539,0.09224915689169416,0.07907070590716643,0.1631038133516729,0.40021475686454977,35.14854099999809
power_theta100_rho4,power,100.0,4.0,-1.0,88,20131208,5,True,2,7,0.0,0.0,0.0,0.258674511339068,0.0,24.44245799999578
power_theta100_rho4,power,100.0,4.0,-1.0,87,20131207,16,True,11,22,0.024668021624380417,0.018501016218285312,0.037002032436570624,0.2490695402065687,0.2152301345390839,30.955624999997156
power_theta100_rho4,power,100.0,4.0,-1.0,89,20131209,7,True,9,11,0.16493326696912894,0.14993933360829903,0.18325918552125436,0.24585893897928024,0.6581577681577682,30.725042000000258
power_theta100_rho4,power,100.0,4.0,-1.0,86,20131206,15,True,3,12,0.0,0.0,0.0,0.07358445458887308,0.0,30.603958999996905
power_theta100_rho4,power,100.0,4.0,-1.0,94,20131214,7,True,7,1,0.000817120853534022,0.003268483414136088,0.0004669262020194411,0.0033279103853021985,0.9821428571428571,26.346625000002177
power_theta100_rho4,power,100.0,4.0,-1.0,97,20131217,10,False,8,0,0.0,0.0,0.0,0.0,0.0,36.320042000006936
power_theta100_rho4,power,100.0,4.0,-1.0,91,20131211,16,True,5,11,0.02844827810773372,0.020689656805624523,0.04551724497237395,0.48044518576817224,0.27361051438119105,40.2585000000002
power_theta100_rho4,power,100.0,4.0,-1.0,96,20131216,12,True,11,13,0.0731095476804362,0.06748573632040265,0.0797558701968395,0.24159337024378572,0.5190621742845187,42.15991599999569
power_theta100_rho4,power,100.0,4.0,-1.0,92,20131212,17,True,10,17,0.00894915644731014,0.007106683061099231,0.012081361203868692,0.17262290512856054,0.15891162916779616,38.88650000000382
power_theta100_rho4,power,100.0,4.0,-1.0,98,20131218,12,True,4,10,0.015021102777840368,0.010514771944488258,0.026286929861220644,0.12438579036448491,0.34112092526027854,35.394791999998176
power_theta100_rho4,power,100.0,4.0,-1.0,90,20131210,19,True,11,10,0.018462980333696217,0.01938612935038103,0.01762375395489185,0.0865141283326696,0.5053700360476321,38.633791999998834
power_theta100_rho4,power,100.0,4.0,-1.0,95,20131215,14,True,16,10,0.03127639919037616,0.04065931894748902,0.025412074342180634,0.1485010081987394,0.29251040344971607,37.89679199999796
power_theta100_rho4,power,100.0,4.0,-1.0,99,20131219,12,True,0,4,0.0,0.0,0.0,0.0,0.0,31.443666000001258
power_theta100_rho4,power,100.0,4.0,-1.0,93,20131213,21,True,2,9,0.002120654092793806,0.001295955278929548,0.005831798755182966,0.1858620900949141,0.02963651383725733,28.783625000002644
power_theta100_rho16,power,100.0,16.0,-1.0,3,20141123,24,True,9,13,0.01705779052233083,0.014433515057356856,0.020848410638404348,0.16428071468990985,0.13441572281086347,29.014291999999386
power_theta100_rho16,power,100.0,16.0,-1.0,7,20141127,24,True,11,8,0.023366413899117606,0.027747616505202157,0.020180084731056116,0.10577542889738169,0.29759260238712293,28.51395800000489
power_theta100_rho16,power,100.0,16.0,-1.0,2,20141122,38,True,17,15,0.10562789885374818,0.11266975877733139,0.09941449303882181,0.18172524238449675,0.46399481894784506,32.06849999999406
power_theta50_rho64,power,50.0,64.0,-1.0,98,20101218,214,True,70,16,0.06073087255564921,0.16321421999330726,0.03730610742704166,0.30871083806407285,0.5243097301228961,27.019375000001844
power_theta100_rho16,power,100.0,16.0,-1.0,0,20141120,54,True,11,11,0.07371060319995239,0.07371060319995239,0.07371060319995239,0.14643077617771907,0.29130410469343276,27.779583000004493
power_theta100_rho16,power,100.0,16.0,-1.0,5,20141125,42,True,13,4,0.014432295343835742,0.03066862760565095,0.009436500801738754,0.05674160023327721,0.5984315863348122,25.380165999997928
power_theta100_rho16,power,100.0,16.0,-1.0,1,20141121,53,True,24,11,0.07081850882241587,0.11266580949020706,0.051638496016344904,0.2877765440954757,0.4678067931835024,27.049083999997947
power_theta100_rho16,power,100.0,16.0,-1.0,4,20141124,49,True,22,11,0.059994376089824934,0.08999156413473738,0.04499578206736869,0.27700627990954263,0.3501338907991669,27.982208000004505
power_theta100_rho16,power,100.0,16.0,-1.0,8,20141128,50,True,24,22,0.07067791204945714,0.07389054441534156,0.06773299904739642,0.24559749108793696,0.2879164644781465,27.309541999997577
power_theta100_rho16,power,100.0,16.0,-1.0,6,20141126,54,True,9,16,0.04116291437645774,0.03215852685660761,0.05717071441174686,0.09517506575223686,0.4961681982734615,26.870875000000183
power_theta100_rho16,power,100.0,16.0,-1.0,10,20141130,53,True,12,10,0.06386493291539312,0.07025142620693242,0.05854285517244368,0.11901647338924617,0.37678245071211824,24.741917000000058
power_theta100_rho16,power,100.0,16.0,-1.0,9,20141129,55,True,31,13,0.01558208358576343,0.02636967991436888,0.011058252867315982,0.13458335524339746,0.25960652782112315,28.483250000000737
power_theta100_rho16,power,100.0,16.0,-1.0,13,20141133,37,True,9,4,0.00016257305060419713,0.0002641812072318203,0.00011741386988080902,0.0042710884770329124,0.06480431083380601,30.01866600000369
power_theta100_rho16,power,100.0,16.0,-1.0,15,20141135,28,True,18,14,0.01112526257617372,0.012714585801341395,0.009889122289932196,0.10422131500376872,0.1764751552795031,27.605792000002793
power_theta100_rho16,power,100.0,16.0,-1.0,12,20141132,45,True,17,16,0.019472696199852375,0.020081217956097762,0.018899969841033187,0.15944768759455413,0.11940379838161208,38.656207999999026
power_theta100_rho16,power,100.0,16.0,-1.0,11,20141131,47,True,7,21,0.049513081714034825,0.03300872114268988,0.09902616342806965,0.3830043964383421,0.23046761254684034,31.880708999999285
power_theta100_rho16,power,100.0,16.0,-1.0,17,20141137,33,True,13,10,0.05977308277107549,0.06873904518673682,0.052876188605182166,0.2535525626770061,0.3851757391349543,24.78712500000313
power_theta100_rho16,power,100.0,16.0,-1.0,14,20141134,49,True,22,16,0.051065954173208646,0.06064082058068526,0.0441024149677711,0.1806914790064682,0.23806222561904566,25.43829100000039
power_theta100_rho16,power,100.0,16.0,-1.0,19,20141139,36,True,31,11,0.02920842100469652,0.05576153100896608,0.019786349712858933,0.1463719243648467,0.3169177693312382,28.433208999999238
power_theta100_rho16,power,100.0,16.0,-1.0,16,20141136,42,True,20,11,0.031261509915121846,0.04405030942585351,0.02422767018421943,0.10849956007974879,0.3935627485213066,27.153083000001743
power_theta100_rho16,power,100.0,16.0,-1.0,22,20141142,34,True,6,7,0.03291021270391761,0.03055948322506636,0.035652730429244085,0.12121605173694595,0.11677534447405735,26.308124999999905
power_theta100_rho16,power,100.0,16.0,-1.0,18,20141138,48,True,22,11,0.033854917098871395,0.05078237564830709,0.025391187824153547,0.347128580353974,0.2274904957979927,27.442833000002054
power_theta100_rho16,power,100.0,16.0,-1.0,27,20141147,30,True,24,16,0.0072030856533849275,0.00900385706673116,0.006002571377820773,0.07888002710842933,0.09688571603709029,23.291667000002292
power_theta100_rho16,power,100.0,16.0,-1.0,21,20141141,49,True,29,17,0.04599513898424992,0.06222871744927931,0.036478903332336145,0.13262642298035313,0.40335595545978603,25.429041999998958
power_theta100_rho16,power,100.0,16.0,-1.0,25,20141145,45,True,19,11,0.026217766200175813,0.03575149936387611,0.02069823647382301,0.16351304415120513,0.3570081281237081,31.590084000001184
power_theta100_rho16,power,100.0,16.0,-1.0,23,20141143,49,True,27,13,0.013531149956186822,0.020817153778748956,0.010023074041619869,0.10602681910090565,0.20426359097348235,33.290166000000454
power_theta100_rho16,power,100.0,16.0,-1.0,24,20141144,53,True,14,19,0.023334375165850227,0.020264062644027827,0.027501227874037765,0.18839314144449873,0.27221667512380726,29.469708000000594
power_theta100_rho16,power,100.0,16.0,-1.0,30,20141150,38,True,12,12,0.08051080588356833,0.08051080588356833,0.08051080588356833,0.13798356611333842,0.35324545751491315,27.257625000004282
power_theta100_rho16,power,100.0,16.0,-1.0,26,20141146,54,True,13,16,0.01930227407416492,0.017492685879711957,0.02152945954426087,0.20787604664231157,0.09809522113569417,25.832499999999925
power_theta100_rho16,power,100.0,16.0,-1.0,29,20141149,40,True,24,16,0.03817017508915312,0.047712718861441406,0.03180847924096094,0.16018399900205987,0.2225389161748457,29.813541000002886
power_theta100_rho16,power,100.0,16.0,-1.0,33,20141153,30,True,4,16,0.041446533339553206,0.025904083337220753,0.10361633334888301,0.551057015642842,0.215938441670254,29.62708299999406
power_theta100_rho16,power,100.0,16.0,-1.0,20,20141140,70,True,26,10,0.025997343249924348,0.04679521784986382,0.017998160711486084,0.1257240348994249,0.3997278700874013,33.878209000000936
power_theta100_rho16,power,100.0,16.0,-1.0,31,20141151,42,True,17,24,0.04510098638723171,0.03852375920576042,0.05438648358460294,0.2824568752933229,0.229550985371361,29.635749999997074
power_theta100_rho16,power,100.0,16.0,-1.0,28,20141148,59,True,15,10,0.03276188236918372,0.04095235296147966,0.027301568640986436,0.24076189273254425,0.19924564675806156,28.228166000005217
power_theta100_rho16,power,100.0,16.0,-1.0,32,20141152,43,True,20,12,0.08404593531982232,0.11206124709309644,0.06723674825585786,0.2969137793248217,0.31897436393467876,26.930958000001226
power_theta100_rho16,power,100.0,16.0,-1.0,36,20141156,33,True,15,10,0.019418582502015825,0.02427322812751978,0.016182152085013186,0.09009675306746634,0.34092530127271964,25.675333000002354
power_theta100_rho16,power,100.0,16.0,-1.0,37,20141157,35,True,11,15,0.09664221500066829,0.08375658633391252,0.11421352681897162,0.5121627046241068,0.20975675812652606,25.179500000000132
power_theta100_rho16,power,100.0,16.0,-1.0,38,20141158,35,True,12,11,0.00505408543766081,0.00528381659391812,0.004843498544424943,0.0828909861732502,0.09241348928848928,24.64783300000306
power_theta100_rho16,power,100.0,16.0,-1.0,35,20141155,46,True,13,16,0.06598515755234756,0.05979904903181496,0.07359882957761842,0.10706613801396844,0.48789837717043455,24.274750000003564
power_theta100_rho16,power,100.0,16.0,-1.0,40,20141160,37,True,19,21,0.010705499525801618,0.010195713834096778,0.011268946869264862,0.103227461642502,0.1018029304408747,24.259041000000536
power_theta100_rho16,power,100.0,16.0,-1.0,34,20141154,56,True,26,17,0.026318810978126855,0.0332855550605722,0.021763632154989516,0.15773890763795803,0.3344580262180732,25.53545900000387
power_theta100_rho16,power,100.0,16.0,-1.0,45,20141165,35,True,12,14,0.07583396441813244,0.07041725267398011,0.08215346145297679,0.2725426898279161,0.34839167839606816,27.114540999995995
power_theta100_rho16,power,100.0,16.0,-1.0,39,20141159,50,True,26,10,0.12891142314963033,0.23204056166933462,0.089246369872821,0.4863569347682562,0.46318897806939374,26.942500000004088
power_theta100_rho16,power,100.0,16.0,-1.0,50,20141170,20,True,6,44,0.026628925506785164,0.015130071310673388,0.11095385627827152,0.12096390556004787,0.2093189964157706,23.673875000000066
power_theta100_rho16,power,100.0,16.0,-1.0,46,20141166,38,True,15,17,0.014130156600674085,0.013298970918281491,0.015072167040719025,0.18626156178305403,0.27169777277793106,24.362082999999757
power_theta100_rho16,power,100.0,16.0,-1.0,41,20141161,57,True,25,11,0.019844717134854913,0.03247317349339895,0.014288196337095539,0.15531109384804104,0.3069367648106151,26.34487499999949
power_theta100_rho16,power,100.0,16.0,-1.0,53,20141173,16,True,4,3,0.009898895380876273,0.011548711277688984,0.008661533458266738,0.04813147019735784,0.28559403559403557,23.204583999998363
power_theta100_rho16,power,100.0,16.0,-1.0,42,20141162,61,True,15,11,0.056277811432983604,0.06651014078443516,0.04877410324191912,0.20214299085189846,0.2612921181629346,29.558500000000265
power_theta100_rho16,power,100.0,16.0,-1.0,43,20141163,56,True,27,16,0.023442269648878074,0.03150054984067991,0.018666992498180688,0.12052804961026037,0.19890506863613094,31.664208999998777
power_theta100_rho16,power,100.0,16.0,-1.0,48,20141168,40,True,22,15,0.03996602391132724,0.049291429490636925,0.033607792834525176,0.1325520028386739,0.39974761361093436,25.886207999995747
power_theta100_rho16,power,100.0,16.0,-1.0,44,20141164,56,True,24,9,0.032240146806485716,0.05910693581189048,0.02216510092945893,0.21495143085631885,0.47862671525557193,28.033917000001907
power_theta100_rho16,power,100.0,16.0,-1.0,51,20141171,42,True,31,11,0.07993955321954621,0.15261187432822457,0.05415260056807969,0.39624224292167176,0.4065316941154856,25.254957999997885
power_theta100_rho16,power,100.0,16.0,-1.0,47,20141167,54,True,36,13,0.0717653698627843,0.13525012012601656,0.04884032115661709,0.47582209338560233,0.32508698748060455,24.344541000004938
power_theta100_rho16,power,100.0,16.0,-1.0,49,20141169,49,True,34,17,0.08441209815831498,0.12661814723747247,0.06330907361873624,0.3121062722956253,0.3964240150476304,26.418124999999293
power_theta100_rho16,power,100.0,16.0,-1.0,55,20141175,44,True,11,7,0.07069143150917641,0.0908889833689411,0.057838443962053426,0.2212222034136819,0.3869180058504845,31.121208999998373
power_theta100_rho16,power,100.0,16.0,-1.0,52,20141172,45,True,12,13,0.03554922117278215,0.03418194343536745,0.037030438721648073,0.19423883437904632,0.20218785604478795,31.546833999996693
power_theta100_rho16,power,100.0,16.0,-1.0,58,20141178,33,True,4,11,0.0029114660612232063,0.00198509049628855,0.0054589988647935125,0.054066594705187425,0.08581349206349206,24.95754199999567
power_theta100_rho16,power,100.0,16.0,-1.0,59,20141179,41,True,20,14,0.04098793849732937,0.04977106817532852,0.03483974772272996,0.20247944549511906,0.17022510143925546,25.506917000001295
power_theta100_rho16,power,100.0,16.0,-1.0,57,20141177,51,True,18,29,0.06681056376618243,0.05413959477604438,0.08722490269473818,0.2037406972566087,0.4411476501846521,26.711999999996294
power_theta100_rho16,power,100.0,16.0,-1.0,62,20141182,42,True,18,16,0.0690244134427796,0.07333843928295333,0.06518972380706962,0.22080168131210207,0.33690147340604343,28.402792000001398
power_theta100_rho16,power,100.0,16.0,-1.0,64,20141184,39,True,7,10,0.01191578239438296,0.010128415035225515,0.014469164336036452,0.02252353784295725,0.2294383490073145,26.500667000000533
power_theta100_rho16,power,100.0,16.0,-1.0,60,20141180,52,True,17,15,0.0375860806232798,0.04009181933149845,0.03537513470426334,0.14946651481645176,0.3275857639147992,25.569000000004394
power_theta100_rho16,power,100.0,16.0,-1.0,65,20141185,41,True,25,19,0.05355593600190726,0.06201213642326104,0.04712922368167839,0.2119996787142531,0.280538271030684,28.608040999998252
power_theta100_rho16,power,100.0,16.0,-1.0,67,20141187,42,True,13,14,0.018290820982342033,0.017637577375829817,0.018994314097047497,0.1159523569204773,0.30142738055028057,27.84437500000081
power_theta100_rho16,power,100.0,16.0,-1.0,68,20141188,30,True,21,15,0.04625969155289738,0.05551162986347686,0.03965116418819775,0.3490904674480957,0.301491094294004,26.20262499999626
power_theta100_rho16,power,100.0,16.0,-1.0,61,20141181,62,True,16,12,0.02993377509162297,0.03492273760689346,0.026192053205170096,0.14185837224625386,0.31691687404727104,26.934790999995073
power_theta100_rho16,power,100.0,16.0,-1.0,54,20141174,74,True,27,18,0.05730129009550172,0.07162661261937714,0.047751075079584766,0.21606735957772466,0.32883901555398193,28.77712499999774
power_theta100_rho16,power,100.0,16.0,-1.0,56,20141176,70,True,35,15,0.058577043970373034,0.09762840661728837,0.04184074569312359,0.4224153635348892,0.41146694361319286,29.741166999997404
power_theta100_rho16,power,100.0,16.0,-1.0,63,20141183,62,True,21,13,0.09813553151587376,0.12833107967460414,0.07944304932237399,0.3871402736518969,0.27121859130192916,26.74204199999508
power_theta100_rho16,power,100.0,16.0,-1.0,71,20141191,32,True,15,2,0.011537053103821101,0.04903247569123968,0.006537663425498624,0.37076560941099235,0.14147286821705427,24.542083999996578
power_theta100_rho16,power,100.0,16.0,-1.0,69,20141189,50,True,38,14,0.04746152638030491,0.08814283470628055,0.03247367594441915,0.3535459282414255,0.34604682111739804,28.207832999996185
power_theta100_rho16,power,100.0,16.0,-1.0,70,20141190,51,True,21,16,0.08887336281167335,0.10275982575099732,0.07829320057218843,0.20062577062714046,0.2990663317303307,27.01366699999852
power_theta100_rho16,power,100.0,16.0,-1.0,66,20141186,70,True,25,14,0.06744919326683736,0.09394709062166633,0.05261037074813315,0.23606924832703308,0.3877291346482784,28.067208000003063
power_theta100_rho16,power,100.0,16.0,-1.0,77,20141197,43,True,17,20,0.0429707459209589,0.039747939976886984,0.046762282325749395,0.14922857400125342,0.2536715490233747,25.08854199999888
power_theta100_rho16,power,100.0,16.0,-1.0,75,20141195,51,True,19,18,0.036814030542680114,0.03783664250219901,0.03584524026524116,0.16305747057286635,0.3198426761192332,29.87641699999699
power_theta100_rho16,power,100.0,16.0,-1.0,80,20141200,38,True,26,12,0.07506148424830936,0.11884735005982315,0.05485262310453376,0.24345360374077887,0.46013574996945156,28.307832999999505
power_theta100_rho16,power,100.0,16.0,-1.0,76,20141196,49,True,21,14,0.07492359491048915,0.09365449363811143,0.06243632909207429,0.21292371290301457,0.41308482728935897,28.67599999999726
power_theta100_rho16,power,100.0,16.0,-1.0,72,20141192,57,True,24,14,0.010026761106150198,0.013607747215489557,0.007937852542368907,0.05499184043149088,0.2251618877984267,27.52724999999856
power_theta100_rho16,power,100.0,16.0,-1.0,73,20141193,50,True,15,13,0.09840846087155276,0.10597834247705681,0.09184789681344924,0.17921948275662086,0.5544716398384545,29.194166000003463
power_theta100_rho16,power,100.0,16.0,-1.0,74,20141194,61,True,27,15,0.05134283375137309,0.07187996725192233,0.03993331513995685,0.32041290944075396,0.23850294430370506,26.944666000005668
power_theta100_rho16,power,100.0,16.0,-1.0,85,20141205,27,True,14,12,0.005189435701129649,0.005621888676223786,0.004818761722477531,0.022933003197148735,0.1679986362480642,23.337415999996836
power_theta100_rho16,power,100.0,16.0,-1.0,87,20141207,34,True,20,10,0.027634883751647535,0.0414523256274713,0.02072616281373565,0.10257366755561578,0.438671583574493,32.07295899999707
power_theta100_rho16,power,100.0,16.0,-1.0,82,20141202,43,True,23,12,0.09411334808302785,0.13724863262108228,0.0716079822370864,0.2730665829146481,0.3740074296861096,32.480166999995674
power_theta100_rho16,power,100.0,16.0,-1.0,86,20141206,38,True,8,8,0.004846004098251319,0.004846004098251319,0.004846004098251319,0.04793482603023342,0.058407738095238096,24.516749999996534
power_theta100_rho16,power,100.0,16.0,-1.0,81,20141201,62,True,12,13,0.054158317327277,0.052075305122381725,0.05641491388258021,0.07260809668415606,0.3113251842331208,28.443000000002883
power_theta100_rho16,power,100.0,16.0,-1.0,78,20141198,79,True,32,15,0.014533595296118218,0.022769299297251876,0.010673109045586817,0.14887884389244924,0.151366486897045,26.465041000001577
power_theta100_rho16,power,100.0,16.0,-1.0,91,20141211,40,True,10,10,0.01118825724713016,0.01118825724713016,0.01118825724713016,0.13552260425528673,0.11209615905120444,30.39479099999909
power_theta100_rho16,power,100.0,16.0,-1.0,83,20141203,60,True,30,12,0.04242657131531217,0.07424649980179629,0.029698599920718514,0.1819464484157456,0.4036700844183773,33.275957999997274
power_theta100_rho16,power,100.0,16.0,-1.0,79,20141199,76,True,26,20,0.07350927885229441,0.08453567068013858,0.06502743898472198,0.17855031333045063,0.30685453573758775,35.18491699999515
power_theta100_rho16,power,100.0,16.0,-1.0,88,20141208,55,True,43,21,0.021639389710876786,0.032974308130859865,0.016103731877861793,0.15061785976822759,0.2136030552387011,26.758250000000317
power_theta100_rho16,power,100.0,16.0,-1.0,90,20141210,48,True,33,18,0.024888595235738907,0.03525884325063012,0.01923209631852552,0.1918299576639354,0.2866072940990182,30.3246659999985
power_theta100_rho16,power,100.0,16.0,-1.0,94,20141214,34,True,9,13,0.004925373957236917,0.004167624117662006,0.006019901503289565,0.2832519117175794,0.030548520001293617,24.797874999997305
power_theta100_rho16,power,100.0,16.0,-1.0,89,20141209,62,True,25,22,0.01144533299296669,0.01222569660612351,0.01075861301338869,0.11881536492752232,0.12938780375984574,31.795667000004357
power_theta100_rho16,power,100.0,16.0,-1.0,93,20141213,44,True,16,24,0.024925539641935033,0.020771283034945864,0.031156924552418794,0.16829146706531808,0.18749328363527235,28.267749999997704
power_theta100_rho16,power,100.0,16.0,-1.0,97,20141217,26,True,20,11,0.05224237418401382,0.07361425453201947,0.04048783999261071,0.2544693097137414,0.21416798658657185,24.17545800000198
power_theta100_rho16,power,100.0,16.0,-1.0,92,20141212,49,True,14,13,0.0562010499109701,0.05836262875369972,0.054193869557006884,0.15182894946820671,0.3101286830665996,28.445959000002574
power_theta100_rho16,power,100.0,16.0,-1.0,84,20141204,73,True,42,21,0.033148117720708505,0.049722176581062746,0.024861088290531373,0.173617976912383,0.32208792986218016,28.970125000000735
power_theta100_rho16,power,100.0,16.0,-1.0,95,20141215,41,True,12,24,0.054038556858248724,0.04052891764368654,0.08105783528737308,0.1765872469003398,0.49732226830777093,30.419000000001972
power_theta100_rho16,power,100.0,16.0,-1.0,96,20141216,40,True,25,11,0.041486485202585105,0.06788697578604835,0.029870269345861275,0.16626725264860875,0.42484028713105426,24.96541700000421
power_theta100_rho16,power,100.0,16.0,-1.0,99,20141219,42,True,25,15,0.02834532109083994,0.037793761454453255,0.022676256872671954,0.1824434416932636,0.3438619004484677,28.594916999999498
power_theta100_rho16,power,100.0,16.0,-1.0,98,20141218,53,True,21,11,0.030658747681039572,0.044594542081512104,0.023359045852220626,0.15808351198610357,0.2988934595468001,25.84099999999978
power_theta100_rho64,power,100.0,64.0,-1.0,1,20151121,91,True,45,12,0.018538621381399206,0.04402922578082311,0.011741126874886165,0.1549856998285631,0.35001017501017495,24.460791999999287
power_theta100_rho64,power,100.0,64.0,-1.0,6,20151126,127,True,38,11,0.047253738998874736,0.10524696413385737,0.030466226459800818,0.32740210689930344,0.41120467364217195,28.89204099999887
power_theta100_rho64,power,100.0,64.0,-1.0,3,20151123,143,True,57,16,0.06755621351091107,0.15411261207176585,0.04325968058154831,0.31971470119276435,0.42942919828369014,27.418166000003907
power_theta100_rho64,power,100.0,64.0,-1.0,8,20151128,135,True,34,22,0.05593633000473197,0.07119169273329523,0.04606521294507338,0.3136774263855353,0.2659130480641311,26.538333000004855
power_theta100_rho64,power,100.0,64.0,-1.0,5,20151125,144,True,35,25,0.06500775124191872,0.07800930149030248,0.05572092963593034,0.40882516171621425,0.18787748390594775,26.52158400000104
power_theta100_rho64,power,100.0,64.0,-1.0,9,20151129,147,True,77,17,0.036748910144791834,0.10159992804736566,0.02243115294552229,0.31865785697999544,0.31692231431168266,26.158708000004083
power_theta100_rho64,power,100.0,64.0,-1.0,4,20151124,157,True,56,14,0.03761545142674563,0.09403862856686408,0.02350965714171602,0.3740591185628224,0.2597576860804955,29.875584000002675
power_theta100_rho64,power,100.0,64.0,-1.0,2,20151122,167,True,96,13,0.008937636368882146,0.03746932170031361,0.005073970646917468,0.26312705939094866,0.22637635720716698,28.99741699999936
power_theta100_rho64,power,100.0,64.0,-1.0,10,20151130,160,True,76,18,0.008633451624705902,0.022542901464509855,0.005339108241594439,0.10316592962853566,0.3010742895675082,27.284583999993117
power_theta100_rho64,power,100.0,64.0,-1.0,7,20151127,182,True,52,11,0.04142575216137709,0.11862829028030714,0.025094446020834202,0.28627657257116956,0.3122883418799288,28.67712499999442
power_theta100_rho64,power,100.0,64.0,-1.0,0,20151120,190,True,93,13,0.03660585785396654,0.14923926663540205,0.02086140286301319,0.4016243515792765,0.38558547694833456,28.070707999994227
power_theta100_rho64,power,100.0,64.0,-1.0,12,20151132,169,True,72,24,0.01975027195651248,0.03950054391302496,0.01316684797100832,0.35613308696153895,0.14738277881319575,25.79370799999481
power_theta100_rho64,power,100.0,64.0,-1.0,15,20151135,146,True,68,12,0.027962003567452962,0.09320667855817655,0.01644823739261939,0.37048064873979974,0.3231780491087302,26.8522080000011
power_theta100_rho64,power,100.0,64.0,-1.0,11,20151131,209,True,74,15,0.07067350819690386,0.20966474098414817,0.04249960965894895,0.44355143150349435,0.4986905917555295,27.705583000006584
power_theta100_rho64,power,100.0,64.0,-1.0,16,20151136,165,True,115,14,0.01913147029078368,0.0881414166968248,0.01073025942396128,0.19813944214744342,0.5038039183606303,28.287750000004053
power_theta100_rho64,power,100.0,64.0,-1.0,14,20151134,168,True,46,14,0.009967744507114452,0.021359452515245257,0.006500702939422469,0.14568071221385764,0.329941741160741,26.589749999999412
power_theta100_rho64,power,100.0,64.0,-1.0,18,20151138,157,True,37,15,0.06714219509401324,0.11637980482962294,0.04718100195795525,0.2618891679045192,0.30768529390520577,25.8049999999983
power_theta100_rho64,power,100.0,64.0,-1.0,19,20151139,157,True,48,15,0.019401193001500863,0.04074250530315181,0.012732032907234939,0.2173045135311358,0.2660325264409134,26.65854199999984
power_theta100_rho64,power,100.0,64.0,-1.0,17,20151137,171,True,56,14,0.041934716042124856,0.10483679010531215,0.026209197526328037,0.6064339834961574,0.19197269163220218,26.733958000001223
power_theta100_rho64,power,100.0,64.0,-1.0,23,20151143,120,True,35,13,0.02467886686295424,0.04556098497776167,0.01692265156316862,0.23003145478349193,0.2302408233683445,28.009833000005813
power_theta100_rho64,power,100.0,64.0,-1.0,20,20151140,169,True,87,11,0.038847734704965824,0.17304900004939322,0.021879758626934774,0.42501373115003305,0.4572193445302167,26.58612500000146
power_theta100_rho64,power,100.0,64.0,-1.0,13,20151133,203,True,112,15,0.033280649160986574,0.1408880814481765,0.018868939479666495,0.3675864949546226,0.45898047319790636,26.67304199999876
power_theta100_rho64,power,100.0,64.0,-1.0,22,20151142,161,True,54,13,0.03609268931724619,0.09300808400982671,0.02239083503940273,0.3534869724810752,0.3060771368971028,27.029290999998068
power_theta100_rho64,power,100.0,64.0,-1.0,21,20151141,178,True,57,15,0.07716202264561622,0.18518885434947893,0.04873390903933656,0.2792605873000066,0.5287275780958647,25.81620899999848
power_theta100_rho64,power,100.0,64.0,-1.0,24,20151144,152,True,54,15,0.06290286072717666,0.14467657967250633,0.040187938797918425,0.3711301585303683,0.3667448566987179,26.95629200000127
power_theta100_rho64,power,100.0,64.0,-1.0,25,20151145,154,True,40,14,0.046196725699770014,0.08909368527812789,0.03118278984734476,0.31142714581707065,0.3589932165720064,28.755125000003545
power_theta100_rho64,power,100.0,64.0,-1.0,26,20151146,160,True,33,14,0.04849438003010973,0.08140128076482704,0.03453387668810844,0.26896957042770875,0.33029784876355434,26.007874999997682
power_theta100_rho64,power,100.0,64.0,-1.0,29,20151149,140,True,57,12,0.05356979883238132,0.15401317164309627,0.0324238256090729,0.5309616906069455,0.30566373606020125,24.275125000002618
power_theta100_rho64,power,100.0,64.0,-1.0,27,20151147,163,True,72,9,0.017737673932510297,0.07981953269629632,0.00997744158703704,0.27994929825371173,0.37768114471955283,27.01275000000436
power_theta100_rho64,power,100.0,64.0,-1.0,28,20151148,164,True,63,13,0.025290685067948387,0.07392661789092606,0.01525469892987363,0.39683895904614475,0.16663334193020385,27.514416000002484
power_theta100_rho64,power,100.0,64.0,-1.0,33,20151153,132,True,59,12,0.03156003627907489,0.09336510732559654,0.01898951335435862,0.327256043223795,0.35281378755756415,26.51891699999709
power_theta100_rho64,power,100.0,64.0,-1.0,32,20151152,161,True,42,12,0.04368674574411102,0.0982951779242498,0.028084336549785656,0.254549728755425,0.39201445926024236,26.55208299999856
power_theta100_rho64,power,100.0,64.0,-1.0,34,20151154,143,True,68,11,0.019279240614516545,0.06923000038849123,0.011198970651079462,0.21004911417098124,0.3986201424965328,24.360749999999598
power_theta100_rho64,power,100.0,64.0,-1.0,35,20151155,150,True,61,17,0.03417178003140004,0.07839408360144716,0.021847531495485274,0.3554325705107055,0.22818512497864282,28.138583000000494
power_theta100_rho64,power,100.0,64.0,-1.0,36,20151156,155,True,49,15,0.012322550317507213,0.026288107344015387,0.008047379799188384,0.17110280169976963,0.25154268626311055,29.492333000000315
power_theta100_rho64,power,100.0,64.0,-1.0,30,20151150,209,True,73,18,0.018775263929849826,0.047459694933787065,0.011702390531618728,0.28294684929981667,0.1716294472837844,26.96037500000159
power_theta100_rho64,power,100.0,64.0,-1.0,41,20151161,126,True,52,16,0.03903439481051396,0.08294808897234218,0.025522488914566824,0.3557308863051819,0.39586333881085867,26.312625000002754
power_theta100_rho64,power,100.0,64.0,-1.0,31,20151151,212,True,101,20,0.02542692621121042,0.07691645178891152,0.015230980552259705,0.4503619810566323,0.24678844155338475,30.392665999997348
power_theta100_rho64,power,100.0,64.0,-1.0,37,20151157,175,True,62,15,0.06338576881471622,0.16269013995777162,0.03936051773171894,0.46630307016263955,0.3889985537945689,25.719709000000535
power_theta100_rho64,power,100.0,64.0,-1.0,39,20151159,163,True,76,16,0.015524348223018925,0.044632501141179406,0.00939631602972198,0.2261864006288058,0.24152282587790708,26.857874999997478
power_theta100_rho64,power,100.0,64.0,-1.0,42,20151162,150,True,38,19,0.01372043520907394,0.02058065281361091,0.010290326406805455,0.24423908876552647,0.13233249828388505,24.633708000003196
power_theta100_rho64,power,100.0,64.0,-1.0,40,20151160,167,True,48,10,0.06624389056511508,0.19210728263883375,0.04002235054975703,0.4341822384595212,0.42576138723144175,30.000915999998767
power_theta100_rho64,power,100.0,64.0,-1.0,38,20151158,181,True,58,16,0.0629616656885829,0.14559885190484798,0.0401652005254753,0.32939849289438206,0.3899548701898083,29.837915999998188
power_theta100_rho64,power,100.0,64.0,-1.0,43,20151163,140,True,75,12,0.02916314542953825,0.10571640218207616,0.016914624349132185,0.35177306733390196,0.37881709720987916,26.628209000001846
power_theta100_rho64,power,100.0,64.0,-1.0,44,20151164,151,True,62,12,0.027232001320474,0.08396533740479484,0.016251355626734486,0.23873325069687848,0.372612762192281,26.48154199999908
power_theta100_rho64,power,100.0,64.0,-1.0,46,20151166,168,True,28,15,0.053293658335634674,0.07638757694774304,0.040921916222005195,0.3695934540107316,0.3058013377496252,26.95170900000221
power_theta100_rho64,power,100.0,64.0,-1.0,47,20151167,171,True,56,16,0.033272267729079104,0.074862602390428,0.02138931496869371,0.3550460414909145,0.22690039141619214,27.57725000000022
power_theta100_rho64,power,100.0,64.0,-1.0,53,20151173,133,True,34,17,0.03915523988409081,0.05873285982613621,0.029366429913068107,0.2840702556060001,0.3189721421949496,25.983084000003487
power_theta100_rho64,power,100.0,64.0,-1.0,45,20151165,178,True,81,13,0.017223206675403537,0.062268516441843565,0.009993712515357609,0.4109726091692287,0.30267336581558446,27.573332999999423
power_theta100_rho64,power,100.0,64.0,-1.0,52,20151172,145,True,39,16,0.04345358148790105,0.07468584318232993,0.03064034592095587,0.3318302837289939,0.2754815019821746,27.79670800000389
power_theta100_rho64,power,100.0,64.0,-1.0,50,20151170,161,True,63,10,0.01447454922675385,0.05283210467765155,0.008386048361531992,0.3363492063132885,0.26016189791131855,26.23408299999852
power_theta100_rho64,power,100.0,64.0,-1.0,48,20151168,167,True,43,14,0.08200853530882715,0.16694594687868386,0.05435449433259475,0.4261490487755402,0.46712923613381274,25.671291000001872
power_theta100_rho64,power,100.0,64.0,-1.0,49,20151169,170,True,76,12,0.01059069293460585,0.03883254076022145,0.006131453804245492,0.16192936624703227,0.2849946747575802,27.4776660000029
power_theta100_rho64,power,100.0,64.0,-1.0,51,20151171,155,True,69,15,0.040852250237397233,0.11438630066471227,0.024866587101024407,0.4343968385564666,0.32074962686294,25.24187499999897
power_theta100_rho64,power,100.0,64.0,-1.0,55,20151175,160,True,56,11,0.08138787521731188,0.24786307452544978,0.04868738963892764,0.5337090828779671,0.446218902400358,25.629125000001807
power_theta100_rho64,power,100.0,64.0,-1.0,54,20151174,180,True,59,12,0.026491475728158482,0.07837061569580218,0.015939786243214002,0.24488641661939134,0.4161093079220734,26.23183400000073
power_theta100_rho64,power,100.0,64.0,-1.0,56,20151176,159,True,48,13,0.05353248723357653,0.12559545081723725,0.03401543459633508,0.3967626674540948,0.3343345756030694,26.52187500000025
power_theta100_rho64,power,100.0,64.0,-1.0,57,20151177,154,True,49,17,0.04673246479785226,0.09071596107818379,0.03147288445569642,0.3148893897639797,0.31402661218263556,25.410500000006664
power_theta100_rho64,power,100.0,64.0,-1.0,59,20151179,155,True,49,14,0.049478833154524705,0.11132737459768059,0.03180782131362302,0.36374415578536373,0.28446191222081163,28.414292000000785
power_theta100_rho64,power,100.0,64.0,-1.0,61,20151181,155,True,59,13,0.028520600380258984,0.07898012412994795,0.01740240023202243,0.3557484607972269,0.2615930175897512,24.73354099999625
power_theta100_rho64,power,100.0,64.0,-1.0,65,20151185,128,True,74,15,0.06922548817034518,0.2053689482386907,0.04162884085919406,0.48264530927934307,0.4090577749564541,26.738250000001074
power_theta100_rho64,power,100.0,64.0,-1.0,58,20151178,163,True,106,14,0.022796336539256855,0.09769858516824366,0.012903586720334068,0.3462907226832185,0.30997079071669675,26.905749999997397
power_theta100_rho64,power,100.0,64.0,-1.0,63,20151183,163,True,70,15,0.05041577897044814,0.14284470708293642,0.03060958008920066,0.3750427179398195,0.43096224828197105,24.83891699999674
power_theta100_rho64,power,100.0,64.0,-1.0,64,20151184,150,True,53,13,0.04765950291724906,0.12098181509763221,0.02967478483526828,0.3978215782175499,0.35133239003075334,27.689459000001193
power_theta100_rho64,power,100.0,64.0,-1.0,62,20151182,160,True,70,12,0.03988826405281197,0.1362849021804409,0.023363126088075583,0.3827278959441746,0.3756074831797203,31.787917000002608
power_theta100_rho64,power,100.0,64.0,-1.0,60,20151180,172,True,93,12,0.016611727357843043,0.07267630719056331,0.009377588024588815,0.19210138610234073,0.5155691744971956,27.007374999996614
power_theta100_rho64,power,100.0,64.0,-1.0,67,20151187,164,True,53,19,0.03989805501433702,0.075596314764007,0.027100565670115716,0.2827833321844648,0.3240146445549334,27.007791999999142
power_theta100_rho64,power,100.0,64.0,-1.0,66,20151186,187,True,71,16,0.04579913082646967,0.12451638693446443,0.028060030858470857,0.39264149063168147,0.3077583989022036,27.532332999996356
power_theta100_rho64,power,100.0,64.0,-1.0,70,20151190,144,True,45,11,0.02505026678869246,0.06376431546212627,0.015586832668519755,0.40448510006120947,0.23498934220271292,26.6900000000021
power_theta100_rho64,power,100.0,64.0,-1.0,68,20151188,197,True,109,12,0.03853152886441064,0.1942631246914036,0.021386766021071958,0.5325278777515509,0.3820546387210617,26.838749999996026
power_theta100_rho64,power,100.0,64.0,-1.0,69,20151189,169,True,68,16,0.02601417585602123,0.06828721162205573,0.016067579205189583,0.4130516739946606,0.2099546477335078,30.211166999997374
power_theta100_rho64,power,100.0,64.0,-1.0,75,20151195,156,True,70,11,0.022017956140720007,0.08106611124537821,0.012738960338559433,0.35126727223170173,0.28676866165839,34.61874999999992
power_theta100_rho64,power,100.0,64.0,-1.0,74,20151194,162,True,50,14,0.01687875018873646,0.03858000043139762,0.010802400120791334,0.28426292556184396,0.2858322000061676,26.38629100000145
power_theta100_rho64,power,100.0,64.0,-1.0,73,20151193,177,True,58,14,0.043125084651250645,0.11089307481750164,0.026767293921465915,0.2803239325332296,0.43868745092490596,26.808082999998817
power_theta100_rho64,power,100.0,64.0,-1.0,76,20151196,170,True,77,13,0.06286706191838057,0.2176167527943943,0.036740490731521115,0.4571244854062778,0.5016280942220135,28.11537499999872
power_theta100_rho64,power,100.0,64.0,-1.0,71,20151191,194,True,123,14,0.02844631093665441,0.13918373565434478,0.01584205121268965,0.4041771053471525,0.37758736840255996,28.264040999999906
power_theta100_rho64,power,100.0,64.0,-1.0,72,20151192,196,True,81,17,0.0250552374353371,0.0722180373136187,0.015156872028784171,0.3465646811175486,0.34129354107143284,26.89070800000337
power_theta100_rho64,power,100.0,64.0,-1.0,77,20151197,178,True,80,13,0.025508729824388454,0.091242764371851,0.014826949210425789,0.29005163288045277,0.39925241731779904,28.75962499999929
power_theta100_rho64,power,100.0,64.0,-1.0,80,20151200,164,True,31,13,0.01081484523437356,0.018302045781247563,0.007675051456652204,0.09116649535127379,0.168165362030081,31.019416999995997
power_theta100_rho64,power,100.0,64.0,-1.0,78,20151198,194,True,83,14,0.07070809541497164,0.24495304483043748,0.04131738105573644,0.5619412815212247,0.462734472746312,27.655166000002396
power_theta100_rho64,power,100.0,64.0,-1.0,87,20151207,117,True,63,11,0.04669581133810911,0.15706772904636698,0.027424524119206935,0.35041138253232423,0.4691787489123818,25.904791999998622
power_theta100_rho64,power,100.0,64.0,-1.0,86,20151206,148,True,56,24,0.04621568956549773,0.07702614927582956,0.03301120683249838,0.24695484318529906,0.24316958263885993,26.33304100000089
power_theta100_rho64,power,100.0,64.0,-1.0,79,20151199,200,True,89,19,0.027930295847838887,0.07938084083069999,0.016946471638014604,0.3739480001956865,0.30161655155436795,30.73620800000043
power_theta100_rho64,power,100.0,64.0,-1.0,84,20151204,168,True,61,18,0.03463492810862776,0.07600442557171092,0.02242753541460322,0.3605618803719715,0.28483954288266217,27.75645799999893
power_theta100_rho64,power,100.0,64.0,-1.0,82,20151202,183,True,91,13,0.025146128156531646,0.10058451262612658,0.014369216089446654,0.36928860721070556,0.32592180965923695,27.938375000005067
power_theta100_rho64,power,100.0,64.0,-1.0,83,20151203,174,True,68,18,0.041596460932657446,0.09936932333912613,0.026303644413298095,0.3427825148335993,0.2892567228722282,26.3409580000058
power_theta100_rho64,power,100.0,64.0,-1.0,81,20151201,209,True,105,20,0.0726058938454235,0.22689341826694848,0.043217793955609235,0.6281132007756308,0.3643348840672848,27.735249999999212
power_theta100_rho64,power,100.0,64.0,-1.0,85,20151205,181,True,66,18,0.08774136553069875,0.20472985290496373,0.055835414428626474,0.40204112847725937,0.40075448145105524,33.60579200000302
power_theta100_rho64,power,100.0,64.0,-1.0,88,20151208,178,True,81,19,0.03297672926329627,0.0867808664823586,0.020356005718084116,0.3616091324379139,0.29054415513357523,31.624166000000287
power_theta200_rho0,power,200.0,0.0,-1.0,0,20161120,1,False,0,0,1.0,1.0,1.0,1.0,1.0,26.7836250000002
power_theta200_rho0,power,200.0,0.0,-1.0,1,20161121,1,False,0,0,1.0,1.0,1.0,1.0,1.0,28.275582999995663
power_theta200_rho0,power,200.0,0.0,-1.0,2,20161122,1,False,0,0,1.0,1.0,1.0,1.0,1.0,30.989874999995948
power_theta200_rho0,power,200.0,0.0,-1.0,3,20161123,1,False,0,0,1.0,1.0,1.0,1.0,1.0,27.027249999996172
power_theta200_rho0,power,200.0,0.0,-1.0,4,20161124,1,False,0,0,1.0,1.0,1.0,1.0,1.0,27.938958999996544
power_theta200_rho0,power,200.0,0.0,-1.0,5,20161125,1,False,0,0,1.0,1.0,1.0,1.0,1.0,25.579333999999676
power_theta200_rho0,power,200.0,0.0,-1.0,6,20161126,1,False,0,0,1.0,1.0,1.0,1.0,1.0,30.813999999999453
power_theta200_rho0,power,200.0,0.0,-1.0,7,20161127,1,False,0,0,1.0,1.0,1.0,1.0,1.0,25.497792000003017
power_theta200_rho0,power,200.0,0.0,-1.0,8,20161128,1,False,0,0,1.0,1.0,1.0,1.0,1.0,27.54687499999875
power_theta200_rho0,power,200.0,0.0,-1.0,9,20161129,1,True,0,6,0.0,0.0,0.0,0.0,0.0,28.449250000001314
power_theta200_rho0,power,200.0,0.0,-1.0,10,20161130,1,False,0,0,1.0,1.0,1.0,1.0,1.0,27.219457999997587
power_theta200_rho0,power,200.0,0.0,-1.0,11,20161131,1,False,0,0,1.0,1.0,1.0,1.0,1.0,27.882208999997715
power_theta200_rho0,power,200.0,0.0,-1.0,12,20161132,1,False,0,0,1.0,1.0,1.0,1.0,1.0,28.152833000000044
power_theta200_rho0,power,200.0,0.0,-1.0,13,20161133,1,False,0,0,1.0,1.0,1.0,1.0,1.0,23.97720899999456
power_theta200_rho0,power,200.0,0.0,-1.0,14,20161134,1,False,0,0,1.0,1.0,1.0,1.0,1.0,26.80279199999802
power_theta200_rho0,power,200.0,0.0,-1.0,15,20161135,1,False,0,0,1.0,1.0,1.0,1.0,1.0,27.872832999996433
power_theta200_rho0,power,200.0,0.0,-1.0,16,20161136,1,False,0,0,1.0,1.0,1.0,1.0,1.0,32.03024999999826
power_theta100_rho64,power,100.0,64.0,-1.0,89,20151209,215,True,43,12,0.031350490282521674,0.07184487356411216,0.020049732157426652,0.16432258219984844,0.5335764427422698,35.2026249999966
power_theta200_rho0,power,200.0,0.0,-1.0,17,20161137,1,False,0,0,1.0,1.0,1.0,1.0,1.0,35.417834000000425
power_theta100_rho64,power,100.0,64.0,-1.0,97,20151217,126,True,36,18,0.031389468032888244,0.04708420204933236,0.02354210102466618,0.16684645579444968,0.36481370523426127,35.16975000000144
power_theta200_rho0,power,200.0,0.0,-1.0,18,20161138,1,False,0,0,1.0,1.0,1.0,1.0,1.0,33.50554200000033
power_theta200_rho0,power,200.0,0.0,-1.0,19,20161139,1,False,0,0,1.0,1.0,1.0,1.0,1.0,29.994541000000652
power_theta200_rho0,power,200.0,0.0,-1.0,20,20161140,1,False,0,0,1.0,1.0,1.0,1.0,1.0,36.561334000005274
power_theta100_rho64,power,100.0,64.0,-1.0,90,20151210,171,True,92,14,0.015304435748122474,0.057938221046463644,0.008816685811418382,0.22050480899253805,0.35245096756567257,36.045250000000806
power_theta200_rho0,power,200.0,0.0,-1.0,21,20161141,1,False,0,0,1.0,1.0,1.0,1.0,1.0,32.73554199999751
power_theta200_rho0,power,200.0,0.0,-1.0,22,20161142,1,False,0,0,1.0,1.0,1.0,1.0,1.0,36.3137920000014
power_theta200_rho0,power,200.0,0.0,-1.0,23,20161143,1,False,0,0,1.0,1.0,1.0,1.0,1.0,32.72024999999701
power_theta200_rho0,power,200.0,0.0,-1.0,24,20161144,1,False,0,0,1.0,1.0,1.0,1.0,1.0,34.59099999999893
power_theta200_rho0,power,200.0,0.0,-1.0,25,20161145,1,False,0,0,1.0,1.0,1.0,1.0,1.0,36.12075000000203
power_theta200_rho0,power,200.0,0.0,-1.0,26,20161146,1,False,0,0,1.0,1.0,1.0,1.0,1.0,31.388083999999594
power_theta200_rho0,power,200.0,0.0,-1.0,27,20161147,1,False,0,0,1.0,1.0,1.0,1.0,1.0,30.434040999999468
power_theta200_rho0,power,200.0,0.0,-1.0,28,20161148,1,False,0,0,1.0,1.0,1.0,1.0,1.0,33.694416000003
power_theta200_rho0,power,200.0,0.0,-1.0,30,20161150,1,False,0,0,1.0,1.0,1.0,1.0,1.0,36.220500000005984
power_theta200_rho0,power,200.0,0.0,-1.0,29,20161149,1,False,0,0,1.0,1.0,1.0,1.0,1.0,37.695290999998576
power_theta200_rho0,power,200.0,0.0,-1.0,31,20161151,1,False,0,0,1.0,1.0,1.0,1.0,1.0,31.91449999999918
power_theta200_rho0,power,200.0,0.0,-1.0,32,20161152,1,False,0,0,1.0,1.0,1.0,1.0,1.0,33.627374999994686
power_theta200_rho0,power,200.0,0.0,-1.0,33,20161153,1,False,0,0,1.0,1.0,1.0,1.0,1.0,34.692665999997985
power_theta200_rho0,power,200.0,0.0,-1.0,34,20161154,1,False,0,0,1.0,1.0,1.0,1.0,1.0,35.99349999999646
power_theta200_rho0,power,200.0,0.0,-1.0,35,20161155,1,False,0,0,1.0,1.0,1.0,1.0,1.0,34.70858400000054
power_theta200_rho0,power,200.0,0.0,-1.0,36,20161156,1,False,0,0,1.0,1.0,1.0,1.0,1.0,37.353333999995186
power_theta200_rho0,power,200.0,0.0,-1.0,38,20161158,1,False,0,0,1.0,1.0,1.0,1.0,1.0,41.273832999998206
power_theta200_rho0,power,200.0,0.0,-1.0,37,20161157,1,False,0,0,1.0,1.0,1.0,1.0,1.0,42.75420799999807
power_theta200_rho0,power,200.0,0.0,-1.0,39,20161159,1,False,0,0,1.0,1.0,1.0,1.0,1.0,41.91141700000145
power_theta100_rho64,power,100.0,64.0,-1.0,94,20151214,154,True,61,12,0.01910322677413458,0.058105648104659346,0.011430619299277248,0.21663685111677675,0.440912430199188,40.949541999999894
power_theta200_rho0,power,200.0,0.0,-1.0,40,20161160,1,False,0,0,1.0,1.0,1.0,1.0,1.0,25.163124999998843
power_theta200_rho0,power,200.0,0.0,-1.0,41,20161161,1,False,0,0,1.0,1.0,1.0,1.0,1.0,36.96962500000467
power_theta200_rho0,power,200.0,0.0,-1.0,42,20161162,1,False,0,0,1.0,1.0,1.0,1.0,1.0,35.54849999999732
power_theta200_rho0,power,200.0,0.0,-1.0,43,20161163,1,False,0,0,1.0,1.0,1.0,1.0,1.0,36.555374999998946
power_theta200_rho0,power,200.0,0.0,-1.0,44,20161164,1,False,0,0,1.0,1.0,1.0,1.0,1.0,40.7470000000032
power_theta200_rho0,power,200.0,0.0,-1.0,45,20161165,1,False,0,0,1.0,1.0,1.0,1.0,1.0,40.508875000000444
power_theta100_rho64,power,100.0,64.0,-1.0,95,20151215,146,True,68,14,0.0728820331622334,0.2134402399751121,0.04394357881840544,0.47678469172632304,0.5403329357467882,38.86500000000126
power_theta100_rho64,power,100.0,64.0,-1.0,93,20151213,156,True,68,12,0.03610674884365479,0.1203558294788493,0.02123926402567929,0.3175786868232523,0.41658615571734764,28.753417000004333
power_theta200_rho0,power,200.0,0.0,-1.0,47,20161167,1,False,0,0,1.0,1.0,1.0,1.0,1.0,37.59491699999984
power_theta200_rho0,power,200.0,0.0,-1.0,48,20161168,1,False,0,0,1.0,1.0,1.0,1.0,1.0,36.52358299999747
power_theta200_rho0,power,200.0,0.0,-1.0,46,20161166,1,False,0,0,1.0,1.0,1.0,1.0,1.0,41.79141600000236
power_theta200_rho0,power,200.0,0.0,-1.0,49,20161169,1,False,0,0,1.0,1.0,1.0,1.0,1.0,34.01345799999689
power_theta200_rho0,power,200.0,0.0,-1.0,50,20161170,1,False,0,0,1.0,1.0,1.0,1.0,1.0,36.2447500000016
power_theta200_rho0,power,200.0,0.0,-1.0,51,20161171,1,False,0,0,1.0,1.0,1.0,1.0,1.0,29.003750000001105
power_theta200_rho0,power,200.0,0.0,-1.0,52,20161172,1,False,0,0,1.0,1.0,1.0,1.0,1.0,36.18787500000309
power_theta200_rho0,power,200.0,0.0,-1.0,54,20161174,1,False,0,0,1.0,1.0,1.0,1.0,1.0,42.69104100000476
power_theta200_rho0,power,200.0,0.0,-1.0,53,20161173,1,False,0,0,1.0,1.0,1.0,1.0,1.0,43.58504200000368
power_theta200_rho0,power,200.0,0.0,-1.0,55,20161175,1,False,0,0,1.0,1.0,1.0,1.0,1.0,42.42645899999786
power_theta200_rho0,power,200.0,0.0,-1.0,56,20161176,1,False,0,0,1.0,1.0,1.0,1.0,1.0,41.30945800000063
power_theta200_rho0,power,200.0,0.0,-1.0,57,20161177,1,False,0,0,1.0,1.0,1.0,1.0,1.0,35.9101250000009
power_theta200_rho0,power,200.0,0.0,-1.0,58,20161178,1,False,0,0,1.0,1.0,1.0,1.0,1.0,38.81929100000292
power_theta200_rho0,power,200.0,0.0,-1.0,59,20161179,1,False,0,0,1.0,1.0,1.0,1.0,1.0,28.517917000002058
power_theta200_rho0,power,200.0,0.0,-1.0,61,20161181,1,False,0,0,1.0,1.0,1.0,1.0,1.0,38.72037499999692
power_theta200_rho0,power,200.0,0.0,-1.0,60,20161180,1,False,0,0,1.0,1.0,1.0,1.0,1.0,43.43675000000502
power_theta200_rho0,power,200.0,0.0,-1.0,62,20161182,1,False,0,0,1.0,1.0,1.0,1.0,1.0,42.01474999999988
power_theta200_rho0,power,200.0,0.0,-1.0,64,20161184,1,False,0,0,1.0,1.0,1.0,1.0,1.0,43.99220900000245
power_theta200_rho0,power,200.0,0.0,-1.0,63,20161183,1,False,0,0,1.0,1.0,1.0,1.0,1.0,46.57875000000189
power_theta200_rho0,power,200.0,0.0,-1.0,65,20161185,1,False,0,0,1.0,1.0,1.0,1.0,1.0,37.15491699999518
power_theta200_rho0,power,200.0,0.0,-1.0,66,20161186,1,False,0,0,1.0,1.0,1.0,1.0,1.0,39.36825000000255
power_theta200_rho0,power,200.0,0.0,-1.0,67,20161187,1,False,0,0,1.0,1.0,1.0,1.0,1.0,33.95262499999774
power_theta200_rho0,power,200.0,0.0,-1.0,68,20161188,1,False,0,0,1.0,1.0,1.0,1.0,1.0,40.234875000003
power_theta200_rho0,power,200.0,0.0,-1.0,69,20161189,1,False,0,0,1.0,1.0,1.0,1.0,1.0,41.410708000000795
power_theta200_rho0,power,200.0,0.0,-1.0,70,20161190,1,False,0,0,1.0,1.0,1.0,1.0,1.0,42.19062499999637
power_theta200_rho0,power,200.0,0.0,-1.0,73,20161193,1,False,0,0,1.0,1.0,1.0,1.0,1.0,31.212666999998362
power_theta200_rho0,power,200.0,0.0,-1.0,72,20161192,1,False,0,0,1.0,1.0,1.0,1.0,1.0,39.48979199999769
power_theta200_rho0,power,200.0,0.0,-1.0,71,20161191,1,False,0,0,1.0,1.0,1.0,1.0,1.0,42.998208000000204
power_theta200_rho0,power,200.0,0.0,-1.0,74,20161194,1,False,0,0,1.0,1.0,1.0,1.0,1.0,27.984207999999455
power_theta200_rho0,power,200.0,0.0,-1.0,76,20161196,1,False,0,0,1.0,1.0,1.0,1.0,1.0,33.38170800000029
power_theta200_rho0,power,200.0,0.0,-1.0,75,20161195,1,False,0,0,1.0,1.0,1.0,1.0,1.0,35.7374999999962
power_theta200_rho0,power,200.0,0.0,-1.0,79,20161199,1,False,0,0,1.0,1.0,1.0,1.0,1.0,40.31895899999682
power_theta200_rho0,power,200.0,0.0,-1.0,80,20161200,1,False,0,0,1.0,1.0,1.0,1.0,1.0,40.987332999996795
power_theta200_rho0,power,200.0,0.0,-1.0,78,20161198,1,False,0,0,1.0,1.0,1.0,1.0,1.0,42.858875000000296
power_theta200_rho0,power,200.0,0.0,-1.0,81,20161201,1,False,0,0,1.0,1.0,1.0,1.0,1.0,33.61366699999735
power_theta200_rho0,power,200.0,0.0,-1.0,77,20161197,1,False,0,0,1.0,1.0,1.0,1.0,1.0,44.158332999998606
power_theta200_rho0,power,200.0,0.0,-1.0,83,20161203,1,False,0,0,1.0,1.0,1.0,1.0,1.0,34.78416699999798
power_theta200_rho0,power,200.0,0.0,-1.0,82,20161202,1,False,0,0,1.0,1.0,1.0,1.0,1.0,39.08324999999735
power_theta200_rho0,power,200.0,0.0,-1.0,86,20161206,1,False,0,0,1.0,1.0,1.0,1.0,1.0,44.34362499999622
power_theta200_rho0,power,200.0,0.0,-1.0,85,20161205,1,False,0,0,1.0,1.0,1.0,1.0,1.0,43.99837500000103
power_theta200_rho0,power,200.0,0.0,-1.0,87,20161207,1,False,0,0,1.0,1.0,1.0,1.0,1.0,43.17700000000002
power_theta200_rho0,power,200.0,0.0,-1.0,84,20161204,1,False,0,0,1.0,1.0,1.0,1.0,1.0,48.46179200000478
power_theta200_rho0,power,200.0,0.0,-1.0,88,20161208,1,False,0,0,1.0,1.0,1.0,1.0,1.0,49.21120800000267
power_theta200_rho0,power,200.0,0.0,-1.0,89,20161209,1,False,0,0,1.0,1.0,1.0,1.0,1.0,33.035875000003045
power_theta200_rho0,power,200.0,0.0,-1.0,90,20161210,1,False,0,0,1.0,1.0,1.0,1.0,1.0,39.803167000002304
power_theta200_rho0,power,200.0,0.0,-1.0,92,20161212,1,False,0,0,1.0,1.0,1.0,1.0,1.0,39.36529200000649
power_theta200_rho0,power,200.0,0.0,-1.0,95,20161215,1,False,0,0,1.0,1.0,1.0,1.0,1.0,39.20324999999991
power_theta200_rho0,power,200.0,0.0,-1.0,91,20161211,1,False,0,0,1.0,1.0,1.0,1.0,1.0,47.085582999997655
power_theta200_rho0,power,200.0,0.0,-1.0,93,20161213,1,False,0,0,1.0,1.0,1.0,1.0,1.0,46.420874999995476
power_theta200_rho0,power,200.0,0.0,-1.0,94,20161214,1,False,0,0,1.0,1.0,1.0,1.0,1.0,46.75129099999964
power_theta200_rho0,power,200.0,0.0,-1.0,96,20161216,1,False,0,0,1.0,1.0,1.0,1.0,1.0,42.9583330000014
power_theta200_rho0,power,200.0,0.0,-1.0,97,20161217,1,False,0,0,1.0,1.0,1.0,1.0,1.0,41.822083999996096
power_theta100_rho64,power,100.0,64.0,-1.0,91,20151211,193,True,51,17,0.05804419957645774,0.11608839915291547,0.038696133050971825,0.47723837491891935,0.27441126211901584,39.596584000001656
power_theta200_rho0,power,200.0,0.0,-1.0,98,20161218,1,False,0,0,1.0,1.0,1.0,1.0,1.0,33.8063749999975
power_theta200_rho0,power,200.0,0.0,-1.0,99,20161219,1,False,0,0,1.0,1.0,1.0,1.0,1.0,34.10429200000209
power_theta200_rho1,power,200.0,1.0,-1.0,2,20171122,2,True,0,2,0.0,0.0,0.0,0.0,0.0,35.68250000000006
power_theta200_rho1,power,200.0,1.0,-1.0,1,20171121,2,False,0,0,1.0,1.0,1.0,1.0,1.0,38.60112499999957
power_theta100_rho64,power,100.0,64.0,-1.0,92,20151212,184,True,61,14,0.07359243053285094,0.19712258178442219,0.045241248278391974,0.35441236745794896,0.5457025660221149,36.289582999998515
power_theta200_rho1,power,200.0,1.0,-1.0,3,20171123,5,False,0,0,1.0,1.0,1.0,1.0,1.0,31.674457999997685
power_theta200_rho1,power,200.0,1.0,-1.0,0,20171120,8,True,1,11,0.0009380358620848551,0.0005116559247735574,0.005628215172509131,0.8892579972564427,0.006329113924050633,40.187416000001974
power_theta200_rho1,power,200.0,1.0,-1.0,4,20171124,5,True,7,8,0.04189994762660873,0.03928120089994568,0.04489280102850935,0.2509343477293838,0.24288451012588944,37.52025000000003
power_theta200_rho1,power,200.0,1.0,-1.0,7,20171127,2,False,0,0,1.0,1.0,1.0,1.0,1.0,32.132874999994954
power_theta200_rho1,power,200.0,1.0,-1.0,5,20171125,3,False,0,0,1.0,1.0,1.0,1.0,1.0,38.95299999999935
power_theta200_rho1,power,200.0,1.0,-1.0,6,20171126,6,True,2,5,0.0021472925432738164,0.0015031047802916715,0.0037577619507291786,0.008850326263978863,0.42772108843537415,36.289791999998045
power_theta200_rho1,power,200.0,1.0,-1.0,8,20171128,2,True,1,3,0.007631071994821864,0.005087381329881243,0.015262143989643729,0.5799614716064617,0.02631578947368421,34.26758300000188
power_theta200_rho1,power,200.0,1.0,-1.0,9,20171129,3,True,0,1,0.0,0.0,0.0,0.0,0.0,31.20670799999914
power_theta200_rho1,power,200.0,1.0,-1.0,10,20171130,5,True,4,6,0.011365114609828631,0.00947092884152386,0.01420639326228579,0.25442003820952647,0.2993486987384307,31.67575000000511
power_theta200_rho1,power,200.0,1.0,-1.0,15,20171135,1,False,0,0,1.0,1.0,1.0,1.0,1.0,31.931165999999678
power_theta200_rho1,power,200.0,1.0,-1.0,12,20171132,4,True,2,19,0.0018992582391107605,0.001049590079508578,0.009971105755331491,0.01631652115117652,0.6060869565217392,40.45937499999752
power_theta200_rho1,power,200.0,1.0,-1.0,11,20171131,9,True,4,2,0.025735976438029357,0.038603964657044035,0.019301982328522017,0.423286738656122,0.4236111111111111,43.1919579999942
power_theta200_rho1,power,200.0,1.0,-1.0,14,20171134,5,True,1,2,0.0015543126612607057,0.0011657344959455293,0.0023314689918910586,0.1632028294323741,0.014285714285714285,41.59295800000251
power_theta200_rho1,power,200.0,1.0,-1.0,13,20171133,5,True,0,17,0.0,0.0,0.0,0.0,0.0,41.344750000000374
power_theta200_rho1,power,200.0,1.0,-1.0,17,20171137,3,True,3,1,0.0,0.0,0.0,0.41379188923226695,0.0,39.65170800000095
power_theta200_rho1,power,200.0,1.0,-1.0,16,20171136,4,False,3,0,0.0,0.0,0.0,0.0,0.0,42.540916999996625
power_theta200_rho1,power,200.0,1.0,-1.0,19,20171139,1,False,0,0,1.0,1.0,1.0,1.0,1.0,38.571000000004574
power_theta200_rho1,power,200.0,1.0,-1.0,20,20171140,1,False,0,0,1.0,1.0,1.0,1.0,1.0,35.56975000000051
power_theta200_rho1,power,200.0,1.0,-1.0,18,20171138,6,False,0,0,1.0,1.0,1.0,1.0,1.0,44.741750000000025
power_theta200_rho1,power,200.0,1.0,-1.0,21,20171141,1,False,0,0,1.0,1.0,1.0,1.0,1.0,30.557665999999983
power_theta200_rho1,power,200.0,1.0,-1.0,23,20171143,2,False,0,0,1.0,1.0,1.0,1.0,1.0,34.427583000002926
power_theta200_rho1,power,200.0,1.0,-1.0,22,20171142,5,True,1,7,7.22573163025158e-07,4.128989503000903e-07,2.890292652100632e-06,0.0007081216997646548,0.004081632653061225,36.42354200000142
power_theta200_rho1,power,200.0,1.0,-1.0,25,20171145,3,False,0,0,1.0,1.0,1.0,1.0,1.0,42.0811669999992
power_theta200_rho1,power,200.0,1.0,-1.0,24,20171144,2,False,0,0,1.0,1.0,1.0,1.0,1.0,44.92466700000364
power_theta200_rho1,power,200.0,1.0,-1.0,29,20171149,1,False,0,0,1.0,1.0,1.0,1.0,1.0,33.68879100000299
power_theta100_rho64,power,100.0,64.0,-1.0,98,20151218,161,True,53,9,0.01352059590134845,0.04657094143797799,0.007908273074373622,0.23076648141687864,0.23831175218428113,40.114665999993804
power_theta200_rho1,power,200.0,1.0,-1.0,28,20171148,2,False,0,0,1.0,1.0,1.0,1.0,1.0,40.97633300000325
power_theta200_rho1,power,200.0,1.0,-1.0,27,20171147,5,True,1,6,0.00020511319688107537,0.00011964936484729396,0.0007178961890837637,0.06245696845028744,0.011494252873563218,45.955750000004514
power_theta200_rho1,power,200.0,1.0,-1.0,26,20171146,8,True,3,8,0.06495385167637881,0.04465577302751042,0.11908206140669446,0.1217930298018333,0.9724005539506347,46.36412500000375
power_theta200_rho1,power,200.0,1.0,-1.0,31,20171151,4,False,0,0,1.0,1.0,1.0,1.0,1.0,39.9320000000003
power_theta200_rho1,power,200.0,1.0,-1.0,30,20171150,8,True,5,1,0.0,0.0,0.0,0.09936868441615258,0.0,40.45599999999894
power_theta200_rho1,power,200.0,1.0,-1.0,35,20171155,1,False,0,0,1.0,1.0,1.0,1.0,1.0,41.44508400000291
power_theta200_rho1,power,200.0,1.0,-1.0,32,20171152,4,True,0,15,0.0,0.0,0.0,0.0,0.0,46.45770799999838
power_theta200_rho1,power,200.0,1.0,-1.0,34,20171154,3,False,0,0,1.0,1.0,1.0,1.0,1.0,47.16912499999637
power_theta200_rho1,power,200.0,1.0,-1.0,33,20171153,6,False,0,0,1.0,1.0,1.0,1.0,1.0,46.088833999995416
power_theta100_rho64,power,100.0,64.0,-1.0,96,20151216,161,True,50,12,0.04310476848077504,0.11135398524200218,0.026724956458080526,0.2180399346242979,0.46057391037685297,43.695416000005594
power_theta200_rho1,power,200.0,1.0,-1.0,37,20171157,1,False,0,0,1.0,1.0,1.0,1.0,1.0,46.055125000002306
power_theta200_rho1,power,200.0,1.0,-1.0,36,20171156,5,True,2,5,0.0,0.0,0.0,0.18455698102895698,0.0,42.06733299999854
power_theta200_rho1,power,200.0,1.0,-1.0,41,20171161,1,False,0,0,1.0,1.0,1.0,1.0,1.0,37.76095799999979
power_theta200_rho1,power,200.0,1.0,-1.0,40,20171160,1,False,0,0,1.0,1.0,1.0,1.0,1.0,40.396791999995685
power_theta200_rho1,power,200.0,1.0,-1.0,39,20171159,5,True,3,12,0.010383913268870589,0.006489945793044118,0.02595978317217647,0.2019316822614421,0.37277053080646483,41.30695799999984
power_theta200_rho1,power,200.0,1.0,-1.0,38,20171158,7,False,0,0,1.0,1.0,1.0,1.0,1.0,32.6944580000017
power_theta200_rho1,power,200.0,1.0,-1.0,44,20171164,2,False,1,0,0.0,0.0,0.0,0.0,0.0,36.64158299999798
power_theta200_rho1,power,200.0,1.0,-1.0,43,20171163,3,True,5,13,0.0053532346403688405,0.003706085520255351,0.009635822352663912,0.136792046187117,0.26305149564255303,38.29212500000523
power_theta200_rho1,power,200.0,1.0,-1.0,46,20171166,2,False,0,0,1.0,1.0,1.0,1.0,1.0,45.187125000005324
power_theta200_rho1,power,200.0,1.0,-1.0,42,20171162,7,True,3,10,0.06320500042820458,0.041083250278332976,0.13694416759444325,0.2065778989245944,0.618385507706976,44.00841700000058
power_theta200_rho1,power,200.0,1.0,-1.0,47,20171167,5,False,0,0,1.0,1.0,1.0,1.0,1.0,47.21049999999849
power_theta200_rho1,power,200.0,1.0,-1.0,48,20171168,3,True,2,10,0.22694324392749518,0.13616594635649712,0.6808297317824856,0.7091295740432699,0.9530444964871194,51.38099999999923
power_theta200_rho1,power,200.0,1.0,-1.0,50,20171170,2,False,1,0,0.0,0.0,0.0,0.0,0.0,42.67387499999842
power_theta200_rho1,power,200.0,1.0,-1.0,45,20171165,6,True,3,2,0.0,0.0,0.0,0.004054540109710571,0.0,49.479665999996314
power_theta200_rho1,power,200.0,1.0,-1.0,49,20171169,3,False,3,0,0.0,0.0,0.0,0.0,0.0,44.9710409999966
power_theta200_rho1,power,200.0,1.0,-1.0,52,20171172,1,False,0,0,1.0,1.0,1.0,1.0,1.0,42.22791699999817
power_theta200_rho1,power,200.0,1.0,-1.0,51,20171171,6,True,1,10,8.781185300379884e-05,4.829651915208936e-05,0.00048296519152089357,0.023182329193002893,0.020833333333333332,35.99804200000278
power_theta200_rho1,power,200.0,1.0,-1.0,54,20171174,2,False,0,0,1.0,1.0,1.0,1.0,1.0,34.200915999996084
power_theta200_rho1,power,200.0,1.0,-1.0,53,20171173,3,False,0,0,1.0,1.0,1.0,1.0,1.0,39.53579099999871
power_theta200_rho1,power,200.0,1.0,-1.0,56,20171176,1,False,0,0,1.0,1.0,1.0,1.0,1.0,31.08533300000005
power_theta200_rho1,power,200.0,1.0,-1.0,57,20171177,3,False,0,0,1.0,1.0,1.0,1.0,1.0,34.780542000000025
power_theta200_rho1,power,200.0,1.0,-1.0,59,20171179,3,False,0,0,1.0,1.0,1.0,1.0,1.0,41.711417000001916
power_theta200_rho1,power,200.0,1.0,-1.0,55,20171175,6,True,2,3,0.0016641577253280419,0.0013867981044400348,0.0020801971566600523,0.17059363359480234,0.013165509259259259,43.30929099999992
power_theta200_rho1,power,200.0,1.0,-1.0,58,20171178,3,True,2,8,0.009430683599329054,0.005894177249580659,0.023576708998322635,0.041723161042838824,0.5040257648953301,40.52762499999574
power_theta200_rho1,power,200.0,1.0,-1.0,65,20171185,1,False,0,0,1.0,1.0,1.0,1.0,1.0,33.952333000002
power_theta200_rho1,power,200.0,1.0,-1.0,60,20171180,6,True,1,4,0.0,0.0,0.0,0.002365264162563513,0.0,38.85700000000014
power_theta200_rho1,power,200.0,1.0,-1.0,62,20171182,4,True,1,7,0.0,0.0,0.0,0.020671088755008393,0.0,42.08570800000189
power_theta200_rho1,power,200.0,1.0,-1.0,64,20171184,4,False,5,0,0.0,0.0,0.0,0.0,0.0,38.502499999999884
power_theta200_rho1,power,200.0,1.0,-1.0,61,20171181,9,True,7,14,0.00672358343127105,0.005042687573453287,0.010085375146906574,0.16299660103043317,0.05733942674078428,38.79166699999814
power_theta200_rho1,power,200.0,1.0,-1.0,67,20171187,4,False,0,0,1.0,1.0,1.0,1.0,1.0,32.554875000002426
power_theta200_rho1,power,200.0,1.0,-1.0,63,20171183,8,True,1,26,0.012857934952736318,0.006676235456228473,0.1735821218619403,0.1735821218619403,1.0,42.20666699999498
power_theta200_rho1,power,200.0,1.0,-1.0,66,20171186,5,True,2,6,0.07360624788568458,0.04907083192378972,0.14721249577136916,0.1649253664552809,0.9353120243531202,42.45745900000486
power_theta200_rho1,power,200.0,1.0,-1.0,68,20171188,3,True,4,5,0.0,0.0,0.0,0.1360920898689873,0.0,32.62358300000301
power_theta200_rho1,power,200.0,1.0,-1.0,72,20171192,2,False,1,0,0.0,0.0,0.0,0.0,0.0,41.565083000001835
power_theta200_rho1,power,200.0,1.0,-1.0,69,20171189,5,True,5,8,0.0001849726001120631,0.00015029023759105124,0.000240464380145682,0.08741139939698375,0.006756756756756757,40.231542000000786
power_theta200_rho1,power,200.0,1.0,-1.0,73,20171193,3,False,0,0,1.0,1.0,1.0,1.0,1.0,42.871667
power_theta200_rho1,power,200.0,1.0,-1.0,71,20171191,5,True,3,1,0.0,0.0,0.0,1.0,0.0,39.65104100000616
power_theta200_rho1,power,200.0,1.0,-1.0,74,20171194,5,False,0,0,1.0,1.0,1.0,1.0,1.0,33.94825000000168
power_theta200_rho1,power,200.0,1.0,-1.0,70,20171190,7,True,5,25,0.011757539985189653,0.007054523991113793,0.03527261995556896,0.07501524772284572,0.42322303921568627,43.01766700000087
power_theta200_rho1,power,200.0,1.0,-1.0,78,20171198,3,False,0,0,1.0,1.0,1.0,1.0,1.0,39.22899999999885
power_theta200_rho1,power,200.0,1.0,-1.0,77,20171197,5,True,2,6,0.0052906118210043545,0.0035270745473362365,0.010581223642008709,0.4934141271595933,0.4573038073038073,38.98816699999941
power_theta200_rho1,power,200.0,1.0,-1.0,75,20171195,7,False,5,0,0.0,0.0,0.0,0.0,0.0,38.66758299999873
power_theta200_rho1,power,200.0,1.0,-1.0,76,20171196,6,True,2,13,0.012195839758480044,0.007036061399123102,0.04573439909430017,0.4545616241376011,0.052083333333333336,39.028749999999945
power_theta200_rho1,power,200.0,1.0,-1.0,79,20171199,5,False,1,0,0.0,0.0,0.0,0.0,0.0,33.068749999998204
power_theta200_rho1,power,200.0,1.0,-1.0,82,20171202,2,False,0,0,1.0,1.0,1.0,1.0,1.0,34.09162500000207
power_theta200_rho1,power,200.0,1.0,-1.0,80,20171200,5,False,2,0,0.0,0.0,0.0,0.0,0.0,41.42341699999719
power_theta200_rho1,power,200.0,1.0,-1.0,83,20171203,3,False,0,0,1.0,1.0,1.0,1.0,1.0,41.56783299999489
power_theta200_rho1,power,200.0,1.0,-1.0,81,20171201,6,False,0,0,1.0,1.0,1.0,1.0,1.0,41.92000000000462
power_theta200_rho1,power,200.0,1.0,-1.0,84,20171204,6,False,0,0,1.0,1.0,1.0,1.0,1.0,39.556500000003325
power_theta200_rho1,power,200.0,1.0,-1.0,85,20171205,4,False,1,0,0.0,0.0,0.0,0.0,0.0,41.65095800000529
power_theta200_rho1,power,200.0,1.0,-1.0,87,20171207,2,False,0,0,1.0,1.0,1.0,1.0,1.0,33.43345799999753
power_theta200_rho1,power,200.0,1.0,-1.0,86,20171206,4,False,1,0,0.0,0.0,0.0,0.0,0.0,37.48149999999839
power_theta200_rho1,power,200.0,1.0,-1.0,89,20171209,5,False,0,0,1.0,1.0,1.0,1.0,1.0,38.12941700000039
power_theta200_rho1,power,200.0,1.0,-1.0,90,20171210,3,False,0,0,1.0,1.0,1.0,1.0,1.0,42.25037500000184
power_theta200_rho1,power,200.0,1.0,-1.0,93,20171213,1,False,0,0,1.0,1.0,1.0,1.0,1.0,38.3079579999972
power_theta200_rho1,power,200.0,1.0,-1.0,88,20171208,7,True,2,23,0.06895471365465229,0.037475387855789286,0.4309669603415768,0.4349894127343832,0.9813084112149533,40.40449999999396
power_theta200_rho1,power,200.0,1.0,-1.0,91,20171211,5,True,1,29,0.0052863392820585425,0.0027343134217544186,0.07929508923087814,0.7488980649582935,0.10588235294117647,40.27099999999706
power_theta200_rho1,power,200.0,1.0,-1.0,96,20171216,1,False,0,0,1.0,1.0,1.0,1.0,1.0,42.32304199999959
power_theta200_rho1,power,200.0,1.0,-1.0,95,20171215,2,False,0,0,1.0,1.0,1.0,1.0,1.0,41.77841599999965
power_theta200_rho1,power,200.0,1.0,-1.0,94,20171214,3,True,1,11,9.573236753566494e-06,5.221765501945361e-06,5.743942052139896e-05,0.002217161632126,0.025906735751295335,45.17358400000404
power_theta200_rho1,power,200.0,1.0,-1.0,97,20171217,2,False,0,0,1.0,1.0,1.0,1.0,1.0,41.71508299999971
power_theta200_rho1,power,200.0,1.0,-1.0,92,20171212,6,True,1,4,0.0018559242368696945,0.001159952648043559,0.004639810592174236,0.006634929146809158,0.6993006993006993,48.635124999997004
power_theta200_rho1,power,200.0,1.0,-1.0,98,20171218,2,True,1,24,0.00013068843552269588,6.80668935014041e-05,0.0016336054440336983,0.0016749625438826526,0.9753086419753086,38.32237499999991
power_theta200_rho4,power,200.0,4.0,-1.0,0,20181120,4,False,1,0,0.0,0.0,0.0,0.0,0.0,34.94612500000471
power_theta200_rho1,power,200.0,1.0,-1.0,99,20171219,6,True,3,12,0.06263346242402257,0.039145914015014105,0.15658365606005642,0.22087887072369228,0.45419103313840153,33.37945799999886
power_theta200_rho4,power,200.0,4.0,-1.0,4,20181124,8,True,4,17,0.004222913657083254,0.0026082701999631864,0.011085148349843543,0.12523800164248647,0.2765032600821058,41.15550000000212
power_theta200_rho4,power,200.0,4.0,-1.0,5,20181125,7,True,2,18,0.008455680526791302,0.0046976002926618346,0.04227840263395651,0.04902378370886177,0.9035868392664509,40.97875000000073
power_theta200_rho4,power,200.0,4.0,-1.0,3,20181123,11,True,3,6,0.06345673773314585,0.04759255329985939,0.09518510659971878,0.3689963258335978,0.24814814814814815,41.95195799999851
power_theta200_rho4,power,200.0,4.0,-1.0,1,20181121,12,True,2,16,0.000651175592553769,0.0003662862708114951,0.0029302901664919607,0.005917479171168231,0.4951923076923077,43.738791999999194
power_theta200_rho4,power,200.0,4.0,-1.0,7,20181127,9,True,3,43,0.0003908475358261048,0.0002090579842790793,0.0029964977746668032,0.003007169269736002,0.9968553459119497,44.06966699999515
power_theta200_rho4,power,200.0,4.0,-1.0,8,20181128,9,True,11,15,0.006924992544568533,0.006001660205292729,0.008184082098126448,0.10186538709629772,0.2018875568459841,42.034250000000384
power_theta200_rho4,power,200.0,4.0,-1.0,2,20181122,16,True,8,9,0.01568294559867395,0.014811670843192062,0.01666312969859107,0.09054394241268512,0.2628281911490867,44.482416999997554
power_theta200_rho4,power,200.0,4.0,-1.0,10,20181130,5,True,1,10,0.002895264833919318,0.0015923956586556248,0.015923956586556248,0.016392308250866724,0.9714285714285714,41.89966599999906
power_theta200_rho4,power,200.0,4.0,-1.0,6,20181126,11,True,3,14,0.05862343685127583,0.03559280094541747,0.1660997377452815,0.27297953450160833,0.6678503787878789,42.40812500000146
power_theta200_rho4,power,200.0,4.0,-1.0,11,20181131,8,False,2,0,0.0,0.0,0.0,0.0,0.0,32.767749999997875
power_theta200_rho4,power,200.0,4.0,-1.0,9,20181129,14,True,7,19,0.04721931258779867,0.032307950717967514,0.08769300909162611,0.2357537776135818,0.31213403852753696,31.49645799999945
power_theta200_rho4,power,200.0,4.0,-1.0,13,20181133,7,True,1,10,0.00146230396264404,0.000804267179454222,0.00804267179454222,0.009062165402301092,0.8875,29.780125000002045
power_theta200_rho4,power,200.0,4.0,-1.0,12,20181132,13,True,4,5,0.012754595951188597,0.011479136356069739,0.014348920445087173,0.2476856985142472,0.053571428571428575,29.90183300000382
power_theta200_rho4,power,200.0,4.0,-1.0,16,20181136,9,True,4,3,0.0033664535092154386,0.003927529094084678,0.0029456468205635087,0.19218434234104934,0.011510654490106543,36.452332999999726
power_theta200_rho4,power,200.0,4.0,-1.0,21,20181141,9,True,9,15,0.04716191695881965,0.03772953356705571,0.06288255594509286,0.09422313074473884,0.44950450178897455,36.551291000002095
power_theta200_rho4,power,200.0,4.0,-1.0,15,20181135,16,True,0,6,0.0,0.0,0.0,0.0,0.0,39.6195830000039
power_theta200_rho4,power,200.0,4.0,-1.0,14,20181134,17,True,12,23,0.017327133614398776,0.013183688619651244,0.025268736520998217,0.26866195636268825,0.36725926880099574,36.09841699999805
power_theta200_rho4,power,200.0,4.0,-1.0,20,20181140,14,True,6,7,0.0449736602656925,0.041761255961000186,0.048721465287833554,0.06188006835536699,0.4849753634452316,37.91012499999624
power_theta200_rho4,power,200.0,4.0,-1.0,17,20181137,17,True,6,14,0.01419652523502326,0.010140375167873758,0.023660875391705433,0.04700776713150436,0.41322550821294185,34.99599999999958
power_theta200_rho4,power,200.0,4.0,-1.0,23,20181143,11,True,5,9,0.02843872452469516,0.02211900796365179,0.039814214334573224,0.4458624122259164,0.28020411295273173,31.43974999999699
power_theta200_rho4,power,200.0,4.0,-1.0,19,20181139,18,True,4,31,0.002178256028565945,0.001229660661287227,0.00952987012497601,0.017354101456242034,0.38505821546772734,37.247499999999434
power_theta200_rho4,power,200.0,4.0,-1.0,22,20181142,17,True,12,13,0.04735749243880466,0.04553605042192756,0.04933072129042152,0.31807671880134714,0.16160459157682985,30.83066699999648
power_theta200_rho4,power,200.0,4.0,-1.0,18,20181138,19,True,20,19,0.0312621800266844,0.03208486897475504,0.03048062552601729,0.09950335122306467,0.16995257970400568,35.243874999999036
power_theta200_rho4,power,200.0,4.0,-1.0,24,20181144,12,True,10,32,0.023523403742694262,0.01543723370614311,0.04939914785965795,0.060564817959600156,0.2140055710424596,32.27037500000307
power_theta200_rho4,power,200.0,4.0,-1.0,29,20181149,4,False,0,0,1.0,1.0,1.0,1.0,1.0,26.572416999997017
power_theta200_rho4,power,200.0,4.0,-1.0,26,20181146,12,False,3,0,0.0,0.0,0.0,0.0,0.0,30.299457999994672
power_theta200_rho4,power,200.0,4.0,-1.0,25,20181145,13,True,2,12,0.0006094705466269977,0.0003555244855324153,0.0021331469131944916,0.005225857598783049,0.24334061553792496,35.89620800000404
power_theta200_rho4,power,200.0,4.0,-1.0,28,20181148,11,False,4,0,0.0,0.0,0.0,0.0,0.0,35.141250000002344
power_theta200_rho4,power,200.0,4.0,-1.0,32,20181152,8,True,11,9,0.021492230208090254,0.02388025578676695,0.019538391098263868,0.15443289125308024,0.22610786910572178,34.6846669999934
power_theta200_rho4,power,200.0,4.0,-1.0,33,20181153,10,False,1,0,0.0,0.0,0.0,0.0,0.0,33.93899999999661
power_theta200_rho4,power,200.0,4.0,-1.0,27,20181147,18,True,7,11,0.06118512137269608,0.050060553850387705,0.07866658462203782,0.2514999688588422,0.34242793730451876,35.337417000000926
power_theta200_rho4,power,200.0,4.0,-1.0,34,20181154,8,True,5,10,0.00999317456588428,0.00749488092441321,0.01498976184882642,0.0363169146642919,0.2214927633571701,39.48695900000132
power_theta200_rho4,power,200.0,4.0,-1.0,35,20181155,7,True,3,11,0.0001082955350642293,6.891534049541864e-05,0.00025268958181653506,0.029506194271081112,0.0061162079510703364,43.372916999999234
power_theta200_rho4,power,200.0,4.0,-1.0,36,20181156,6,True,4,3,0.002434689418828376,0.002840470988633105,0.0021303532414748286,0.014325280219106852,0.16046388372364603,41.33512499999625
power_theta200_rho4,power,200.0,4.0,-1.0,31,20181151,16,True,1,8,0.0029733646235432258,0.0016725176007430643,0.013380140805944515,0.1493223713943408,0.08960573476702509,38.610999999995954
power_theta200_rho4,power,200.0,4.0,-1.0,37,20181157,10,True,4,10,0.009090821290193266,0.006363574903135286,0.015908937257838214,0.05306868551812747,0.4635463580799411,35.74220800000205
power_theta100_rho64,power,100.0,64.0,-1.0,99,20151219,178,True,66,14,0.03902842372782348,0.11150978207949566,0.023653590138074835,0.2406181653861507,0.443905117739972,29.83570899999677
power_theta200_rho4,power,200.0,4.0,-1.0,39,20181159,7,True,7,9,0.004566705075440389,0.004059293400391457,0.0052190915147890165,0.020061924774130928,0.20189689594667407,37.914708999998936
power_theta200_rho4,power,200.0,4.0,-1.0,30,20181150,25,True,2,2,0.00012803872276952681,0.00012803872276952681,0.00012803872276952681,0.0006220742622065896,0.15441176470588236,40.5658339999988
power_theta200_rho4,power,200.0,4.0,-1.0,38,20181158,12,True,6,23,0.04475580999190011,0.028215619342719635,0.10815987414709194,0.196933886383954,0.7241852741393463,36.73841699999514
power_theta200_rho4,power,200.0,4.0,-1.0,41,20181161,6,True,6,12,0.12346276917261141,0.09259707687945856,0.18519415375891712,0.28168377130257843,0.6041190520753389,31.30137499999819
power_theta200_rho4,power,200.0,4.0,-1.0,40,20181160,13,True,3,4,0.004079595774714906,0.0035696463028755433,0.004759528403834058,0.018683913752835072,0.2745185574229692,31.96316700000068
power_theta200_rho4,power,200.0,4.0,-1.0,47,20181167,3,False,0,0,1.0,1.0,1.0,1.0,1.0,34.16795900000125
power_theta200_rho4,power,200.0,4.0,-1.0,44,20181164,10,True,4,18,0.003269165258396834,0.0019978232134647317,0.008990204460591292,0.16507102327237452,0.2121905580634585,38.78166599999844
power_theta200_rho4,power,200.0,4.0,-1.0,43,20181163,9,True,2,15,0.0014534815252137644,0.0008236395309544665,0.0061772964821584985,0.2554322752277372,0.01293103448275862,40.43049999999937
power_theta200_rho4,power,200.0,4.0,-1.0,42,20181162,15,True,0,8,0.0,0.0,0.0,0.0,0.0,38.78637500000082
power_theta200_rho4,power,200.0,4.0,-1.0,48,20181168,6,True,3,2,0.006303728310414251,0.007879660388017814,0.00525310692534521,0.026488201219921886,0.27413180202351656,34.10537500000288
power_theta200_rho4,power,200.0,4.0,-1.0,46,20181166,12,True,6,23,0.01864888220900602,0.011756904001329881,0.04506813200509788,0.1399768653884951,0.5205040201915202,41.23866700000178
power_theta200_rho4,power,200.0,4.0,-1.0,50,20181170,10,True,3,5,0.02648365670545362,0.021186925364362896,0.03531154227393816,0.3042355503066307,0.11537880142385774,31.059458000001428
power_theta200_rho4,power,200.0,4.0,-1.0,45,20181165,18,True,3,22,0.008540226159020843,0.004852401226716388,0.035584275662586845,0.47616827062673756,0.05325655173942347,34.63400000000405
power_theta200_rho4,power,200.0,4.0,-1.0,49,20181169,12,False,3,0,0.0,0.0,0.0,0.0,0.0,32.47279099999645
power_theta200_rho4,power,200.0,4.0,-1.0,52,20181172,10,True,2,19,0.022903608018355448,0.012657257062775379,0.1202439420963661,0.19817419317654264,0.6067588325652842,32.76479099999818
power_theta200_rho4,power,200.0,4.0,-1.0,54,20181174,9,True,6,5,0.01669742731022818,0.018367170041251,0.015305975034375835,0.226079837230245,0.12610837438423644,33.48270900000472
power_theta200_rho4,power,200.0,4.0,-1.0,57,20181177,4,True,7,4,0.0193930328251683,0.02666542013460641,0.015237382934060807,0.28042747352315944,0.1921476347841145,35.047499999997456
power_theta200_rho4,power,200.0,4.0,-1.0,53,20181173,15,True,7,27,0.024485499905782138,0.015416796236973937,0.0594647854854709,0.2620955648762076,0.3678400309377007,44.272374999998476
power_theta200_rho4,power,200.0,4.0,-1.0,51,20181171,19,True,3,3,0.016880540360346866,0.016880540360346866,0.016880540360346866,0.2785456340111269,0.05277656952298101,45.583000000000595
power_theta200_rho4,power,200.0,4.0,-1.0,55,20181175,9,True,8,13,0.11543873083415308,0.09323897490450826,0.15151333421982593,0.2974990078724817,0.48636956307221324,43.045665999997595
power_theta200_rho4,power,200.0,4.0,-1.0,60,20181180,6,True,7,7,0.014644404148679704,0.014644404148679704,0.014644404148679704,0.2598897768912263,0.17673157645136287,38.70070800000036
power_theta200_rho4,power,200.0,4.0,-1.0,58,20181178,11,True,7,29,0.008383040977828335,0.005203266813824484,0.02155639108584429,0.40377034531388667,0.05852357904461248,43.22166699999741
power_theta200_rho4,power,200.0,4.0,-1.0,61,20181181,10,True,1,1,0.0045658554220191945,0.0045658554220191945,0.0045658554220191945,0.010044881928442228,0.45454545454545453,32.91654200000238
power_theta200_rho4,power,200.0,4.0,-1.0,59,20181179,12,True,8,17,0.011443377337131591,0.008414248042008523,0.01788027708926811,0.11782566405199199,0.08980064221220556,39.722582999999645
power_theta200_rho4,power,200.0,4.0,-1.0,56,20181176,15,True,15,14,0.028127517574646044,0.029132071773740546,0.027189933655491175,0.1033342679927485,0.27076553522670227,37.52045899999956
power_theta200_rho4,power,200.0,4.0,-1.0,65,20181185,11,True,11,14,0.06938040488273663,0.06194679007387199,0.078841369184928,0.14514834432972704,0.5524007188103264,38.37870799999621
power_theta200_rho4,power,200.0,4.0,-1.0,64,20181184,13,False,5,0,0.0,0.0,0.0,0.0,0.0,40.75875000000195
power_theta200_rho4,power,200.0,4.0,-1.0,72,20181192,5,True,5,4,0.007431801307926365,0.00836077647141716,0.006688621177133728,0.17690768105116972,0.03197674418604651,37.61725000000382
power_theta200_rho4,power,200.0,4.0,-1.0,66,20181186,8,True,11,5,0.010875174194777484,0.017400278711643975,0.007909217596201806,0.1457050664049923,0.11591020281088774,41.172250000002464
power_theta200_rho4,power,200.0,4.0,-1.0,63,20181183,18,True,15,25,0.027670398081096437,0.02213631846487715,0.03689386410812858,0.19866452609971735,0.300746775579804,44.157625000003975
power_theta200_rho4,power,200.0,4.0,-1.0,62,20181182,17,True,13,15,0.019564993234400432,0.018260660352107067,0.021069992713969695,0.267202769704387,0.15433303772937246,44.62474999999699
power_theta200_rho4,power,200.0,4.0,-1.0,67,20181187,11,True,6,14,0.014273751601328774,0.010195536858091981,0.023789586002214622,0.04077496173862812,0.3643876153587191,37.32691600000493
power_theta200_rho4,power,200.0,4.0,-1.0,69,20181189,15,True,1,5,0.0,0.0,0.0,0.31678222660498384,0.0,32.308667000002345
power_theta200_rho4,power,200.0,4.0,-1.0,68,20181188,16,True,18,20,0.028887424649478383,0.027443053417004464,0.030492281574449404,0.2510153608534082,0.11892057789408245,35.763957999996876
power_theta200_rho4,power,200.0,4.0,-1.0,70,20181190,15,True,4,10,0.0062826996494790045,0.004397889754635303,0.010994724386588259,0.01685804348379539,0.49583333333333335,37.01770900000412
power_theta200_rho4,power,200.0,4.0,-1.0,71,20181191,17,True,10,10,0.07072813915408976,0.07072813915408976,0.07072813915408976,0.1764598819096043,0.2589143865842895,40.42379100000204
power_theta200_rho4,power,200.0,4.0,-1.0,75,20181195,9,True,2,10,7.859298889956409e-05,4.715579333973846e-05,0.0002357789666986923,0.05179583066151839,0.002304147465437788,36.78025000000673
power_theta200_rho4,power,200.0,4.0,-1.0,73,20181193,15,True,7,18,0.011551237955811328,0.008021693024868978,0.020627210635377372,0.05524280455979243,0.4144081522627346,39.92016699999823
power_theta200_rho4,power,200.0,4.0,-1.0,80,20181200,7,True,1,13,0.014954007900675926,0.00805215810036396,0.1046780553047315,0.3547422985327012,0.29508196721311475,31.58570800000149
power_theta200_rho4,power,200.0,4.0,-1.0,74,20181194,13,False,3,0,0.0,0.0,0.0,0.0,0.0,40.00095800000025
power_theta200_rho4,power,200.0,4.0,-1.0,77,20181197,10,True,3,26,0.005518556248450004,0.0030776563693278866,0.02667302186750835,0.03190452558154116,0.3606420679591411,39.48524999999847
power_theta200_rho4,power,200.0,4.0,-1.0,81,20181201,4,True,2,4,0.0,0.0,0.0,0.42924676973104303,0.0,39.06529200000364
power_theta200_rho4,power,200.0,4.0,-1.0,78,20181198,13,True,7,12,0.034891443215450915,0.027622392545565307,0.04735267293525481,0.08638828677833459,0.5654394175671794,37.53666600000116
power_theta200_rho4,power,200.0,4.0,-1.0,76,20181196,17,True,3,7,0.060590321974381266,0.043278801410272336,0.10098386995730212,0.2865084900907347,0.4467971053336907,36.74916699999642
power_theta200_rho4,power,200.0,4.0,-1.0,82,20181202,6,True,3,19,0.013068973771568834,0.007566247973013535,0.047919570495752385,0.050741655126068375,0.9474358974358975,32.81074999999589
power_theta200_rho4,power,200.0,4.0,-1.0,84,20181204,7,True,4,3,0.0013169516400905721,0.0015364435801056677,0.0011523326850792508,0.0874550732820808,0.05128205128205129,30.818541999998672
power_theta200_rho4,power,200.0,4.0,-1.0,87,20181207,7,True,4,2,0.008336038142325275,0.012504057213487912,0.006252028606743956,0.024736534886356902,0.26146788990825687,31.246208999995417
power_theta200_rho4,power,200.0,4.0,-1.0,90,20181210,3,False,0,0,1.0,1.0,1.0,1.0,1.0,31.14712500000394
power_theta200_rho4,power,200.0,4.0,-1.0,83,20181203,16,True,2,8,0.001360199984818701,0.0008501249905116882,0.003400499962046753,0.012243508641208673,0.3536519664434696,35.39429199999944
power_theta200_rho4,power,200.0,4.0,-1.0,88,20181208,6,True,5,8,0.0065589858415591685,0.0053291759962668245,0.00852668159402692,0.08025676666503578,0.22793825097477521,38.02979099999959
power_theta200_rho4,power,200.0,4.0,-1.0,79,20181199,22,True,16,13,0.020382250748005547,0.022734048911236957,0.018471414740380027,0.10845736635079566,0.27234030319789615,42.47887500000047
power_theta200_rho4,power,200.0,4.0,-1.0,89,20181209,10,True,2,1,0.0,0.0,0.0,0.054706819257205525,0.0,44.962124999997855
power_theta200_rho4,power,200.0,4.0,-1.0,86,20181206,17,True,4,13,0.014926036925034102,0.00975933183559922,0.03171782846569746,0.06793523510136791,0.4447397221563655,35.91054200000343
power_theta200_rho4,power,200.0,4.0,-1.0,85,20181205,13,True,8,12,0.051164443751481964,0.04263703645956831,0.06395555468935246,0.20692807113424325,0.42986566426902734,41.9045420000046
power_theta200_rho4,power,200.0,4.0,-1.0,92,20181212,14,True,8,12,0.11238178157520529,0.09365148464600441,0.1404772269690066,0.2909299879956348,0.5147570681872178,37.21674999999891
power_theta200_rho4,power,200.0,4.0,-1.0,93,20181213,12,True,8,16,0.009212275860383182,0.006909206895287387,0.013818413790574774,0.1980229451156463,0.5749158575837084,38.616333000000225
power_theta200_rho4,power,200.0,4.0,-1.0,96,20181216,10,True,2,3,0.0015130072519429043,0.001260839376619087,0.0018912590649286303,0.2728619167820878,0.003937007874015748,37.227833999999405
power_theta200_rho4,power,200.0,4.0,-1.0,91,20181211,18,True,0,3,0.0,0.0,0.0,0.0,0.0,33.75291700000105
power_theta200_rho4,power,200.0,4.0,-1.0,94,20181214,13,True,7,13,0.03765893710140179,0.028968413154924454,0.05379848157343113,0.09743313823821187,0.6089396424606922,37.66408300000279
power_theta200_rho4,power,200.0,4.0,-1.0,98,20181218,8,True,4,12,0.008797482479806919,0.0058649883198712794,0.017594964959613837,0.02531114128059916,0.6380189377976988,28.834000000003357
power_theta200_rho4,power,200.0,4.0,-1.0,97,20181217,13,True,2,6,0.004032258064516129,0.0026881720430107525,0.008064516129032258,0.5010982373952255,0.008064516129032258,28.876207999999792
power_theta200_rho4,power,200.0,4.0,-1.0,99,20181219,13,True,8,12,0.08940246639065944,0.07450205532554953,0.1117530829883243,0.30757066266048594,0.28875652218696346,34.5409580000009
power_theta200_rho4,power,200.0,4.0,-1.0,95,20181215,21,True,8,14,0.03677440212365362,0.028894173097156417,0.05056480292002373,0.17790449182276488,0.363829966733572,33.7792090000022
power_theta200_rho16,power,200.0,16.0,-1.0,8,20191128,14,True,6,36,0.052118602675831044,0.030402518227568114,0.1824151093654087,0.30099575667367395,0.4643597090965512,28.850332999994066
power_theta200_rho16,power,200.0,16.0,-1.0,2,20191122,37,True,13,15,0.032918974894554164,0.030724376568250552,0.03545120373259679,0.24794951352698152,0.18242062545038087,30.680250000003184
power_theta200_rho16,power,200.0,16.0,-1.0,0,20191120,37,True,19,33,0.03162028610616356,0.024912952689704625,0.043269865197908035,0.10831441664115866,0.32531512396363094,33.23104200000415
power_theta200_rho16,power,200.0,16.0,-1.0,3,20191123,35,True,13,11,0.04006931130831403,0.04371197597270622,0.03698705659228988,0.15088170650394808,0.29524985287721006,28.295749999998066
power_theta200_rho16,power,200.0,16.0,-1.0,11,20191131,25,True,20,14,0.024106552566077685,0.02927224240166576,0.020490569681166033,0.11481467732973867,0.3648322972430976,28.11558300000172
power_theta200_rho16,power,200.0,16.0,-1.0,9,20191129,41,True,17,11,0.03124756053686534,0.03976962250146498,0.02573328514800675,0.15791938873644173,0.2332923734108281,29.156542000002617
power_theta200_rho16,power,200.0,16.0,-1.0,4,20191124,42,True,24,17,0.07446870010622658,0.08980049130456734,0.0636086813407352,0.22710268927787847,0.3128588546599719,30.495958999999573
power_theta200_rho16,power,200.0,16.0,-1.0,6,20191126,48,True,5,14,0.002239274912264301,0.0015195079761793468,0.004254622333302171,0.028373865966570894,0.11157495256166983,31.21429099999773
power_theta200_rho16,power,200.0,16.0,-1.0,7,20191127,51,True,26,22,0.08651568267519066,0.09438074473657164,0.07986063016171446,0.25973307465881706,0.21005639085300765,32.85283299999975
power_theta200_rho16,power,200.0,16.0,-1.0,18,20191138,16,True,6,7,0.03552029190947911,0.032983128201659176,0.038480316235269034,0.12800278578853788,0.27338237994498643,26.942707999999982
power_theta200_rho16,power,200.0,16.0,-1.0,16,20191136,30,True,14,19,0.03566762777747382,0.030974518859385156,0.042036847023451285,0.31014981530672653,0.18818619353782554,31.82974999999999
power_theta200_rho16,power,200.0,16.0,-1.0,5,20191125,57,True,22,21,0.030475481736589843,0.031201088444603887,0.029782857151667345,0.11359710362234762,0.19572166671936825,37.56583300000216
power_theta200_rho16,power,200.0,16.0,-1.0,10,20191130,50,True,31,20,0.016215835552741528,0.020675190329745442,0.013338832470803513,0.10139369346333713,0.21981911413159422,38.71224999999612
power_theta200_rho16,power,200.0,16.0,-1.0,19,20191139,31,True,8,17,0.03193973352878545,0.023485098182930483,0.049905833638727276,0.1624302866096454,0.2821354422995528,108.24254200000638
power_theta200_rho16,power,200.0,16.0,-1.0,12,20191132,56,True,23,25,0.028178396246223508,0.02705126039637457,0.02940354390910279,0.20011064752629967,0.15436235725157466,145.92958299999736
power_theta200_rho16,power,200.0,16.0,-1.0,1,20191121,69,True,28,10,0.051341327161580914,0.09754852160700374,0.03483875771678705,0.36925371559881554,0.26990581841090283,87.269083999999
power_theta200_rho16,power,200.0,16.0,-1.0,17,20191137,44,True,21,18,0.025254297549517836,0.02735882234531099,0.023450419153123705,0.21607301594524117,0.10398497601853414,89.5209589999979
power_theta200_rho16,power,200.0,16.0,-1.0,13,20191133,56,True,27,18,0.022723719132602047,0.02840464891575256,0.018936432610501708,0.16209718382035665,0.32495957725409175,45.59199999999919
power_theta200_rho16,power,200.0,16.0,-1.0,21,20191141,36,True,4,16,0.05873742748132929,0.03671089217583081,0.14684356870332324,0.24482006816027158,0.5702380952380953,40.13641699999937
power_theta200_rho16,power,200.0,16.0,-1.0,14,20191134,57,True,18,27,0.03209813296987003,0.026748444141558362,0.04012266621233754,0.10844098285193442,0.2265631954593083,49.54658400000511
power_theta200_rho16,power,200.0,16.0,-1.0,15,20191135,56,True,38,15,0.03730318626317097,0.06590229573160206,0.026014064104579758,0.13309712900385665,0.37425809959347445,49.57199999999773
power_theta200_rho16,power,200.0,16.0,-1.0,23,20191143,38,True,22,12,0.10641978449485731,0.1507613613677145,0.08223346983693519,0.3502546330504668,0.37257470063650283,35.05850000000521
power_theta200_rho16,power,200.0,16.0,-1.0,22,20191142,43,True,16,12,0.07472883647657591,0.08718364255600523,0.06538773191700392,0.30965816776651534,0.30833523103581467,34.03604199999677
power_theta200_rho16,power,200.0,16.0,-1.0,20,20191140,60,True,15,21,0.04783832404632187,0.04100427775399018,0.05740598885558625,0.16209718511359028,0.16919328955327953,33.33595800000211
power_theta200_rho16,power,200.0,16.0,-1.0,29,20191149,40,True,11,35,0.02515438325708248,0.01653002328322563,0.05259552862844518,0.20296862773068772,0.2803411480315663,29.701417000005392
power_theta200_rho16,power,200.0,16.0,-1.0,24,20191144,58,True,28,25,0.013051791957078613,0.013834899474503328,0.01235258881652083,0.1290487102984579,0.11500302351397701,32.830666999998925
power_theta200_rho16,power,200.0,16.0,-1.0,26,20191146,45,True,28,16,0.07109538048358817,0.09775614816493373,0.05586065609424785,0.20143239329514404,0.3870338499168818,34.97462500000381
power_theta200_rho16,power,200.0,16.0,-1.0,32,20191152,39,True,17,20,0.05156809248663631,0.04770048555013859,0.056118218294280695,0.1393324327704345,0.34181148689284796,29.76625000000155
power_theta200_rho16,power,200.0,16.0,-1.0,27,20191147,51,True,11,13,0.1408730343502939,0.130036647092579,0.1536796738366843,0.27170529000325133,0.41071513592072345,31.191833000001168
power_theta200_rho16,power,200.0,16.0,-1.0,30,20191150,52,True,21,27,0.025828261302736674,0.022958454491321487,0.029518012917413343,0.19594554026872757,0.2199193575920365,38.032250000000545
power_theta200_rho16,power,200.0,16.0,-1.0,28,20191148,55,True,21,19,0.03473795980930544,0.03656627348347941,0.03308377124695756,0.09631174095937234,0.22460069402624663,37.03191700000019
power_theta200_rho16,power,200.0,16.0,-1.0,25,20191145,64,True,25,27,0.011566840964581262,0.011138439447374549,0.012029514603164513,0.13848856403996948,0.10472170851592764,36.52479200000158
power_theta200_rho16,power,200.0,16.0,-1.0,34,20191154,41,True,25,10,0.13833627981701135,0.24208848967976987,0.09683539587190795,0.47565793964112163,0.5146537851686899,61.6288750000038
power_theta200_rho16,power,200.0,16.0,-1.0,33,20191153,47,True,25,13,0.056655362512096796,0.08280399136383378,0.043058075509193564,0.24107389998081158,0.34730982249787046,65.98220899999774
power_theta200_rho16,power,200.0,16.0,-1.0,36,20191156,34,True,37,13,0.07262549842921955,0.13966442005619142,0.04907128272244564,0.41318041584770376,0.4009101312443644,50.66129099999728
power_theta200_rho16,power,200.0,16.0,-1.0,39,20191159,34,True,14,14,0.04131125539254666,0.04131125539254666,0.04131125539254666,0.22716985795145136,0.14916841922844185,45.88979100000046
power_theta200_rho16,power,200.0,16.0,-1.0,35,20191155,43,True,28,20,0.04141243153053638,0.04969491783664365,0.03549636988331689,0.1753498932184337,0.3177976196604365,50.217917000004775
power_theta200_rho16,power,200.0,16.0,-1.0,38,20191158,44,True,32,13,0.04876714030630418,0.08440466591475723,0.03428939552787012,0.20586217037531426,0.3311681257523081,51.56337500000063
power_theta200_rho16,power,200.0,16.0,-1.0,41,20191161,28,True,6,15,0.005502692544403557,0.0038518847810824898,0.009629711952706224,0.08617039407973316,0.1668981186906732,31.170624999994345
power_theta200_rho16,power,200.0,16.0,-1.0,31,20191151,61,True,20,22,0.026075339426840635,0.024890096725620606,0.027379106398182668,0.2876523815836255,0.0801673084181375,53.2731670000004
power_theta200_rho16,power,200.0,16.0,-1.0,42,20191162,42,True,9,12,0.012689304625125571,0.011103141546984876,0.014804188729313168,0.31531964069574403,0.09059142782796177,31.04041699999982
power_theta200_rho16,power,200.0,16.0,-1.0,44,20191164,36,True,21,17,0.015415181408286363,0.017228732162202404,0.01394706889321147,0.10673056481868987,0.2620116536583725,31.436292000002197
power_theta200_rho16,power,200.0,16.0,-1.0,40,20191160,48,True,14,16,0.054392219006097774,0.05099270531821667,0.058277377506533334,0.1526366917103262,0.35429114685913016,37.57295899999491
power_theta200_rho16,power,200.0,16.0,-1.0,43,20191163,42,True,23,15,0.07723519721645916,0.09783124980751493,0.06380298900490104,0.2303976913319928,0.3210637022307749,35.908374999998216
power_theta200_rho16,power,200.0,16.0,-1.0,51,20191171,27,True,10,13,0.050156635617083875,0.04436933150742035,0.05768013095964645,0.5280627112878247,0.13611236879279098,31.902041999998687
power_theta200_rho16,power,200.0,16.0,-1.0,37,20191157,60,True,18,20,0.16316946946526423,0.15501099599200102,0.17223443999111224,0.3217160379802882,0.407023134057482,32.26312500000006
power_theta200_rho16,power,200.0,16.0,-1.0,49,20191169,36,True,22,16,0.09785148110211482,0.11619863380876133,0.08450809731546279,0.30965012115361845,0.3869012244336727,30.544958000000122
power_theta200_rho16,power,200.0,16.0,-1.0,52,20191172,28,True,21,20,0.0684737238076573,0.07018556690284872,0.06684339705033211,0.16758627123904754,0.22840567731647549,34.574167000002376
power_theta200_rho16,power,200.0,16.0,-1.0,47,20191167,44,True,29,18,0.040573110281279384,0.05297044953389253,0.032878210055519504,0.37297473954343136,0.16037094635976687,49.140457999996556
power_theta200_rho16,power,200.0,16.0,-1.0,46,20191166,51,True,35,16,0.04483218918719556,0.07145130151709293,0.032663452122099625,0.19194382701849877,0.35550597246899607,48.86420799999769
power_theta200_rho16,power,200.0,16.0,-1.0,48,20191168,44,True,18,13,0.04777879410978793,0.0569670237462856,0.04114285048342849,0.23019548744074342,0.28955017026660723,41.14870799999437
power_theta200_rho16,power,200.0,16.0,-1.0,53,20191173,31,True,20,14,0.15815819535465256,0.19204923721636383,0.13443446605145468,0.42679781564758973,0.37095265616501344,36.07529199999249
power_theta200_rho16,power,200.0,16.0,-1.0,56,20191176,27,True,19,15,0.03211111572143013,0.03639259781762081,0.02873099827706906,0.2565172638111375,0.2706397010015176,37.82308400001
power_theta200_rho16,power,200.0,16.0,-1.0,45,20191165,62,True,24,16,0.17380987820161165,0.21726234775201453,0.1448415651680097,0.44725606317711664,0.429368208993768,31.628999999995244
power_theta200_rho16,power,200.0,16.0,-1.0,55,20191175,40,True,8,15,0.03480643180630263,0.026684931051498682,0.05003424572156003,0.16170754893892975,0.3516308635265184,29.897125000005076
power_theta200_rho16,power,200.0,16.0,-1.0,54,20191174,37,True,9,22,0.01466668192080274,0.010333344080565568,0.02525928553027139,0.1250022746976851,0.18250822368015507,31.200083000001655
power_theta200_rho16,power,200.0,16.0,-1.0,60,20191180,28,True,18,12,0.04236398083433668,0.05295497604292085,0.03530331736194723,0.18055795419619947,0.3578376621034312,28.99495900000204
power_theta200_rho16,power,200.0,16.0,-1.0,58,20191178,40,True,24,23,0.10603217944044234,0.1083372268195824,0.1038231757020998,0.3283752350451139,0.30099575047110144,29.018124999993233
power_theta200_rho16,power,200.0,16.0,-1.0,62,20191182,34,True,20,14,0.041237063035856426,0.050073576543539944,0.03505150358047796,0.20430631162402121,0.18326881238760828,30.24970899998891
power_theta200_rho16,power,200.0,16.0,-1.0,59,20191179,42,True,4,11,0.0035226233652846132,0.0024017886581486,0.00660491880990865,0.019943349373431372,0.4123942259830762,27.93879200000049
power_theta200_rho16,power,200.0,16.0,-1.0,64,20191184,31,True,15,30,0.04041772863040979,0.030313296472807345,0.06062659294561469,0.24650362663634615,0.22464916005597405,32.35416699999405
power_theta200_rho16,power,200.0,16.0,-1.0,50,20191170,67,True,19,30,0.06659996905208423,0.054389974725868796,0.0858789074618981,0.2401934116658243,0.2918223780882703,36.264707999990264
power_theta200_rho16,power,200.0,16.0,-1.0,61,20191181,44,True,28,20,0.04252835869586297,0.05103403043503556,0.036452878882168256,0.16936042498716447,0.37955667109614677,30.89629200000843
power_theta200_rho16,power,200.0,16.0,-1.0,57,20191177,55,True,28,20,0.08902290985296432,0.10682749182355719,0.07630535130254086,0.3133740686790115,0.29812474484855883,29.403249999987224
power_theta200_rho16,power,200.0,16.0,-1.0,63,20191183,42,True,25,11,0.016177597583426417,0.026472432409243227,0.01164787026006702,0.056799443724593356,0.40816357675277287,29.36350000000232
power_theta200_rho16,power,200.0,16.0,-1.0,65,20191185,42,True,10,19,0.020941034925674177,0.01598131612748819,0.03036450064222756,0.1287729175917273,0.3744911325281686,30.434499999998366
power_theta200_rho16,power,200.0,16.0,-1.0,67,20191187,43,True,34,19,0.04401628179836265,0.0613911298766637,0.034306807872253244,0.2273308115744667,0.3329910627879796,27.361124999998765
power_theta200_rho16,power,200.0,16.0,-1.0,68,20191188,39,True,18,15,0.0352699659336887,0.03879696252705757,0.03233080210588131,0.34986105109241356,0.1639296999992437,32.201125000000275
power_theta200_rho16,power,200.0,16.0,-1.0,70,20191190,36,True,20,14,0.030209300043668202,0.036682721481597104,0.02567790503711797,0.14291387563385058,0.313191740728365,29.09599999999557
power_theta200_rho16,power,200.0,16.0,-1.0,74,20191194,27,True,4,13,0.002976268854382043,0.0019460219432497973,0.006324571315561842,0.28480160025410384,0.1544480507573257,27.642749999998273
power_theta200_rho16,power,200.0,16.0,-1.0,69,20191189,46,True,15,14,0.018934708415677032,0.019610948001951213,0.0183035514684878,0.12339232836296911,0.12458503457517597,33.61545900000351
power_theta200_rho16,power,200.0,16.0,-1.0,71,20191191,36,True,31,18,0.06420958537267804,0.08739638009058955,0.050746285213890706,0.30989042072763795,0.3396973197798069,32.32091600000331
power_theta200_rho16,power,200.0,16.0,-1.0,75,20191195,31,True,11,13,0.053565911879031244,0.04944545711910576,0.05843554023167044,0.20551692164310678,0.36045749833274326,27.734041000002208
power_theta200_rho16,power,200.0,16.0,-1.0,72,20191192,42,True,11,11,0.011605858427767955,0.011605858427767955,0.011605858427767955,0.24926388753717535,0.05101032703971881,29.028874999994514
power_theta200_rho16,power,200.0,16.0,-1.0,66,20191186,57,True,25,16,0.01663499573518968,0.02131358828571178,0.013640696502855537,0.10858389025653448,0.22426272604978426,34.18795800000396
power_theta200_rho16,power,200.0,16.0,-1.0,73,20191193,46,True,24,16,0.06248498894834336,0.0781062361854292,0.052070824123619464,0.26437918186363296,0.41770987954607075,28.826417000004767
power_theta200_rho16,power,200.0,16.0,-1.0,77,20191197,38,True,11,6,0.0039849160254710825,0.005645297702750701,0.003079253292409473,0.03582383979055671,0.14846648424706174,27.9687919999958
power_theta200_rho16,power,200.0,16.0,-1.0,82,20191202,32,True,14,15,0.02499212833075884,0.024159057386400215,0.025884704342571657,0.07898405794000311,0.3139298617475032,27.76916599999879
power_theta200_rho16,power,200.0,16.0,-1.0,78,20191198,51,True,14,14,0.013004987209894311,0.013004987209894311,0.013004987209894311,0.04865959554806375,0.17051399899746514,29.916000000000054
power_theta200_rho16,power,200.0,16.0,-1.0,81,20191201,38,True,42,21,0.035948394857435076,0.053922592286152614,0.026961296143076307,0.1309779649432579,0.3387280837102291,30.301209000000995
power_theta200_rho16,power,200.0,16.0,-1.0,80,20191200,43,True,29,13,0.0872903710622527,0.14100752248517745,0.06321026870025195,0.32546560781146994,0.4824175730728048,29.150749999999448
power_theta200_rho16,power,200.0,16.0,-1.0,79,20191199,49,True,16,10,0.06662006208707003,0.08660608071319104,0.0541288004457444,0.22107383163954988,0.4094393555121652,32.241249999998445
power_theta200_rho16,power,200.0,16.0,-1.0,76,20191196,58,True,27,13,0.0757656876260825,0.11656259634781925,0.056122731574875934,0.30180256880022155,0.36258243737294743,32.28462500000262
power_theta200_rho16,power,200.0,16.0,-1.0,83,20191203,44,True,20,18,0.07549850898538117,0.07969287059568013,0.0717235835361121,0.10474321971534345,0.3215175059303581,26.50912500000402
power_theta200_rho16,power,200.0,16.0,-1.0,84,20191204,43,True,13,11,0.03664726765766979,0.039978837444730686,0.03382824706861827,0.13022842495303563,0.37128290787657375,29.58670800001073
power_theta200_rho16,power,200.0,16.0,-1.0,86,20191206,43,True,17,17,0.006066566812766551,0.006066566812766551,0.006066566812766551,0.06421637117071194,0.13645240826534707,29.351625000003878
power_theta200_rho16,power,200.0,16.0,-1.0,95,20191215,23,True,16,10,0.008810552097937255,0.011453717727318432,0.0071585735795740195,0.11346526009739728,0.21719457822212082,29.314041999995766
power_theta200_rho16,power,200.0,16.0,-1.0,92,20191212,30,True,8,8,0.02073012617238204,0.02073012617238204,0.02073012617238204,0.15412183680988373,0.10801938321187096,32.45450000000005
power_theta200_rho16,power,200.0,16.0,-1.0,87,20191207,50,True,21,11,0.08938802463199647,0.13001894491926758,0.06810516162437825,0.2474678287204177,0.48135085997560717,33.3849580000134
power_theta200_rho16,power,200.0,16.0,-1.0,89,20191209,42,True,19,12,0.11253389467368922,0.1453562806201819,0.09180396670748331,0.34230840273720653,0.33799062218490006,31.819665999989866
power_theta200_rho16,power,200.0,16.0,-1.0,91,20191211,44,True,29,15,0.0782104624021431,0.1147086781898099,0.05933207492576374,0.3497210104185117,0.3939502646242465,32.7121249999891
power_theta200_rho16,power,200.0,16.0,-1.0,88,20191208,58,True,19,12,0.01949903225926508,0.02518625000155073,0.015907105264137304,0.2524966380098064,0.2515068464697568,30.419917000003238
power_theta200_rho16,power,200.0,16.0,-1.0,85,20191205,63,True,40,25,0.03145376096210409,0.04088988925073531,0.02555618078170957,0.13748236468018354,0.30246807455358016,30.29495799999893
power_theta200_rho16,power,200.0,16.0,-1.0,93,20191213,44,True,38,16,0.03873395924975346,0.06536355623395895,0.027521497361666928,0.26591284652002206,0.38821565485667764,29.276749999993967
power_theta200_rho16,power,200.0,16.0,-1.0,94,20191214,49,True,19,26,0.03216053440000947,0.02783123169231588,0.03808484336843226,0.18930286710092814,0.24977870788582449,35.576542000001155
power_theta200_rho16,power,200.0,16.0,-1.0,96,20191216,57,True,29,15,0.02819442745788989,0.0413518269382385,0.02138887600253716,0.2972400030749795,0.19626629318734254,32.93891700000984
power_theta200_rho16,power,200.0,16.0,-1.0,99,20191219,47,True,3,12,0.0629493204601279,0.03934332528757994,0.15737330115031975,0.21201554944688347,0.3061953114033035,34.47599999999795
power_theta200_rho16,power,200.0,16.0,-1.0,90,20191210,69,True,10,43,0.060187332332147805,0.03709219318143993,0.15949643068019168,0.26919817079322905,0.40319239735623436,36.24158300000602
power_theta200_rho16,power,200.0,16.0,-1.0,98,20191218,46,True,16,22,0.04003339141014781,0.03457429258149129,0.047539652299550525,0.21836429251776648,0.2787896854297206,32.06704199999422
power_theta200_rho16,power,200.0,16.0,-1.0,97,20191217,54,True,27,30,0.02218069984647096,0.021071664854147413,0.02341296094905268,0.09184342972440021,0.14708659182208106,33.06595800000878
power_theta200_rho64,power,200.0,64.0,-1.0,5,20201125,124,True,41,30,0.015282246773544972,0.018083992015361552,0.013232189279532843,0.21709472693935625,0.08811519040690666,28.381167000006258
power_theta200_rho64,power,200.0,64.0,-1.0,8,20201128,123,True,48,15,0.09547042080271972,0.20048788368571147,0.06265246365178483,0.4500067994934595,0.4478788229818021,27.00591700001098
power_theta200_rho64,power,200.0,64.0,-1.0,2,20201122,133,True,76,14,0.03391864561595605,0.1090242180512873,0.02008340858839503,0.4147595062040202,0.333557586142376,99.16045800000006
power_theta200_rho64,power,200.0,64.0,-1.0,7,20201127,137,True,63,19,0.028807396784912273,0.06216332990428437,0.018747670923514335,0.36799335664516797,0.24785833151356193,28.935875000001943
power_theta200_rho64,power,200.0,64.0,-1.0,1,20201121,159,True,85,17,0.04755516222106527,0.1426654866631958,0.028533097332639163,0.4082167787151296,0.4033892791405855,31.03591699999697
power_theta200_rho64,power,200.0,64.0,-1.0,11,20201131,152,True,64,12,0.019002706537123333,0.06017523736755722,0.011282857006416978,0.17544791093267464,0.47383045588139705,27.83737499999006
power_theta200_rho64,power,200.0,64.0,-1.0,4,20201124,174,True,80,19,0.03924916730379224,0.10225440955461662,0.024285422269221448,0.27775443731715976,0.3435771839549805,31.080166999998937
power_theta200_rho64,power,200.0,64.0,-1.0,6,20201126,170,True,92,30,0.028555735160124173,0.05806332815891916,0.018933693964864943,0.33116632151111247,0.20871651144675046,28.731375000006665
power_theta200_rho64,power,200.0,64.0,-1.0,9,20201129,193,True,81,14,0.04928572083877342,0.16721940998869553,0.028902120244959723,0.48669601985519984,0.34178508822313297,34.91124999999329
power_theta200_rho64,power,200.0,64.0,-1.0,0,20201120,207,True,83,13,0.021056657236960413,0.07774765749031537,0.012177343944266263,0.3766787339676866,0.324727822181749,36.14704100000665
power_theta200_rho64,power,200.0,64.0,-1.0,13,20201133,151,True,58,20,0.03262396239974932,0.06361672667951117,0.021936802303279716,0.29919154184580876,0.30844193851357987,32.83245800000145
power_theta200_rho64,power,200.0,64.0,-1.0,14,20201134,151,True,35,16,0.02722753330676411,0.04339388120765529,0.019837202837785277,0.2579072933104248,0.1559352641417881,30.599499999993895
power_theta200_rho64,power,200.0,64.0,-1.0,17,20201137,138,True,38,18,0.046711104788658135,0.07266171856013488,0.03441870879164284,0.3354506911520905,0.29902000895123604,40.13145899999415
power_theta200_rho64,power,200.0,64.0,-1.0,3,20201123,206,True,93,19,0.05908210370230417,0.17413672670152805,0.035576320508914336,0.45701272396055154,0.3855759577290093,43.81941600000516
power_theta200_rho64,power,200.0,64.0,-1.0,12,20201132,175,True,47,12,0.017822527300510618,0.0438137129470886,0.011186479901384322,0.2185844611027041,0.32904056169092716,32.92237499999828
power_theta200_rho64,power,200.0,64.0,-1.0,10,20201130,226,True,78,16,0.051046042534214464,0.14994774994425497,0.030758512809077942,0.47734591517474273,0.2770602166841751,34.150791000001846
power_theta200_rho64,power,200.0,64.0,-1.0,16,20201136,165,True,56,14,0.026623501881165416,0.06655875470291354,0.016639688675728386,0.48723538206065964,0.17789002461258444,29.592249999993214
power_theta200_rho64,power,200.0,64.0,-1.0,19,20201139,135,True,28,11,0.026450430942621134,0.046889400307373826,0.018420835835039718,0.2440850742316006,0.23621451367639254,32.08966699999394
power_theta200_rho64,power,200.0,64.0,-1.0,18,20201138,152,True,29,13,0.0440047345112082,0.07108457113349018,0.03186549740466801,0.4289191676462805,0.1885133948255489,29.94245799999362
power_theta200_rho64,power,200.0,64.0,-1.0,15,20201135,183,True,106,21,0.020944774436913744,0.06333300841638204,0.012547105440981346,0.31626775692411724,0.3083669457741789,32.13062499999353
power_theta200_rho64,power,200.0,64.0,-1.0,25,20201145,122,True,38,14,0.05107241781437006,0.09484877594097296,0.03494428587299004,0.3066082286655421,0.4856315340897668,30.893333999998163
power_theta200_rho64,power,200.0,64.0,-1.0,21,20201141,159,True,73,22,0.04105421797237823,0.08863978880399845,0.02671336100942419,0.2761616872464441,0.35968127615206724,31.075500000000034
power_theta200_rho64,power,200.0,64.0,-1.0,23,20201143,134,True,90,16,0.033845281602615795,0.11211249530866485,0.019931110277095973,0.41036917626455177,0.2590637825259745,31.012707999991562
power_theta200_rho64,power,200.0,64.0,-1.0,27,20201147,133,True,64,17,0.030161099796455038,0.07185438480920171,0.019086320964944205,0.21337334655660964,0.386372479976306,30.996625000000222
power_theta200_rho64,power,200.0,64.0,-1.0,22,20201142,158,True,75,19,0.026241335398360512,0.06491277703804968,0.016444570182972587,0.2773964079914608,0.27421807511559165,37.89537500000506
power_theta200_rho64,power,200.0,64.0,-1.0,30,20201150,134,True,74,17,0.06981340054200862,0.18685351321537597,0.04292580709001881,0.4954040169819153,0.3629957963916039,33.770208000007074
power_theta200_rho64,power,200.0,64.0,-1.0,28,20201148,159,True,61,22,0.018129571531952264,0.034198964480728136,0.012334052763541296,0.16922908324948593,0.32998765057527807,32.770166999995354
power_theta200_rho64,power,200.0,64.0,-1.0,24,20201144,173,True,64,17,0.062097658617781694,0.14793853964824463,0.03929617459406498,0.544334580229451,0.2576637108460693,32.613667000006785
power_theta200_rho64,power,200.0,64.0,-1.0,29,20201149,184,True,42,11,0.029231851419924723,0.07042218751163684,0.018443906253047742,0.2581908139193104,0.2654927172603934,30.360541999996826
power_theta200_rho64,power,200.0,64.0,-1.0,32,20201152,143,True,71,15,0.0381433603271495,0.10934429960449527,0.023100908367146886,0.3312527003942989,0.33662747077635075,38.07645800000614
power_theta200_rho64,power,200.0,64.0,-1.0,26,20201146,194,True,84,18,0.03171267454527787,0.08985257787828729,0.01925412383106156,0.5272787170917184,0.17896624389720428,40.02362500000345
power_theta200_rho64,power,200.0,64.0,-1.0,20,20201140,235,True,72,12,0.04785302134452923,0.16748557470585232,0.027914262450975384,0.4792525378530139,0.40620962647366965,34.82491699999457
power_theta200_rho64,power,200.0,64.0,-1.0,35,20201155,138,True,51,15,0.04626356589082132,0.1017798449598069,0.029935248517590263,0.3313547370683098,0.35752790177968374,27.96154100001047
power_theta200_rho64,power,200.0,64.0,-1.0,33,20201153,149,True,79,18,0.02090879951632659,0.05633759869676888,0.012836414892934682,0.2067228396062349,0.3791265230505181,30.20216699999878
power_theta200_rho64,power,200.0,64.0,-1.0,31,20201151,182,True,129,18,0.01544740789328448,0.06307691556424495,0.008801430078731855,0.41148519676694856,0.21132609080204745,32.495416000003274
power_theta200_rho64,power,200.0,64.0,-1.0,34,20201154,171,True,90,21,0.03827825322503937,0.10116395495188976,0.02360492282210761,0.4404217296434966,0.28050079976307807,32.97445799999821
power_theta200_rho64,power,200.0,64.0,-1.0,39,20201159,129,True,56,20,0.043265058325486556,0.08220361081842445,0.029358432435151592,0.3480248236515927,0.31184869286159717,29.702207999989128
power_theta200_rho64,power,200.0,64.0,-1.0,37,20201157,171,True,64,16,0.012507822519766322,0.0312695562994158,0.00781738907485395,0.21968752668739205,0.21469316012890877,30.539250000003904
power_theta200_rho64,power,200.0,64.0,-1.0,44,20201164,123,True,36,22,0.007843107440844054,0.010338641626567162,0.006318058771791043,0.1982239458540864,0.19016694949336774,26.846875000003934
power_theta200_rho64,power,200.0,64.0,-1.0,38,20201158,180,True,62,14,0.01619080399981852,0.04394646799950741,0.00992339599988877,0.2442244036707437,0.1979938070042686,29.463417000002323
power_theta200_rho64,power,200.0,64.0,-1.0,36,20201156,182,True,83,16,0.02253094302838885,0.069705104994078,0.013437128673557206,0.3155892561854309,0.3064625058755384,40.46858299999201
power_theta200_rho64,power,200.0,64.0,-1.0,40,20201160,156,True,59,10,0.050793511398501426,0.17523761432482993,0.029701290563530495,0.31861515510148947,0.6252752922672165,30.144334000013373
power_theta200_rho64,power,200.0,64.0,-1.0,42,20201162,166,True,52,14,0.025438429840259208,0.05996201319489671,0.016143618937087576,0.18084635197351553,0.40438921297323455,33.647416999997404
power_theta200_rho64,power,200.0,64.0,-1.0,41,20201161,175,True,64,17,0.03206008227374713,0.0763784312992211,0.020288020813855605,0.3613556135481036,0.2790013564550431,34.14629199998842
power_theta200_rho64,power,200.0,64.0,-1.0,47,20201167,148,True,98,14,0.021256210607311195,0.08502484242924478,0.012146406061320683,0.2812850946684037,0.4095004728989163,30.887040999999726
power_theta200_rho64,power,200.0,64.0,-1.0,43,20201163,179,True,90,15,0.020875915212185243,0.07306570324264834,0.012177617207108058,0.2700661252926911,0.26434870924906967,29.414666000008083
power_theta200_rho64,power,200.0,64.0,-1.0,46,20201166,172,True,55,19,0.05210270441936072,0.10146316123770246,0.03505091024575176,0.4321022586354663,0.19868596033662697,31.257749999994644
power_theta200_rho64,power,200.0,64.0,-1.0,49,20201169,147,True,77,23,0.057192680894805316,0.1243319149887072,0.03713810447714631,0.2457423006153588,0.43130716814740466,31.014500000011935
power_theta200_rho64,power,200.0,64.0,-1.0,45,20201165,200,True,58,14,0.03442001302294066,0.08850860491613312,0.02136414601423903,0.3340050713591384,0.2982033448150693,31.95887500000083
power_theta200_rho64,power,200.0,64.0,-1.0,48,20201168,170,True,89,12,0.04360027475705123,0.1834844896025906,0.02473948174416952,0.5024621074482533,0.40546694574088155,29.457292000003577
power_theta200_rho64,power,200.0,64.0,-1.0,50,20201170,170,True,70,18,0.02894717655494885,0.07075976491209718,0.01819536812025356,0.18168501743749363,0.42043000655846907,35.60350000000767
power_theta200_rho64,power,200.0,64.0,-1.0,52,20201172,173,True,60,11,0.03993051018707152,0.12886664651282173,0.023625551860683984,0.4648098981041953,0.2906332978563034,31.462374999989606
power_theta200_rho64,power,200.0,64.0,-1.0,51,20201171,176,True,83,17,0.021409051661376084,0.06296779900404731,0.012897019073118124,0.20290320836618683,0.33183131310897135,33.41241599999023
power_theta200_rho64,power,200.0,64.0,-1.0,54,20201174,165,True,51,10,0.05368378072384587,0.1637355312077299,0.03210500611916273,0.3142474564008098,0.5413434517541765,29.407333999998286
power_theta200_rho64,power,200.0,64.0,-1.0,56,20201176,144,True,57,14,0.04409417359268772,0.11181022589574387,0.027462160746323055,0.35899304723368236,0.3437033229370478,31.46074999999371
power_theta200_rho64,power,200.0,64.0,-1.0,53,20201173,197,True,82,21,0.013646781949499502,0.03346710811424878,0.00857084476096615,0.1645093370145275,0.4200731416007837,32.60966699998846
power_theta200_rho64,power,200.0,64.0,-1.0,57,20201177,152,True,77,12,0.02546046675689768,0.0944158975568289,0.014714165853012297,0.32798086731285125,0.2992464816064765,31.176624999986302
power_theta200_rho64,power,200.0,64.0,-1.0,59,20201179,144,True,77,16,0.03294779236980044,0.09575452157473252,0.019897043444100263,0.2900518527397804,0.40482588682373843,31.21520799999189
power_theta200_rho64,power,200.0,64.0,-1.0,60,20201180,141,True,35,13,0.023944010542081697,0.04420432715461236,0.016418750085998877,0.20602295251320907,0.3778918224497328,29.81495800000289
power_theta200_rho64,power,200.0,64.0,-1.0,55,20201175,180,True,115,15,0.017007398209623152,0.07369872557503367,0.009612877248917434,0.2944094858958426,0.2866243839563143,32.290166999999315
power_theta200_rho64,power,200.0,64.0,-1.0,61,20201181,145,True,68,18,0.04205839697078882,0.10047283720799553,0.026595751025645875,0.31241742384914445,0.3148503567052946,30.201499999989778
power_theta200_rho64,power,200.0,64.0,-1.0,62,20201182,143,True,53,12,0.03820905889604296,0.10348286784344968,0.02343008328530936,0.26304026964342175,0.49909751775497496,34.36429100000282
power_theta200_rho64,power,200.0,64.0,-1.0,58,20201178,185,True,111,11,0.012597564768417028,0.06985922280667625,0.0069229860439048545,0.28468619159520636,0.30887740670511216,39.6938339999906
power_theta200_rho64,power,200.0,64.0,-1.0,64,20201184,153,True,47,11,0.04377161848802675,0.11539790328661596,0.027008019918144163,0.4200311467062871,0.3930609515271467,34.985499999990566
power_theta200_rho64,power,200.0,64.0,-1.0,65,20201185,158,True,35,16,0.0726104078823611,0.115722837562513,0.052901868600005945,0.29563144103129774,0.4019208746392094,33.30245800000853
power_theta200_rho64,power,200.0,64.0,-1.0,66,20201186,160,True,103,13,0.019441679621362843,0.08673980138761883,0.010947741922709173,0.40337969887325303,0.2970582329197412,31.021459000001528
power_theta200_rho64,power,200.0,64.0,-1.0,68,20201188,157,True,52,15,0.04258014168868243,0.09509564977139076,0.027431437434055024,0.3312851099421275,0.327187657020371,31.378665999994837
power_theta200_rho64,power,200.0,64.0,-1.0,71,20201191,162,True,62,13,0.0564281931710322,0.16277363414720827,0.034129955546995286,0.6195048057665608,0.2886805469712235,30.092374999995286
power_theta200_rho64,power,200.0,64.0,-1.0,67,20201187,178,True,72,15,0.015506733999552482,0.044969528598702194,0.009368651791396291,0.15324496261801263,0.3851027036773399,30.935999999996966
power_theta200_rho64,power,200.0,64.0,-1.0,63,20201183,199,True,83,19,0.02906656365573776,0.07802077612855926,0.017860177667983444,0.2131829593779771,0.4379475310861442,33.68462500000646
power_theta200_rho64,power,200.0,64.0,-1.0,69,20201189,189,True,112,16,0.00988854256463374,0.03955417025853496,0.00565059575121928,0.35570390115739686,0.21830030527636632,38.16816599999129
power_theta200_rho64,power,200.0,64.0,-1.0,70,20201190,192,True,65,13,0.028462899524919965,0.0853886985747599,0.01707773971495198,0.2912887065491097,0.2907174656554504,31.98400000000845
power_theta200_rho64,power,200.0,64.0,-1.0,72,20201192,202,True,81,13,0.024550345117612723,0.08875894004059985,0.014245261981824667,0.31707377953232024,0.35008408550849424,32.16995799999722
power_theta200_rho64,power,200.0,64.0,-1.0,76,20201196,153,True,68,17,0.031334850192931134,0.07833712548232784,0.01958428137058196,0.2035447283325547,0.3854336993716184,31.36050000000523
power_theta200_rho64,power,200.0,64.0,-1.0,74,20201194,185,True,107,22,0.013968502143304503,0.04095310855650638,0.008420265310683555,0.21479424211610737,0.19963208645235558,32.22904199999732
power_theta200_rho64,power,200.0,64.0,-1.0,77,20201197,151,True,81,17,0.02105400658513003,0.06068507780419834,0.012736374353967551,0.36582642893641215,0.21803851802575702,35.1513749999981
power_theta200_rho64,power,200.0,64.0,-1.0,81,20201201,138,True,77,14,0.03221640458013702,0.1047033148854453,0.01903696634280824,0.3774255101317928,0.2851130651194426,31.57991600001253
power_theta200_rho64,power,200.0,64.0,-1.0,75,20201195,197,True,66,17,0.05641184428584544,0.1377112669330933,0.03547108390700888,0.43562290798514625,0.33444389415887354,31.106374999993136
power_theta200_rho64,power,200.0,64.0,-1.0,79,20201199,163,True,49,14,0.027910429002631108,0.06279846525591999,0.01794241864454857,0.22388563503964454,0.45375498434425643,33.337500000001796
power_theta200_rho64,power,200.0,64.0,-1.0,80,20201200,154,True,75,17,0.019440320289454555,0.05260321960675939,0.011923396444198795,0.30753309880675994,0.18526463662079348,36.239374999993856
power_theta200_rho64,power,200.0,64.0,-1.0,73,20201193,219,True,101,17,0.048707769724143375,0.16904461257202702,0.028453053601232268,0.4649418988896548,0.3468757906065041,32.642834000000676
power_theta200_rho64,power,200.0,64.0,-1.0,83,20201203,132,True,80,15,0.03475748790152652,0.11006537835483397,0.02063725844153137,0.38493841534541606,0.29490998057468837,30.134625000002302
power_theta200_rho64,power,200.0,64.0,-1.0,82,20201202,166,True,79,11,0.030928993059882035,0.1265276988813356,0.017617780856894832,0.3339574657711716,0.3781141413730984,33.567791999999486
power_theta200_rho64,power,200.0,64.0,-1.0,78,20201198,188,True,72,18,0.03235837577672027,0.08089593944180068,0.02022398486045017,0.3133160647414074,0.28042602804967104,33.11887499999955
power_theta200_rho64,power,200.0,64.0,-1.0,85,20201205,152,True,54,18,0.03869072317669163,0.07738144635338326,0.025793815451127754,0.29547376507871614,0.3144173787609433,29.94283399999631
power_theta200_rho64,power,200.0,64.0,-1.0,92,20201212,107,True,42,24,0.02934120135958282,0.04034415186942638,0.023053801068243646,0.20269971826069924,0.19788626446812826,30.82245800000294
power_theta200_rho64,power,200.0,64.0,-1.0,91,20201211,137,True,28,16,0.06037634097125047,0.0830174688354694,0.04743855362026823,0.24408352805535147,0.3687054679123177,28.703124999992724
power_theta200_rho64,power,200.0,64.0,-1.0,84,20201204,187,True,63,14,0.017788520934847413,0.04891843257083038,0.010870762793517862,0.2033938002224342,0.323914809745867,32.46629199999518
power_theta200_rho64,power,200.0,64.0,-1.0,87,20201207,165,True,55,17,0.06441837691226335,0.13641538640244005,0.042164755797117835,0.3291727902267665,0.3932488809011718,32.54183399999988
fp_theta10_alpha2p0,false_positive,10.0,0.0,2.0,0,20211120,1,False,0,0,1.0,1.0,1.0,1.0,1.0,24.02020899999968
fp_theta10_alpha2p0,false_positive,10.0,0.0,2.0,1,20211121,1,False,0,0,1.0,1.0,1.0,1.0,1.0,24.772458999990477
fp_theta10_alpha2p0,false_positive,10.0,0.0,2.0,2,20211122,1,False,0,0,1.0,1.0,1.0,1.0,1.0,21.942834000000744
fp_theta10_alpha2p0,false_positive,10.0,0.0,2.0,3,20211123,1,False,0,0,1.0,1.0,1.0,1.0,1.0,23.574082999999746
power_theta200_rho64,power,200.0,64.0,-1.0,95,20201215,141,True,44,11,0.042726798059869696,0.10681699514967423,0.026704248787418557,0.42156265943143256,0.30373087691505907,30.063166000005026
fp_theta10_alpha2p0,false_positive,10.0,0.0,2.0,4,20211124,1,False,0,0,1.0,1.0,1.0,1.0,1.0,25.519332999991207
fp_theta10_alpha2p0,false_positive,10.0,0.0,2.0,5,20211125,1,False,0,0,1.0,1.0,1.0,1.0,1.0,21.439624999999296
fp_theta10_alpha2p0,false_positive,10.0,0.0,2.0,6,20211126,1,False,0,0,1.0,1.0,1.0,1.0,1.0,25.824584000005757
fp_theta10_alpha2p0,false_positive,10.0,0.0,2.0,7,20211127,1,False,0,0,1.0,1.0,1.0,1.0,1.0,21.690749999990544
fp_theta10_alpha2p0,false_positive,10.0,0.0,2.0,9,20211129,1,False,0,0,1.0,1.0,1.0,1.0,1.0,21.964457999999354
fp_theta10_alpha2p0,false_positive,10.0,0.0,2.0,8,20211128,1,False,0,0,1.0,1.0,1.0,1.0,1.0,22.34750000000929
power_theta200_rho64,power,200.0,64.0,-1.0,89,20201209,184,True,90,20,0.03580149409978442,0.09845410877440715,0.021878690838757143,0.42484441117660304,0.22300217443334464,41.96591699999885
power_theta200_rho64,power,200.0,64.0,-1.0,86,20201206,207,True,99,18,0.023732446387300994,0.07713045075872822,0.014023718319768768,0.35028858717622646,0.22587745890188693,40.85883400000512
power_theta200_rho64,power,200.0,64.0,-1.0,90,20201210,181,True,67,17,0.043714539111829966,0.10800062604099168,0.027403143920848635,0.33894130824914,0.30988395189572726,30.511333000006857
fp_theta10_alpha2p0,false_positive,10.0,0.0,2.0,12,20211132,1,False,0,0,1.0,1.0,1.0,1.0,1.0,21.983082999994963
fp_theta10_alpha2p0,false_positive,10.0,0.0,2.0,13,20211133,1,False,0,0,1.0,1.0,1.0,1.0,1.0,22.032624999994255
fp_theta10_alpha2p0,false_positive,10.0,0.0,2.0,14,20211134,1,False,0,0,1.0,1.0,1.0,1.0,1.0,34.89929100000211
fp_theta10_alpha2p0,false_positive,10.0,0.0,2.0,10,20211130,1,False,0,0,1.0,1.0,1.0,1.0,1.0,32.02641699999731
fp_theta10_alpha2p0,false_positive,10.0,0.0,2.0,11,20211131,1,False,0,0,1.0,1.0,1.0,1.0,1.0,36.0510000000005
fp_theta10_alpha2p0,false_positive,10.0,0.0,2.0,15,20211135,1,False,0,0,1.0,1.0,1.0,1.0,1.0,23.6145410000006
power_theta200_rho64,power,200.0,64.0,-1.0,94,20201214,172,True,43,16,0.06576487576406947,0.12125398969000312,0.045117763605582555,0.507457155505677,0.2693672262814889,33.05675000000008
fp_theta10_alpha2p0,false_positive,10.0,0.0,2.0,18,20211138,1,False,0,0,1.0,1.0,1.0,1.0,1.0,24.137207999999077
fp_theta10_alpha2p0,false_positive,10.0,0.0,2.0,17,20211137,1,False,0,0,1.0,1.0,1.0,1.0,1.0,21.516500000004157
fp_theta10_alpha2p0,false_positive,10.0,0.0,2.0,16,20211136,1,False,0,0,1.0,1.0,1.0,1.0,1.0,23.090625000008913
fp_theta10_alpha2p0,false_positive,10.0,0.0,2.0,19,20211139,1,False,0,0,1.0,1.0,1.0,1.0,1.0,22.483334000000355
fp_theta10_alpha2p0,false_positive,10.0,0.0,2.0,20,20211140,1,False,0,0,1.0,1.0,1.0,1.0,1.0,21.661749999992708
power_theta200_rho64,power,200.0,64.0,-1.0,93,20201213,177,True,93,10,0.00907757209607659,0.04674949629479443,0.005026827558580047,0.24985561304431778,0.19543590902105257,31.745457999988957
fp_theta10_alpha2p0,false_positive,10.0,0.0,2.0,21,20211141,1,False,0,0,1.0,1.0,1.0,1.0,1.0,22.898666999992656
fp_theta10_alpha2p0,false_positive,10.0,0.0,2.0,23,20211143,1,False,0,0,1.0,1.0,1.0,1.0,1.0,22.303917000002116
fp_theta10_alpha2p0,false_positive,10.0,0.0,2.0,22,20211142,1,False,0,0,1.0,1.0,1.0,1.0,1.0,22.1627079999962
fp_theta10_alpha2p0,false_positive,10.0,0.0,2.0,26,20211146,1,False,0,0,1.0,1.0,1.0,1.0,1.0,23.913540999998872
fp_theta10_alpha2p0,false_positive,10.0,0.0,2.0,24,20211144,1,False,0,0,1.0,1.0,1.0,1.0,1.0,28.328874999999698
fp_theta10_alpha2p0,false_positive,10.0,0.0,2.0,25,20211145,1,False,0,0,1.0,1.0,1.0,1.0,1.0,25.54141599999582
fp_theta10_alpha2p0,false_positive,10.0,0.0,2.0,30,20211150,1,False,0,0,1.0,1.0,1.0,1.0,1.0,22.15029200000629
fp_theta10_alpha2p0,false_positive,10.0,0.0,2.0,28,20211148,1,False,0,0,1.0,1.0,1.0,1.0,1.0,22.29779199998916
fp_theta10_alpha2p0,false_positive,10.0,0.0,2.0,27,20211147,1,False,0,0,1.0,1.0,1.0,1.0,1.0,21.451499999997736
fp_theta10_alpha2p0,false_positive,10.0,0.0,2.0,29,20211149,1,False,0,0,1.0,1.0,1.0,1.0,1.0,24.36141699999439
fp_theta10_alpha2p0,false_positive,10.0,0.0,2.0,32,20211152,1,False,0,0,1.0,1.0,1.0,1.0,1.0,33.12979199999688
fp_theta10_alpha2p0,false_positive,10.0,0.0,2.0,31,20211151,1,False,0,0,1.0,1.0,1.0,1.0,1.0,32.75016599999958
fp_theta10_alpha2p0,false_positive,10.0,0.0,2.0,34,20211154,1,False,0,0,1.0,1.0,1.0,1.0,1.0,32.00412500000027
fp_theta10_alpha2p0,false_positive,10.0,0.0,2.0,33,20211153,1,False,0,0,1.0,1.0,1.0,1.0,1.0,30.07379099999241
power_theta200_rho64,power,200.0,64.0,-1.0,88,20201208,198,True,75,15,0.028884388890039088,0.08665316667011727,0.017330633334023453,0.2700774010516689,0.4140767427525375,34.26462500000582
fp_theta10_alpha2p0,false_positive,10.0,0.0,2.0,36,20211156,1,False,0,0,1.0,1.0,1.0,1.0,1.0,28.94033299999421
fp_theta10_alpha2p0,false_positive,10.0,0.0,2.0,35,20211155,1,False,0,0,1.0,1.0,1.0,1.0,1.0,26.761042000003954
fp_theta10_alpha2p0,false_positive,10.0,0.0,2.0,37,20211157,1,False,0,0,1.0,1.0,1.0,1.0,1.0,22.547375000002035
fp_theta10_alpha2p0,false_positive,10.0,0.0,2.0,40,20211160,1,False,0,0,1.0,1.0,1.0,1.0,1.0,21.31095900000446
fp_theta10_alpha2p0,false_positive,10.0,0.0,2.0,42,20211162,1,False,0,0,1.0,1.0,1.0,1.0,1.0,22.593249999999898
fp_theta10_alpha2p0,false_positive,10.0,0.0,2.0,41,20211161,1,False,0,0,1.0,1.0,1.0,1.0,1.0,23.76291599999547
fp_theta10_alpha2p0,false_positive,10.0,0.0,2.0,45,20211165,1,False,0,0,1.0,1.0,1.0,1.0,1.0,26.286459000004925
fp_theta10_alpha2p0,false_positive,10.0,0.0,2.0,39,20211159,1,False,0,0,1.0,1.0,1.0,1.0,1.0,25.79437500000381
fp_theta10_alpha2p0,false_positive,10.0,0.0,2.0,43,20211163,1,False,0,0,1.0,1.0,1.0,1.0,1.0,28.643959000007158
fp_theta10_alpha2p0,false_positive,10.0,0.0,2.0,38,20211158,1,False,0,0,1.0,1.0,1.0,1.0,1.0,29.600416999997492
fp_theta10_alpha2p0,false_positive,10.0,0.0,2.0,44,20211164,1,False,0,0,1.0,1.0,1.0,1.0,1.0,24.099790999997595
power_theta200_rho64,power,200.0,64.0,-1.0,96,20201216,159,True,29,17,0.023306435027011813,0.031532235624780684,0.018484413986940403,0.14447168549763115,0.25293671079089647,36.2999169999938
fp_theta10_alpha2p0,false_positive,10.0,0.0,2.0,47,20211167,1,False,0,0,1.0,1.0,1.0,1.0,1.0,22.963959000009027
fp_theta10_alpha2p0,false_positive,10.0,0.0,2.0,49,20211169,1,False,0,0,1.0,1.0,1.0,1.0,1.0,27.599292000004993
fp_theta10_alpha2p0,false_positive,10.0,0.0,2.0,46,20211166,1,False,0,0,1.0,1.0,1.0,1.0,1.0,28.25979200000006
fp_theta10_alpha2p0,false_positive,10.0,0.0,2.0,48,20211168,1,False,0,0,1.0,1.0,1.0,1.0,1.0,23.383332999998174
fp_theta10_alpha2p0,false_positive,10.0,0.0,2.0,50,20211170,1,False,0,0,1.0,1.0,1.0,1.0,1.0,21.893875000003504
fp_theta10_alpha2p0,false_positive,10.0,0.0,2.0,53,20211173,1,False,0,0,1.0,1.0,1.0,1.0,1.0,28.696667000005505
fp_theta10_alpha2p0,false_positive,10.0,0.0,2.0,54,20211174,1,False,0,0,1.0,1.0,1.0,1.0,1.0,32.11400000000708
fp_theta10_alpha2p0,false_positive,10.0,0.0,2.0,52,20211172,1,False,0,0,1.0,1.0,1.0,1.0,1.0,30.971625000006497
fp_theta10_alpha2p0,false_positive,10.0,0.0,2.0,51,20211171,1,False,0,0,1.0,1.0,1.0,1.0,1.0,31.237458000006768
fp_theta10_alpha2p0,false_positive,10.0,0.0,2.0,56,20211176,1,False,0,0,1.0,1.0,1.0,1.0,1.0,20.925875000003202
fp_theta10_alpha2p0,false_positive,10.0,0.0,2.0,57,20211177,1,False,0,0,1.0,1.0,1.0,1.0,1.0,22.022415999998657
fp_theta10_alpha2p0,false_positive,10.0,0.0,2.0,55,20211175,1,False,0,0,1.0,1.0,1.0,1.0,1.0,22.64750000000504
fp_theta10_alpha2p0,false_positive,10.0,0.0,2.0,58,20211178,1,False,0,0,1.0,1.0,1.0,1.0,1.0,22.235082999998212
fp_theta10_alpha2p0,false_positive,10.0,0.0,2.0,59,20211179,1,False,0,0,1.0,1.0,1.0,1.0,1.0,22.1824159999926
fp_theta10_alpha2p0,false_positive,10.0,0.0,2.0,61,20211181,1,False,0,0,1.0,1.0,1.0,1.0,1.0,21.376000000003614
fp_theta10_alpha2p0,false_positive,10.0,0.0,2.0,62,20211182,1,False,0,0,1.0,1.0,1.0,1.0,1.0,30.856666999994786
fp_theta10_alpha2p0,false_positive,10.0,0.0,2.0,60,20211180,1,False,0,0,1.0,1.0,1.0,1.0,1.0,32.263874999998166
fp_theta10_alpha2p0,false_positive,10.0,0.0,2.0,63,20211183,1,False,0,0,1.0,1.0,1.0,1.0,1.0,23.89774999998906
fp_theta10_alpha2p0,false_positive,10.0,0.0,2.0,66,20211186,1,False,0,0,1.0,1.0,1.0,1.0,1.0,23.059458999995286
fp_theta10_alpha2p0,false_positive,10.0,0.0,2.0,67,20211187,1,False,0,0,1.0,1.0,1.0,1.0,1.0,24.275250000002302
fp_theta10_alpha2p0,false_positive,10.0,0.0,2.0,64,20211184,1,False,0,0,1.0,1.0,1.0,1.0,1.0,25.839707999992356
fp_theta10_alpha2p0,false_positive,10.0,0.0,2.0,69,20211189,1,False,0,0,1.0,1.0,1.0,1.0,1.0,27.412874999996006
fp_theta10_alpha2p0,false_positive,10.0,0.0,2.0,65,20211185,1,False,0,0,1.0,1.0,1.0,1.0,1.0,28.18824999999947
fp_theta10_alpha2p0,false_positive,10.0,0.0,2.0,68,20211188,1,False,0,0,1.0,1.0,1.0,1.0,1.0,21.765833000003454
fp_theta10_alpha2p0,false_positive,10.0,0.0,2.0,70,20211190,1,False,0,0,1.0,1.0,1.0,1.0,1.0,21.320750000001
fp_theta10_alpha2p0,false_positive,10.0,0.0,2.0,73,20211193,1,False,0,0,1.0,1.0,1.0,1.0,1.0,33.717083000013304
fp_theta10_alpha2p0,false_positive,10.0,0.0,2.0,72,20211192,1,False,0,0,1.0,1.0,1.0,1.0,1.0,34.98054199999956
fp_theta10_alpha2p0,false_positive,10.0,0.0,2.0,74,20211194,1,False,0,0,1.0,1.0,1.0,1.0,1.0,34.54170800000611
fp_theta10_alpha2p0,false_positive,10.0,0.0,2.0,71,20211191,1,False,0,0,1.0,1.0,1.0,1.0,1.0,36.90066699999761
fp_theta10_alpha2p0,false_positive,10.0,0.0,2.0,75,20211195,1,False,0,0,1.0,1.0,1.0,1.0,1.0,27.54570800000522
fp_theta10_alpha2p0,false_positive,10.0,0.0,2.0,76,20211196,1,False,0,0,1.0,1.0,1.0,1.0,1.0,31.161582999999382
fp_theta10_alpha2p0,false_positive,10.0,0.0,2.0,77,20211197,1,False,0,0,1.0,1.0,1.0,1.0,1.0,30.282749999997804
fp_theta10_alpha2p0,false_positive,10.0,0.0,2.0,78,20211198,1,False,0,0,1.0,1.0,1.0,1.0,1.0,24.004625000003443
fp_theta10_alpha2p0,false_positive,10.0,0.0,2.0,79,20211199,1,False,0,0,1.0,1.0,1.0,1.0,1.0,21.145208999996612
fp_theta10_alpha2p0,false_positive,10.0,0.0,2.0,81,20211201,1,False,0,0,1.0,1.0,1.0,1.0,1.0,33.220749999998134
fp_theta10_alpha2p0,false_positive,10.0,0.0,2.0,82,20211202,1,False,0,0,1.0,1.0,1.0,1.0,1.0,33.70554199999276
fp_theta10_alpha2p0,false_positive,10.0,0.0,2.0,83,20211203,1,False,0,0,1.0,1.0,1.0,1.0,1.0,32.27591700000687
fp_theta10_alpha2p0,false_positive,10.0,0.0,2.0,80,20211200,1,False,0,0,1.0,1.0,1.0,1.0,1.0,29.455291999994415
fp_theta10_alpha2p0,false_positive,10.0,0.0,2.0,87,20211207,1,False,0,0,1.0,1.0,1.0,1.0,1.0,24.41925000000822
fp_theta10_alpha2p0,false_positive,10.0,0.0,2.0,86,20211206,1,False,0,0,1.0,1.0,1.0,1.0,1.0,31.535957999992092
fp_theta10_alpha2p0,false_positive,10.0,0.0,2.0,88,20211208,1,False,0,0,1.0,1.0,1.0,1.0,1.0,31.05854199999669
fp_theta10_alpha2p0,false_positive,10.0,0.0,2.0,85,20211205,1,False,0,0,1.0,1.0,1.0,1.0,1.0,29.40250000000333
fp_theta10_alpha2p0,false_positive,10.0,0.0,2.0,84,20211204,1,False,0,0,1.0,1.0,1.0,1.0,1.0,26.462791000000152
power_theta200_rho64,power,200.0,64.0,-1.0,98,20201218,173,True,47,18,0.0317045210433757,0.05724427410609502,0.021923339019355538,0.23879001934809616,0.2871597708084696,29.932666000007657
fp_theta10_alpha2p0,false_positive,10.0,0.0,2.0,90,20211210,1,False,0,0,1.0,1.0,1.0,1.0,1.0,22.199000000000524
fp_theta10_alpha2p0,false_positive,10.0,0.0,2.0,96,20211216,1,False,0,0,1.0,1.0,1.0,1.0,1.0,29.694917000000487
fp_theta10_alpha2p0,false_positive,10.0,0.0,2.0,89,20211209,1,False,0,0,1.0,1.0,1.0,1.0,1.0,32.501125000010234
fp_theta10_alpha2p0,false_positive,10.0,0.0,2.0,93,20211213,1,False,0,0,1.0,1.0,1.0,1.0,1.0,33.467999999999165
fp_theta10_alpha2p0,false_positive,10.0,0.0,2.0,91,20211211,1,False,0,0,1.0,1.0,1.0,1.0,1.0,30.1967080000054
fp_theta10_alpha2p0,false_positive,10.0,0.0,2.0,97,20211217,1,False,0,0,1.0,1.0,1.0,1.0,1.0,27.624915999993505
fp_theta10_alpha2p0,false_positive,10.0,0.0,2.0,92,20211212,1,False,0,0,1.0,1.0,1.0,1.0,1.0,30.231291000006877
fp_theta10_alpha2p0,false_positive,10.0,0.0,2.0,94,20211214,1,False,0,0,1.0,1.0,1.0,1.0,1.0,28.396250000000123
fp_theta10_alpha2p0,false_positive,10.0,0.0,2.0,99,20211219,1,False,0,0,1.0,1.0,1.0,1.0,1.0,27.41666699999712
fp_theta10_alpha2p0,false_positive,10.0,0.0,2.0,95,20211215,1,False,0,0,1.0,1.0,1.0,1.0,1.0,27.777542000009703
fp_theta10_alpha2p0,false_positive,10.0,0.0,2.0,98,20211218,1,False,0,0,1.0,1.0,1.0,1.0,1.0,21.771833000002516
fp_theta10_alpha0p5,false_positive,10.0,0.0,0.5,2,20221122,1,False,0,0,1.0,1.0,1.0,1.0,1.0,29.369083000005958
fp_theta10_alpha0p5,false_positive,10.0,0.0,0.5,3,20221123,1,False,0,0,1.0,1.0,1.0,1.0,1.0,28.118625000004727
fp_theta10_alpha0p5,false_positive,10.0,0.0,0.5,1,20221121,1,False,0,0,1.0,1.0,1.0,1.0,1.0,27.1231250000028
fp_theta10_alpha0p5,false_positive,10.0,0.0,0.5,6,20221126,1,False,0,0,1.0,1.0,1.0,1.0,1.0,36.61491700000852
fp_theta10_alpha0p5,false_positive,10.0,0.0,0.5,0,20221120,1,False,0,0,1.0,1.0,1.0,1.0,1.0,35.988708000004976
fp_theta10_alpha0p5,false_positive,10.0,0.0,0.5,4,20221124,1,False,0,0,1.0,1.0,1.0,1.0,1.0,35.482083000005105
fp_theta10_alpha0p5,false_positive,10.0,0.0,0.5,9,20221129,1,False,0,0,1.0,1.0,1.0,1.0,1.0,23.7776670000045
fp_theta10_alpha0p5,false_positive,10.0,0.0,0.5,8,20221128,1,False,0,0,1.0,1.0,1.0,1.0,1.0,24.849125000002914
fp_theta10_alpha0p5,false_positive,10.0,0.0,0.5,7,20221127,1,False,0,0,1.0,1.0,1.0,1.0,1.0,25.18329199999414
power_theta200_rho64,power,200.0,64.0,-1.0,99,20201219,165,True,56,21,0.0377005283528463,0.06911763531355154,0.02591911324258183,0.403578280574241,0.22904724232284515,47.66816600000823
fp_theta10_alpha0p5,false_positive,10.0,0.0,0.5,5,20221125,1,False,0,0,1.0,1.0,1.0,1.0,1.0,24.899208999997313
fp_theta10_alpha0p5,false_positive,10.0,0.0,0.5,12,20221132,1,False,0,0,1.0,1.0,1.0,1.0,1.0,23.098582999992345
fp_theta10_alpha0p5,false_positive,10.0,0.0,0.5,10,20221130,1,False,0,0,1.0,1.0,1.0,1.0,1.0,21.6775830000131
fp_theta10_alpha0p5,false_positive,10.0,0.0,0.5,14,20221134,1,False,0,0,1.0,1.0,1.0,1.0,1.0,28.25454100000968
fp_theta10_alpha0p5,false_positive,10.0,0.0,0.5,11,20221131,1,False,0,0,1.0,1.0,1.0,1.0,1.0,28.853374999997072
fp_theta10_alpha0p5,false_positive,10.0,0.0,0.5,16,20221136,1,False,0,0,1.0,1.0,1.0,1.0,1.0,24.985083999993662
fp_theta10_alpha0p5,false_positive,10.0,0.0,0.5,13,20221133,1,False,0,0,1.0,1.0,1.0,1.0,1.0,22.56333299999369
fp_theta10_alpha0p5,false_positive,10.0,0.0,0.5,17,20221137,1,False,0,0,1.0,1.0,1.0,1.0,1.0,32.16474999999264
fp_theta10_alpha0p5,false_positive,10.0,0.0,0.5,20,20221140,1,False,0,0,1.0,1.0,1.0,1.0,1.0,33.298958000003154
fp_theta10_alpha0p5,false_positive,10.0,0.0,0.5,15,20221135,1,False,0,0,1.0,1.0,1.0,1.0,1.0,33.41554200000019
fp_theta10_alpha0p5,false_positive,10.0,0.0,0.5,18,20221138,1,False,0,0,1.0,1.0,1.0,1.0,1.0,32.43916700000682
fp_theta10_alpha0p5,false_positive,10.0,0.0,0.5,19,20221139,1,False,0,0,1.0,1.0,1.0,1.0,1.0,28.42554200000791
fp_theta10_alpha0p5,false_positive,10.0,0.0,0.5,21,20221141,1,False,0,0,1.0,1.0,1.0,1.0,1.0,24.07775000000356
fp_theta10_alpha0p5,false_positive,10.0,0.0,0.5,22,20221142,1,False,0,0,1.0,1.0,1.0,1.0,1.0,20.814084000008393
fp_theta10_alpha0p5,false_positive,10.0,0.0,0.5,25,20221145,1,False,0,0,1.0,1.0,1.0,1.0,1.0,22.951582999994002
fp_theta10_alpha0p5,false_positive,10.0,0.0,0.5,24,20221144,1,False,0,0,1.0,1.0,1.0,1.0,1.0,25.038834000000065
fp_theta10_alpha0p5,false_positive,10.0,0.0,0.5,26,20221146,1,False,0,0,1.0,1.0,1.0,1.0,1.0,24.8675410000061
fp_theta10_alpha0p5,false_positive,10.0,0.0,0.5,23,20221143,1,False,0,0,1.0,1.0,1.0,1.0,1.0,24.647749999999746
fp_theta10_alpha0p5,false_positive,10.0,0.0,0.5,29,20221149,1,False,0,0,1.0,1.0,1.0,1.0,1.0,22.41454199999282
fp_theta10_alpha0p5,false_positive,10.0,0.0,0.5,28,20221148,1,False,0,0,1.0,1.0,1.0,1.0,1.0,29.47483299999476
fp_theta10_alpha0p5,false_positive,10.0,0.0,0.5,27,20221147,1,False,0,0,1.0,1.0,1.0,1.0,1.0,34.69062499999609
fp_theta10_alpha0p5,false_positive,10.0,0.0,0.5,30,20221150,1,False,0,0,1.0,1.0,1.0,1.0,1.0,33.82683399999564
fp_theta10_alpha0p5,false_positive,10.0,0.0,0.5,31,20221151,1,False,0,0,1.0,1.0,1.0,1.0,1.0,31.744584000009013
fp_theta10_alpha0p5,false_positive,10.0,0.0,0.5,32,20221152,1,False,0,0,1.0,1.0,1.0,1.0,1.0,26.229292000010673
fp_theta10_alpha0p5,false_positive,10.0,0.0,0.5,34,20221154,1,False,0,0,1.0,1.0,1.0,1.0,1.0,21.5940419999896
fp_theta10_alpha0p5,false_positive,10.0,0.0,0.5,37,20221157,1,False,0,0,1.0,1.0,1.0,1.0,1.0,24.96308300000294
fp_theta10_alpha0p5,false_positive,10.0,0.0,0.5,35,20221155,1,False,0,0,1.0,1.0,1.0,1.0,1.0,24.237708000001135
fp_theta10_alpha0p5,false_positive,10.0,0.0,0.5,33,20221153,1,False,0,0,1.0,1.0,1.0,1.0,1.0,31.01999999999805
fp_theta10_alpha0p5,false_positive,10.0,0.0,0.5,36,20221156,1,False,0,0,1.0,1.0,1.0,1.0,1.0,32.634250000000975
fp_theta10_alpha0p5,false_positive,10.0,0.0,0.5,40,20221160,1,False,0,0,1.0,1.0,1.0,1.0,1.0,24.82299999999782
fp_theta10_alpha0p5,false_positive,10.0,0.0,0.5,38,20221158,1,False,0,0,1.0,1.0,1.0,1.0,1.0,24.071375000005446
fp_theta10_alpha0p5,false_positive,10.0,0.0,0.5,42,20221162,1,False,0,0,1.0,1.0,1.0,1.0,1.0,27.637166999994633
fp_theta10_alpha0p5,false_positive,10.0,0.0,0.5,41,20221161,1,False,0,0,1.0,1.0,1.0,1.0,1.0,30.900332999991065
fp_theta10_alpha0p5,false_positive,10.0,0.0,0.5,43,20221163,1,False,0,0,1.0,1.0,1.0,1.0,1.0,32.402250000004074
fp_theta10_alpha0p5,false_positive,10.0,0.0,0.5,39,20221159,1,False,0,0,1.0,1.0,1.0,1.0,1.0,26.166625000001886
fp_theta10_alpha0p5,false_positive,10.0,0.0,0.5,46,20221166,1,False,0,0,1.0,1.0,1.0,1.0,1.0,21.576541000001725
fp_theta10_alpha0p5,false_positive,10.0,0.0,0.5,45,20221165,1,False,0,0,1.0,1.0,1.0,1.0,1.0,21.801207999999406
fp_theta10_alpha0p5,false_positive,10.0,0.0,0.5,44,20221164,1,False,0,0,1.0,1.0,1.0,1.0,1.0,21.91108400000985
fp_theta10_alpha0p5,false_positive,10.0,0.0,0.5,48,20221168,1,False,0,0,1.0,1.0,1.0,1.0,1.0,25.423625000001948
fp_theta10_alpha0p5,false_positive,10.0,0.0,0.5,49,20221169,1,False,0,0,1.0,1.0,1.0,1.0,1.0,25.991374999989603
fp_theta10_alpha0p5,false_positive,10.0,0.0,0.5,47,20221167,1,False,0,0,1.0,1.0,1.0,1.0,1.0,22.60345800000607
fp_theta10_alpha0p5,false_positive,10.0,0.0,0.5,55,20221175,1,False,0,0,1.0,1.0,1.0,1.0,1.0,20.809708000001592
fp_theta10_alpha0p5,false_positive,10.0,0.0,0.5,50,20221170,1,False,0,0,1.0,1.0,1.0,1.0,1.0,26.620625000006726
fp_theta10_alpha0p5,false_positive,10.0,0.0,0.5,53,20221173,1,False,0,0,1.0,1.0,1.0,1.0,1.0,27.463375000010615
fp_theta10_alpha0p5,false_positive,10.0,0.0,0.5,52,20221172,1,False,0,0,1.0,1.0,1.0,1.0,1.0,26.791916999997056
fp_theta10_alpha0p5,false_positive,10.0,0.0,0.5,54,20221174,1,False,0,0,1.0,1.0,1.0,1.0,1.0,28.245708000000036
fp_theta10_alpha0p5,false_positive,10.0,0.0,0.5,51,20221171,1,False,0,0,1.0,1.0,1.0,1.0,1.0,24.694084000003613
fp_theta10_alpha0p5,false_positive,10.0,0.0,0.5,58,20221178,1,False,0,0,1.0,1.0,1.0,1.0,1.0,36.82087500000364
fp_theta10_alpha0p5,false_positive,10.0,0.0,0.5,56,20221176,1,False,0,0,1.0,1.0,1.0,1.0,1.0,35.16108299999132
fp_theta10_alpha0p5,false_positive,10.0,0.0,0.5,57,20221177,1,False,0,0,1.0,1.0,1.0,1.0,1.0,36.034791999995264
fp_theta10_alpha0p5,false_positive,10.0,0.0,0.5,60,20221180,1,False,0,0,1.0,1.0,1.0,1.0,1.0,24.265209000006394
fp_theta10_alpha0p5,false_positive,10.0,0.0,0.5,59,20221179,1,False,0,0,1.0,1.0,1.0,1.0,1.0,22.27125000000285
fp_theta10_alpha0p5,false_positive,10.0,0.0,0.5,62,20221182,1,False,0,0,1.0,1.0,1.0,1.0,1.0,27.840249999997013
fp_theta10_alpha0p5,false_positive,10.0,0.0,0.5,61,20221181,1,False,0,0,1.0,1.0,1.0,1.0,1.0,29.09091700000488
fp_theta10_alpha0p5,false_positive,10.0,0.0,0.5,63,20221183,1,False,0,0,1.0,1.0,1.0,1.0,1.0,40.72374999999795
fp_theta10_alpha0p5,false_positive,10.0,0.0,0.5,65,20221185,1,False,0,0,1.0,1.0,1.0,1.0,1.0,40.44845899998961
fp_theta10_alpha0p5,false_positive,10.0,0.0,0.5,66,20221186,1,False,0,0,1.0,1.0,1.0,1.0,1.0,42.41637500000195
fp_theta10_alpha0p5,false_positive,10.0,0.0,0.5,64,20221184,1,False,0,0,1.0,1.0,1.0,1.0,1.0,42.735291999989045
fp_theta10_alpha0p5,false_positive,10.0,0.0,0.5,67,20221187,1,False,0,0,1.0,1.0,1.0,1.0,1.0,43.2985000000059
fp_theta10_alpha0p5,false_positive,10.0,0.0,0.5,68,20221188,1,False,0,0,1.0,1.0,1.0,1.0,1.0,40.744500000002404
fp_theta10_alpha0p5,false_positive,10.0,0.0,0.5,69,20221189,1,False,0,0,1.0,1.0,1.0,1.0,1.0,38.55074999999886
fp_theta10_alpha0p5,false_positive,10.0,0.0,0.5,70,20221190,1,False,0,0,1.0,1.0,1.0,1.0,1.0,35.954500000002554
fp_theta10_alpha0p5,false_positive,10.0,0.0,0.5,71,20221191,1,False,0,0,1.0,1.0,1.0,1.0,1.0,30.19500000000619
fp_theta10_alpha0p5,false_positive,10.0,0.0,0.5,72,20221192,1,False,0,0,1.0,1.0,1.0,1.0,1.0,21.430541999990282
fp_theta10_alpha0p5,false_positive,10.0,0.0,0.5,73,20221193,1,False,0,0,1.0,1.0,1.0,1.0,1.0,22.769416000002707
fp_theta10_alpha0p5,false_positive,10.0,0.0,0.5,75,20221195,1,False,0,0,1.0,1.0,1.0,1.0,1.0,27.479208000002586
fp_theta10_alpha0p5,false_positive,10.0,0.0,0.5,78,20221198,1,False,0,0,1.0,1.0,1.0,1.0,1.0,25.625666000010483
fp_theta10_alpha0p5,false_positive,10.0,0.0,0.5,76,20221196,1,False,0,0,1.0,1.0,1.0,1.0,1.0,29.863083000009283
fp_theta10_alpha0p5,false_positive,10.0,0.0,0.5,74,20221194,1,False,0,0,1.0,1.0,1.0,1.0,1.0,29.16216699999552
fp_theta10_alpha0p5,false_positive,10.0,0.0,0.5,77,20221197,1,False,0,0,1.0,1.0,1.0,1.0,1.0,28.324500000010744
fp_theta10_alpha0p5,false_positive,10.0,0.0,0.5,79,20221199,1,False,0,0,1.0,1.0,1.0,1.0,1.0,31.764166000002092
fp_theta10_alpha0p5,false_positive,10.0,0.0,0.5,80,20221200,1,False,0,0,1.0,1.0,1.0,1.0,1.0,31.718541000003597
fp_theta10_alpha0p5,false_positive,10.0,0.0,0.5,81,20221201,1,False,0,0,1.0,1.0,1.0,1.0,1.0,22.522207999998045
fp_theta10_alpha0p5,false_positive,10.0,0.0,0.5,82,20221202,1,False,0,0,1.0,1.0,1.0,1.0,1.0,24.536666000003038
fp_theta10_alpha0p5,false_positive,10.0,0.0,0.5,84,20221204,1,False,0,0,1.0,1.0,1.0,1.0,1.0,22.479375000003188
fp_theta10_alpha0p5,false_positive,10.0,0.0,0.5,83,20221203,1,False,0,0,1.0,1.0,1.0,1.0,1.0,23.023749999993015
fp_theta10_alpha0p5,false_positive,10.0,0.0,0.5,87,20221207,1,False,0,0,1.0,1.0,1.0,1.0,1.0,24.323874999993222
fp_theta10_alpha0p5,false_positive,10.0,0.0,0.5,86,20221206,1,False,0,0,1.0,1.0,1.0,1.0,1.0,22.189667000006352
fp_theta10_alpha0p5,false_positive,10.0,0.0,0.5,85,20221205,1,False,0,0,1.0,1.0,1.0,1.0,1.0,23.114625000005162
fp_theta10_alpha0p5,false_positive,10.0,0.0,0.5,88,20221208,1,False,0,0,1.0,1.0,1.0,1.0,1.0,29.1727089999938
fp_theta10_alpha0p5,false_positive,10.0,0.0,0.5,90,20221210,1,False,0,0,1.0,1.0,1.0,1.0,1.0,30.063584000004084
fp_theta10_alpha0p5,false_positive,10.0,0.0,0.5,91,20221211,1,False,0,0,1.0,1.0,1.0,1.0,1.0,30.16770899999699
fp_theta10_alpha0p5,false_positive,10.0,0.0,0.5,92,20221212,1,False,0,0,1.0,1.0,1.0,1.0,1.0,27.519041999994442
fp_theta10_alpha0p5,false_positive,10.0,0.0,0.5,94,20221214,1,False,0,0,1.0,1.0,1.0,1.0,1.0,27.866165999995474
fp_theta10_alpha0p5,false_positive,10.0,0.0,0.5,89,20221209,1,False,0,0,1.0,1.0,1.0,1.0,1.0,31.49233300000276
fp_theta10_alpha0p5,false_positive,10.0,0.0,0.5,93,20221213,1,False,0,0,1.0,1.0,1.0,1.0,1.0,26.626333999999474
fp_theta10_alpha0p5,false_positive,10.0,0.0,0.5,97,20221217,1,False,0,0,1.0,1.0,1.0,1.0,1.0,23.18458300000259
fp_theta10_alpha0p5,false_positive,10.0,0.0,0.5,96,20221216,1,False,0,0,1.0,1.0,1.0,1.0,1.0,28.342332999997666
fp_theta10_alpha0p5,false_positive,10.0,0.0,0.5,98,20221218,1,False,0,0,1.0,1.0,1.0,1.0,1.0,30.486209000002873
fp_theta10_alpha0p05,false_positive,10.0,0.0,0.05,0,20231120,1,False,0,0,1.0,1.0,1.0,1.0,1.0,30.82879199999411
fp_theta10_alpha0p5,false_positive,10.0,0.0,0.5,95,20221215,1,False,0,0,1.0,1.0,1.0,1.0,1.0,29.51841699999136
fp_theta10_alpha0p05,false_positive,10.0,0.0,0.05,4,20231124,1,False,0,0,1.0,1.0,1.0,1.0,1.0,29.971415999995088
fp_theta10_alpha0p05,false_positive,10.0,0.0,0.05,2,20231122,1,False,0,0,1.0,1.0,1.0,1.0,1.0,32.44037499999308
fp_theta10_alpha0p05,false_positive,10.0,0.0,0.05,1,20231121,1,False,0,0,1.0,1.0,1.0,1.0,1.0,32.72795899999892
fp_theta10_alpha0p05,false_positive,10.0,0.0,0.05,3,20231123,1,False,0,0,1.0,1.0,1.0,1.0,1.0,33.69783299999085
fp_theta10_alpha0p5,false_positive,10.0,0.0,0.5,99,20221219,1,False,0,0,1.0,1.0,1.0,1.0,1.0,36.28754199999662
fp_theta10_alpha0p05,false_positive,10.0,0.0,0.05,6,20231126,1,False,0,0,1.0,1.0,1.0,1.0,1.0,30.0806669999929
fp_theta10_alpha0p05,false_positive,10.0,0.0,0.05,5,20231125,1,False,0,0,1.0,1.0,1.0,1.0,1.0,25.815124999994055
fp_theta10_alpha0p05,false_positive,10.0,0.0,0.05,8,20231128,1,False,0,0,1.0,1.0,1.0,1.0,1.0,34.08774999999764
fp_theta10_alpha0p05,false_positive,10.0,0.0,0.05,9,20231129,1,False,0,0,1.0,1.0,1.0,1.0,1.0,33.73454099998696
fp_theta10_alpha0p05,false_positive,10.0,0.0,0.05,7,20231127,1,False,0,0,1.0,1.0,1.0,1.0,1.0,33.55008400001225
fp_theta10_alpha0p05,false_positive,10.0,0.0,0.05,10,20231130,1,False,0,0,1.0,1.0,1.0,1.0,1.0,31.07112499999687
fp_theta10_alpha0p05,false_positive,10.0,0.0,0.05,11,20231131,1,False,0,0,1.0,1.0,1.0,1.0,1.0,22.40820800000165
fp_theta10_alpha0p05,false_positive,10.0,0.0,0.05,12,20231132,1,False,0,0,1.0,1.0,1.0,1.0,1.0,23.66466700000558
fp_theta10_alpha0p05,false_positive,10.0,0.0,0.05,17,20231137,1,False,0,0,1.0,1.0,1.0,1.0,1.0,29.073000000011007
fp_theta10_alpha0p05,false_positive,10.0,0.0,0.05,15,20231135,1,False,0,0,1.0,1.0,1.0,1.0,1.0,30.459041000000298
power_theta200_rho64,power,200.0,64.0,-1.0,97,20201217,221,True,131,22,0.03168643841722107,0.11018238813260961,0.018503912510819936,0.2899447975959247,0.38807369130284547,32.27099999999439
fp_theta10_alpha0p05,false_positive,10.0,0.0,0.05,13,20231133,1,False,0,0,1.0,1.0,1.0,1.0,1.0,31.875124999999116
fp_theta10_alpha0p05,false_positive,10.0,0.0,0.05,14,20231134,1,False,0,0,1.0,1.0,1.0,1.0,1.0,33.06112499998903
fp_theta10_alpha0p05,false_positive,10.0,0.0,0.05,16,20231136,1,False,0,0,1.0,1.0,1.0,1.0,1.0,29.747583000002464
fp_theta10_alpha0p05,false_positive,10.0,0.0,0.05,18,20231138,1,False,0,0,1.0,1.0,1.0,1.0,1.0,22.13725000000011
fp_theta10_alpha0p05,false_positive,10.0,0.0,0.05,21,20231141,1,False,0,0,1.0,1.0,1.0,1.0,1.0,27.95262500001172
fp_theta10_alpha0p05,false_positive,10.0,0.0,0.05,20,20231140,1,False,0,0,1.0,1.0,1.0,1.0,1.0,28.967500000007362
fp_theta10_alpha0p05,false_positive,10.0,0.0,0.05,19,20231139,1,False,0,0,1.0,1.0,1.0,1.0,1.0,29.46883300000991
fp_theta10_alpha0p05,false_positive,10.0,0.0,0.05,24,20231144,1,False,0,0,1.0,1.0,1.0,1.0,1.0,24.774332999996318
fp_theta10_alpha0p05,false_positive,10.0,0.0,0.05,22,20231142,1,False,0,0,1.0,1.0,1.0,1.0,1.0,30.402958999999896
fp_theta10_alpha0p05,false_positive,10.0,0.0,0.05,23,20231143,1,False,0,0,1.0,1.0,1.0,1.0,1.0,28.729665999989606
fp_theta10_alpha0p05,false_positive,10.0,0.0,0.05,29,20231149,1,False,0,0,1.0,1.0,1.0,1.0,1.0,35.88916699999345
fp_theta10_alpha0p05,false_positive,10.0,0.0,0.05,25,20231145,1,False,0,0,1.0,1.0,1.0,1.0,1.0,36.56220900001017
fp_theta10_alpha0p05,false_positive,10.0,0.0,0.05,27,20231147,1,False,0,0,1.0,1.0,1.0,1.0,1.0,36.75733300001127
fp_theta10_alpha0p05,false_positive,10.0,0.0,0.05,26,20231146,1,False,0,0,1.0,1.0,1.0,1.0,1.0,34.48812500000997
fp_theta10_alpha0p05,false_positive,10.0,0.0,0.05,28,20231148,1,False,0,0,1.0,1.0,1.0,1.0,1.0,31.60420800000452
fp_theta10_alpha0p05,false_positive,10.0,0.0,0.05,30,20231150,1,False,0,0,1.0,1.0,1.0,1.0,1.0,21.510875000004148
fp_theta10_alpha0p05,false_positive,10.0,0.0,0.05,33,20231153,1,False,0,0,1.0,1.0,1.0,1.0,1.0,22.368249999999534
fp_theta10_alpha0p05,false_positive,10.0,0.0,0.05,32,20231152,1,False,0,0,1.0,1.0,1.0,1.0,1.0,22.643750000000296
fp_theta10_alpha0p05,false_positive,10.0,0.0,0.05,31,20231151,1,False,0,0,1.0,1.0,1.0,1.0,1.0,23.47683400000733
fp_theta10_alpha0p05,false_positive,10.0,0.0,0.05,35,20231155,1,False,0,0,1.0,1.0,1.0,1.0,1.0,34.494834000000196
fp_theta10_alpha0p05,false_positive,10.0,0.0,0.05,34,20231154,1,False,0,0,1.0,1.0,1.0,1.0,1.0,34.93079099999363
fp_theta10_alpha0p05,false_positive,10.0,0.0,0.05,36,20231156,1,False,0,0,1.0,1.0,1.0,1.0,1.0,30.73883300000091
fp_theta10_alpha0p05,false_positive,10.0,0.0,0.05,38,20231158,1,False,0,0,1.0,1.0,1.0,1.0,1.0,29.581916999987357
fp_theta10_alpha0p05,false_positive,10.0,0.0,0.05,37,20231157,1,False,0,0,1.0,1.0,1.0,1.0,1.0,29.082500000001232
fp_theta10_alpha0p05,false_positive,10.0,0.0,0.05,39,20231159,1,False,0,0,1.0,1.0,1.0,1.0,1.0,27.540500000000634
fp_theta10_alpha0p05,false_positive,10.0,0.0,0.05,41,20231161,1,False,0,0,1.0,1.0,1.0,1.0,1.0,22.74450000000172
fp_theta10_alpha0p05,false_positive,10.0,0.0,0.05,40,20231160,1,False,0,0,1.0,1.0,1.0,1.0,1.0,21.810874999999896
fp_theta10_alpha0p05,false_positive,10.0,0.0,0.05,42,20231162,1,False,0,0,1.0,1.0,1.0,1.0,1.0,21.29449999999622
fp_theta10_alpha0p05,false_positive,10.0,0.0,0.05,44,20231164,1,False,0,0,1.0,1.0,1.0,1.0,1.0,30.24116699999979
fp_theta10_alpha0p05,false_positive,10.0,0.0,0.05,43,20231163,1,False,0,0,1.0,1.0,1.0,1.0,1.0,31.092958999991538
fp_theta10_alpha0p05,false_positive,10.0,0.0,0.05,45,20231165,1,False,0,0,1.0,1.0,1.0,1.0,1.0,23.89104200000247
fp_theta10_alpha0p05,false_positive,10.0,0.0,0.05,46,20231166,1,False,0,0,1.0,1.0,1.0,1.0,1.0,22.993208000002596
fp_theta10_alpha0p05,false_positive,10.0,0.0,0.05,49,20231169,1,False,0,0,1.0,1.0,1.0,1.0,1.0,24.558916000003705
fp_theta10_alpha0p05,false_positive,10.0,0.0,0.05,47,20231167,1,False,0,0,1.0,1.0,1.0,1.0,1.0,24.411874999998417
fp_theta10_alpha0p05,false_positive,10.0,0.0,0.05,52,20231172,1,False,0,0,1.0,1.0,1.0,1.0,1.0,30.99283300001332
fp_theta10_alpha0p05,false_positive,10.0,0.0,0.05,48,20231168,1,False,0,0,1.0,1.0,1.0,1.0,1.0,30.71804200000372
fp_theta10_alpha0p05,false_positive,10.0,0.0,0.05,50,20231170,1,False,0,0,1.0,1.0,1.0,1.0,1.0,32.71054100000015
fp_theta10_alpha0p05,false_positive,10.0,0.0,0.05,51,20231171,1,False,0,0,1.0,1.0,1.0,1.0,1.0,31.633874999997147
fp_theta10_alpha0p05,false_positive,10.0,0.0,0.05,53,20231173,1,False,0,0,1.0,1.0,1.0,1.0,1.0,28.217249999997307
fp_theta10_alpha0p05,false_positive,10.0,0.0,0.05,54,20231174,1,False,0,0,1.0,1.0,1.0,1.0,1.0,21.32275000001016
fp_theta10_alpha0p05,false_positive,10.0,0.0,0.05,55,20231175,1,False,0,0,1.0,1.0,1.0,1.0,1.0,29.832834000004027
fp_theta10_alpha0p05,false_positive,10.0,0.0,0.05,56,20231176,1,False,0,0,1.0,1.0,1.0,1.0,1.0,29.11862499999529
fp_theta10_alpha0p05,false_positive,10.0,0.0,0.05,59,20231179,1,False,0,0,1.0,1.0,1.0,1.0,1.0,28.312915999990196
fp_theta10_alpha0p05,false_positive,10.0,0.0,0.05,57,20231177,1,False,0,0,1.0,1.0,1.0,1.0,1.0,23.172583000004465
fp_theta10_alpha0p05,false_positive,10.0,0.0,0.05,58,20231178,1,False,0,0,1.0,1.0,1.0,1.0,1.0,23.231791999990037
fp_theta10_alpha0p05,false_positive,10.0,0.0,0.05,60,20231180,1,False,0,0,1.0,1.0,1.0,1.0,1.0,24.509499999993523
fp_theta10_alpha0p05,false_positive,10.0,0.0,0.05,62,20231182,1,False,0,0,1.0,1.0,1.0,1.0,1.0,26.874875000004295
fp_theta10_alpha0p05,false_positive,10.0,0.0,0.05,64,20231184,1,False,0,0,1.0,1.0,1.0,1.0,1.0,32.07116699999801
fp_theta10_alpha0p05,false_positive,10.0,0.0,0.05,61,20231181,1,False,0,0,1.0,1.0,1.0,1.0,1.0,31.72366600000487
fp_theta10_alpha0p05,false_positive,10.0,0.0,0.05,63,20231183,1,False,0,0,1.0,1.0,1.0,1.0,1.0,32.34579099999735
fp_theta10_alpha0p05,false_positive,10.0,0.0,0.05,65,20231185,1,False,0,0,1.0,1.0,1.0,1.0,1.0,30.357166999991136
fp_theta10_alpha0p05,false_positive,10.0,0.0,0.05,66,20231186,1,False,0,0,1.0,1.0,1.0,1.0,1.0,24.850333999992813
fp_theta10_alpha0p05,false_positive,10.0,0.0,0.05,68,20231188,1,False,0,0,1.0,1.0,1.0,1.0,1.0,34.19920800000398
fp_theta10_alpha0p05,false_positive,10.0,0.0,0.05,71,20231191,1,False,0,0,1.0,1.0,1.0,1.0,1.0,37.00195799999051
fp_theta10_alpha0p05,false_positive,10.0,0.0,0.05,67,20231187,1,False,0,0,1.0,1.0,1.0,1.0,1.0,37.0067499999891
fp_theta10_alpha0p05,false_positive,10.0,0.0,0.05,70,20231190,1,False,0,0,1.0,1.0,1.0,1.0,1.0,36.912375
fp_theta10_alpha0p05,false_positive,10.0,0.0,0.05,72,20231192,1,False,0,0,1.0,1.0,1.0,1.0,1.0,35.84174999998879
fp_theta10_alpha0p05,false_positive,10.0,0.0,0.05,69,20231189,1,False,0,0,1.0,1.0,1.0,1.0,1.0,33.89520899999354
fp_theta10_alpha0p05,false_positive,10.0,0.0,0.05,73,20231193,1,False,0,0,1.0,1.0,1.0,1.0,1.0,25.705416000008086
fp_theta10_alpha0p05,false_positive,10.0,0.0,0.05,74,20231194,1,False,0,0,1.0,1.0,1.0,1.0,1.0,31.630040999999665
fp_theta10_alpha0p05,false_positive,10.0,0.0,0.05,76,20231196,1,False,0,0,1.0,1.0,1.0,1.0,1.0,30.727291999994577
fp_theta10_alpha0p05,false_positive,10.0,0.0,0.05,75,20231195,1,False,0,0,1.0,1.0,1.0,1.0,1.0,29.258833000000095
fp_theta10_alpha0p05,false_positive,10.0,0.0,0.05,78,20231198,1,False,0,0,1.0,1.0,1.0,1.0,1.0,25.62966700000402
fp_theta10_alpha0p05,false_positive,10.0,0.0,0.05,77,20231197,1,False,0,0,1.0,1.0,1.0,1.0,1.0,24.06620899999723
fp_theta10_alpha0p05,false_positive,10.0,0.0,0.05,81,20231201,1,False,0,0,1.0,1.0,1.0,1.0,1.0,22.82979200001023
fp_theta10_alpha0p05,false_positive,10.0,0.0,0.05,82,20231202,1,False,0,0,1.0,1.0,1.0,1.0,1.0,25.97887499999274
fp_theta10_alpha0p05,false_positive,10.0,0.0,0.05,85,20231205,1,False,0,0,1.0,1.0,1.0,1.0,1.0,34.8419999999976
fp_theta10_alpha0p05,false_positive,10.0,0.0,0.05,79,20231199,1,False,0,0,1.0,1.0,1.0,1.0,1.0,38.80054200000416
fp_theta10_alpha0p05,false_positive,10.0,0.0,0.05,80,20231200,1,False,0,0,1.0,1.0,1.0,1.0,1.0,41.005832999999825
fp_theta10_alpha0p05,false_positive,10.0,0.0,0.05,87,20231207,1,False,0,0,1.0,1.0,1.0,1.0,1.0,42.38854099999401
fp_theta10_alpha0p05,false_positive,10.0,0.0,0.05,83,20231203,1,False,0,0,1.0,1.0,1.0,1.0,1.0,41.72249999999167
fp_theta10_alpha0p05,false_positive,10.0,0.0,0.05,84,20231204,1,False,0,0,1.0,1.0,1.0,1.0,1.0,43.35058300000583
fp_theta10_alpha0p05,false_positive,10.0,0.0,0.05,86,20231206,1,False,0,0,1.0,1.0,1.0,1.0,1.0,39.73087500000361
fp_theta10_alpha0p05,false_positive,10.0,0.0,0.05,90,20231210,1,False,0,0,1.0,1.0,1.0,1.0,1.0,38.532875000001354
fp_theta10_alpha0p05,false_positive,10.0,0.0,0.05,89,20231209,1,False,0,0,1.0,1.0,1.0,1.0,1.0,34.88329200000351
fp_theta10_alpha0p05,false_positive,10.0,0.0,0.05,88,20231208,1,False,0,0,1.0,1.0,1.0,1.0,1.0,33.02208299999165
fp_theta10_alpha0p05,false_positive,10.0,0.0,0.05,91,20231211,1,False,0,0,1.0,1.0,1.0,1.0,1.0,21.725833999994393
fp_theta10_alpha0p05,false_positive,10.0,0.0,0.05,92,20231212,1,False,0,0,1.0,1.0,1.0,1.0,1.0,22.616333000001987
fp_theta10_alpha0p05,false_positive,10.0,0.0,0.05,93,20231213,1,False,0,0,1.0,1.0,1.0,1.0,1.0,23.293165999987764
fp_theta10_alpha0p05,false_positive,10.0,0.0,0.05,96,20231216,1,False,0,0,1.0,1.0,1.0,1.0,1.0,22.42462499999931
fp_theta10_alpha0p05,false_positive,10.0,0.0,0.05,95,20231215,1,False,0,0,1.0,1.0,1.0,1.0,1.0,28.590332999996804
fp_theta10_alpha0p05,false_positive,10.0,0.0,0.05,97,20231217,1,False,0,0,1.0,1.0,1.0,1.0,1.0,30.664334000007898
fp_theta10_alpha0p05,false_positive,10.0,0.0,0.05,94,20231214,1,False,0,0,1.0,1.0,1.0,1.0,1.0,31.46474999999782
fp_theta10_alpha0p05,false_positive,10.0,0.0,0.05,98,20231218,1,False,0,0,1.0,1.0,1.0,1.0,1.0,22.748457999995253
fp_theta10_alpha0p05,false_positive,10.0,0.0,0.05,99,20231219,1,False,0,0,1.0,1.0,1.0,1.0,1.0,21.46850000001166
fp_theta50_alpha2p0,false_positive,50.0,0.0,2.0,0,20241120,1,False,0,0,1.0,1.0,1.0,1.0,1.0,45.751499999994394
fp_theta50_alpha2p0,false_positive,50.0,0.0,2.0,7,20241127,1,False,0,0,1.0,1.0,1.0,1.0,1.0,29.57195800000534
fp_theta50_alpha2p0,false_positive,50.0,0.0,2.0,3,20241123,1,False,0,0,1.0,1.0,1.0,1.0,1.0,30.853249999992727
fp_theta50_alpha2p0,false_positive,50.0,0.0,2.0,1,20241121,1,False,0,0,1.0,1.0,1.0,1.0,1.0,24.891707999998403
fp_theta50_alpha2p0,false_positive,50.0,0.0,2.0,9,20241129,1,False,0,0,1.0,1.0,1.0,1.0,1.0,22.636958000006757
fp_theta50_alpha2p0,false_positive,50.0,0.0,2.0,2,20241122,1,False,0,0,1.0,1.0,1.0,1.0,1.0,24.253290999993737
fp_theta50_alpha2p0,false_positive,50.0,0.0,2.0,8,20241128,1,False,0,0,1.0,1.0,1.0,1.0,1.0,33.05799999999692
fp_theta50_alpha2p0,false_positive,50.0,0.0,2.0,4,20241124,1,False,0,0,1.0,1.0,1.0,1.0,1.0,34.580832999992595
fp_theta50_alpha2p0,false_positive,50.0,0.0,2.0,5,20241125,1,False,0,0,1.0,1.0,1.0,1.0,1.0,36.16404200001
fp_theta50_alpha2p0,false_positive,50.0,0.0,2.0,6,20241126,1,False,0,0,1.0,1.0,1.0,1.0,1.0,33.07749999999032
fp_theta50_alpha2p0,false_positive,50.0,0.0,2.0,11,20241131,1,False,0,0,1.0,1.0,1.0,1.0,1.0,28.77924999999948
fp_theta50_alpha2p0,false_positive,50.0,0.0,2.0,10,20241130,1,False,0,0,1.0,1.0,1.0,1.0,1.0,25.46479100000454
fp_theta50_alpha2p0,false_positive,50.0,0.0,2.0,15,20241135,1,False,0,0,1.0,1.0,1.0,1.0,1.0,32.142166999989286
fp_theta50_alpha2p0,false_positive,50.0,0.0,2.0,12,20241132,1,False,0,0,1.0,1.0,1.0,1.0,1.0,34.65208299999745
fp_theta50_alpha2p0,false_positive,50.0,0.0,2.0,14,20241134,1,False,0,0,1.0,1.0,1.0,1.0,1.0,28.71516700000143
fp_theta50_alpha2p0,false_positive,50.0,0.0,2.0,22,20241142,1,False,0,0,1.0,1.0,1.0,1.0,1.0,22.94337499999699
fp_theta50_alpha2p0,false_positive,50.0,0.0,2.0,18,20241138,1,False,0,0,1.0,1.0,1.0,1.0,1.0,24.415541999999846
fp_theta50_alpha2p0,false_positive,50.0,0.0,2.0,13,20241133,1,False,0,0,1.0,1.0,1.0,1.0,1.0,33.44862499999124
fp_theta50_alpha2p0,false_positive,50.0,0.0,2.0,16,20241136,1,False,0,0,1.0,1.0,1.0,1.0,1.0,29.841083000007984
fp_theta50_alpha2p0,false_positive,50.0,0.0,2.0,19,20241139,1,False,0,0,1.0,1.0,1.0,1.0,1.0,26.701415999994538
fp_theta50_alpha2p0,false_positive,50.0,0.0,2.0,20,20241140,1,False,0,0,1.0,1.0,1.0,1.0,1.0,24.086625000009576
fp_theta50_alpha2p0,false_positive,50.0,0.0,2.0,21,20241141,1,False,0,0,1.0,1.0,1.0,1.0,1.0,28.153625000001625
fp_theta50_alpha2p0,false_positive,50.0,0.0,2.0,17,20241137,1,False,0,0,1.0,1.0,1.0,1.0,1.0,28.44529099999704
fp_theta50_alpha2p0,false_positive,50.0,0.0,2.0,23,20241143,1,False,0,0,1.0,1.0,1.0,1.0,1.0,24.16141699998775
fp_theta50_alpha2p0,false_positive,50.0,0.0,2.0,25,20241145,1,False,0,0,1.0,1.0,1.0,1.0,1.0,23.334750000003623
fp_theta50_alpha2p0,false_positive,50.0,0.0,2.0,30,20241150,1,False,0,0,1.0,1.0,1.0,1.0,1.0,32.71508299999937
fp_theta50_alpha2p0,false_positive,50.0,0.0,2.0,27,20241147,1,False,0,0,1.0,1.0,1.0,1.0,1.0,36.13916599999811
fp_theta50_alpha2p0,false_positive,50.0,0.0,2.0,28,20241148,1,False,0,0,1.0,1.0,1.0,1.0,1.0,36.17079100000353
fp_theta50_alpha2p0,false_positive,50.0,0.0,2.0,29,20241149,1,False,0,0,1.0,1.0,1.0,1.0,1.0,35.927333000003614
fp_theta50_alpha2p0,false_positive,50.0,0.0,2.0,24,20241144,1,False,0,0,1.0,1.0,1.0,1.0,1.0,37.855583999999
fp_theta50_alpha2p0,false_positive,50.0,0.0,2.0,26,20241146,1,False,0,0,1.0,1.0,1.0,1.0,1.0,29.015166999997177
fp_theta50_alpha2p0,false_positive,50.0,0.0,2.0,32,20241152,1,False,0,0,1.0,1.0,1.0,1.0,1.0,25.71774999999832
fp_theta50_alpha2p0,false_positive,50.0,0.0,2.0,31,20241151,1,False,0,0,1.0,1.0,1.0,1.0,1.0,24.41695799998911
fp_theta50_alpha2p0,false_positive,50.0,0.0,2.0,34,20241154,1,False,0,0,1.0,1.0,1.0,1.0,1.0,23.493124999987458
fp_theta50_alpha2p0,false_positive,50.0,0.0,2.0,33,20241153,1,False,0,0,1.0,1.0,1.0,1.0,1.0,22.900540999998498
fp_theta50_alpha2p0,false_positive,50.0,0.0,2.0,35,20241155,1,False,0,0,1.0,1.0,1.0,1.0,1.0,25.576416999996354
fp_theta50_alpha2p0,false_positive,50.0,0.0,2.0,36,20241156,1,False,0,0,1.0,1.0,1.0,1.0,1.0,25.4112080000084
fp_theta50_alpha2p0,false_positive,50.0,0.0,2.0,38,20241158,1,False,0,0,1.0,1.0,1.0,1.0,1.0,27.450666999996542
fp_theta50_alpha2p0,false_positive,50.0,0.0,2.0,44,20241164,1,False,0,0,1.0,1.0,1.0,1.0,1.0,28.13508299999512
fp_theta50_alpha2p0,false_positive,50.0,0.0,2.0,45,20241165,1,False,0,0,1.0,1.0,1.0,1.0,1.0,28.999957999999992
fp_theta50_alpha2p0,false_positive,50.0,0.0,2.0,39,20241159,1,False,0,0,1.0,1.0,1.0,1.0,1.0,25.548749999998677
fp_theta50_alpha2p0,false_positive,50.0,0.0,2.0,37,20241157,1,False,0,0,1.0,1.0,1.0,1.0,1.0,25.68508400000269
fp_theta50_alpha2p0,false_positive,50.0,0.0,2.0,46,20241166,1,False,0,0,1.0,1.0,1.0,1.0,1.0,35.33912500000724
fp_theta50_alpha2p0,false_positive,50.0,0.0,2.0,43,20241163,1,False,0,0,1.0,1.0,1.0,1.0,1.0,36.14274999999623
fp_theta50_alpha2p0,false_positive,50.0,0.0,2.0,42,20241162,1,False,0,0,1.0,1.0,1.0,1.0,1.0,35.386791000007634
fp_theta50_alpha2p0,false_positive,50.0,0.0,2.0,41,20241161,1,False,0,0,1.0,1.0,1.0,1.0,1.0,32.08870900000704
fp_theta50_alpha2p0,false_positive,50.0,0.0,2.0,40,20241160,1,False,0,0,1.0,1.0,1.0,1.0,1.0,24.005291999998235
fp_theta50_alpha2p0,false_positive,50.0,0.0,2.0,47,20241167,1,False,0,0,1.0,1.0,1.0,1.0,1.0,24.367999999995504
fp_theta50_alpha2p0,false_positive,50.0,0.0,2.0,51,20241171,1,False,0,0,1.0,1.0,1.0,1.0,1.0,21.2519589999971
fp_theta50_alpha2p0,false_positive,50.0,0.0,2.0,48,20241168,1,False,0,0,1.0,1.0,1.0,1.0,1.0,24.83916699999611
fp_theta50_alpha2p0,false_positive,50.0,0.0,2.0,49,20241169,1,False,0,0,1.0,1.0,1.0,1.0,1.0,23.89029100000073
fp_theta50_alpha2p0,false_positive,50.0,0.0,2.0,50,20241170,1,False,0,0,1.0,1.0,1.0,1.0,1.0,33.46941599998843
fp_theta50_alpha2p0,false_positive,50.0,0.0,2.0,53,20241173,1,False,0,0,1.0,1.0,1.0,1.0,1.0,35.78004199999896
fp_theta50_alpha2p0,false_positive,50.0,0.0,2.0,52,20241172,1,False,0,0,1.0,1.0,1.0,1.0,1.0,24.232834000002867
fp_theta50_alpha2p0,false_positive,50.0,0.0,2.0,57,20241177,1,False,0,0,1.0,1.0,1.0,1.0,1.0,26.268917000010106
fp_theta50_alpha2p0,false_positive,50.0,0.0,2.0,59,20241179,1,False,0,0,1.0,1.0,1.0,1.0,1.0,23.551792000006344
fp_theta50_alpha2p0,false_positive,50.0,0.0,2.0,55,20241175,1,False,0,0,1.0,1.0,1.0,1.0,1.0,33.4800000000115
fp_theta50_alpha2p0,false_positive,50.0,0.0,2.0,58,20241178,1,False,0,0,1.0,1.0,1.0,1.0,1.0,32.09812500000453
fp_theta50_alpha2p0,false_positive,50.0,0.0,2.0,56,20241176,1,False,0,0,1.0,1.0,1.0,1.0,1.0,27.307707999995046
fp_theta50_alpha2p0,false_positive,50.0,0.0,2.0,54,20241174,1,False,0,0,1.0,1.0,1.0,1.0,1.0,25.598750000000337
fp_theta50_alpha2p0,false_positive,50.0,0.0,2.0,60,20241180,1,False,0,0,1.0,1.0,1.0,1.0,1.0,24.886208999987502
fp_theta50_alpha2p0,false_positive,50.0,0.0,2.0,61,20241181,1,False,0,0,1.0,1.0,1.0,1.0,1.0,25.305458999994812
fp_theta50_alpha2p0,false_positive,50.0,0.0,2.0,64,20241184,1,False,0,0,1.0,1.0,1.0,1.0,1.0,24.46741699999677
fp_theta50_alpha2p0,false_positive,50.0,0.0,2.0,68,20241188,1,False,0,0,1.0,1.0,1.0,1.0,1.0,23.365333000000987
fp_theta50_alpha2p0,false_positive,50.0,0.0,2.0,62,20241182,1,False,0,0,1.0,1.0,1.0,1.0,1.0,33.598333999989904
fp_theta50_alpha2p0,false_positive,50.0,0.0,2.0,65,20241185,1,False,0,0,1.0,1.0,1.0,1.0,1.0,34.50054200000352
fp_theta50_alpha2p0,false_positive,50.0,0.0,2.0,63,20241183,1,False,0,0,1.0,1.0,1.0,1.0,1.0,32.78124999999932
fp_theta50_alpha2p0,false_positive,50.0,0.0,2.0,70,20241190,1,False,0,0,1.0,1.0,1.0,1.0,1.0,24.684041000000434
fp_theta50_alpha2p0,false_positive,50.0,0.0,2.0,66,20241186,1,False,0,0,1.0,1.0,1.0,1.0,1.0,25.738208000007035
fp_theta50_alpha2p0,false_positive,50.0,0.0,2.0,69,20241189,1,False,0,0,1.0,1.0,1.0,1.0,1.0,28.812458000004426
fp_theta50_alpha2p0,false_positive,50.0,0.0,2.0,72,20241192,1,False,0,0,1.0,1.0,1.0,1.0,1.0,22.296665999988363
fp_theta50_alpha2p0,false_positive,50.0,0.0,2.0,67,20241187,1,False,0,0,1.0,1.0,1.0,1.0,1.0,23.4264159999924
fp_theta50_alpha2p0,false_positive,50.0,0.0,2.0,71,20241191,1,False,0,0,1.0,1.0,1.0,1.0,1.0,22.582499999998618
fp_theta50_alpha2p0,false_positive,50.0,0.0,2.0,73,20241193,1,False,0,0,1.0,1.0,1.0,1.0,1.0,22.17395799999622
fp_theta50_alpha2p0,false_positive,50.0,0.0,2.0,74,20241194,1,False,0,0,1.0,1.0,1.0,1.0,1.0,23.44737500000349
fp_theta50_alpha2p0,false_positive,50.0,0.0,2.0,77,20241197,1,False,0,0,1.0,1.0,1.0,1.0,1.0,23.102917000002776
fp_theta50_alpha2p0,false_positive,50.0,0.0,2.0,75,20241195,1,False,0,0,1.0,1.0,1.0,1.0,1.0,24.625125000000025
fp_theta50_alpha2p0,false_positive,50.0,0.0,2.0,82,20241202,1,False,0,0,1.0,1.0,1.0,1.0,1.0,22.808124999997403
fp_theta50_alpha2p0,false_positive,50.0,0.0,2.0,76,20241196,1,False,0,0,1.0,1.0,1.0,1.0,1.0,29.235167000010165
fp_theta50_alpha2p0,false_positive,50.0,0.0,2.0,79,20241199,1,False,0,0,1.0,1.0,1.0,1.0,1.0,28.073082999995336
fp_theta50_alpha2p0,false_positive,50.0,0.0,2.0,78,20241198,1,False,0,0,1.0,1.0,1.0,1.0,1.0,24.540874999999573
fp_theta50_alpha2p0,false_positive,50.0,0.0,2.0,80,20241200,1,False,0,0,1.0,1.0,1.0,1.0,1.0,32.07675000000165
fp_theta50_alpha2p0,false_positive,50.0,0.0,2.0,84,20241204,1,False,0,0,1.0,1.0,1.0,1.0,1.0,32.25254100000541
fp_theta50_alpha2p0,false_positive,50.0,0.0,2.0,81,20241201,1,False,0,0,1.0,1.0,1.0,1.0,1.0,29.103958000007424
fp_theta50_alpha2p0,false_positive,50.0,0.0,2.0,83,20241203,1,False,0,0,1.0,1.0,1.0,1.0,1.0,23.944665999991344
fp_theta50_alpha2p0,false_positive,50.0,0.0,2.0,87,20241207,1,False,0,0,1.0,1.0,1.0,1.0,1.0,23.22674999999208
fp_theta50_alpha2p0,false_positive,50.0,0.0,2.0,86,20241206,1,False,0,0,1.0,1.0,1.0,1.0,1.0,24.460290999996914
fp_theta50_alpha2p0,false_positive,50.0,0.0,2.0,85,20241205,1,False,0,0,1.0,1.0,1.0,1.0,1.0,31.227000000001226
fp_theta50_alpha2p0,false_positive,50.0,0.0,2.0,95,20241215,1,False,0,0,1.0,1.0,1.0,1.0,1.0,25.590500000006955
fp_theta50_alpha2p0,false_positive,50.0,0.0,2.0,91,20241211,1,False,0,0,1.0,1.0,1.0,1.0,1.0,25.564958000003912
fp_theta50_alpha2p0,false_positive,50.0,0.0,2.0,89,20241209,1,False,0,0,1.0,1.0,1.0,1.0,1.0,30.680875000001606
fp_theta50_alpha2p0,false_positive,50.0,0.0,2.0,88,20241208,1,False,0,0,1.0,1.0,1.0,1.0,1.0,32.53345800000318
fp_theta50_alpha2p0,false_positive,50.0,0.0,2.0,90,20241210,1,False,0,0,1.0,1.0,1.0,1.0,1.0,30.844083000005185
fp_theta50_alpha2p0,false_positive,50.0,0.0,2.0,97,20241217,1,False,0,0,1.0,1.0,1.0,1.0,1.0,24.64333300000021
fp_theta50_alpha2p0,false_positive,50.0,0.0,2.0,94,20241214,1,False,0,0,1.0,1.0,1.0,1.0,1.0,28.207917000003135
fp_theta50_alpha2p0,false_positive,50.0,0.0,2.0,92,20241212,1,False,0,0,1.0,1.0,1.0,1.0,1.0,30.227332999999135
fp_theta50_alpha2p0,false_positive,50.0,0.0,2.0,96,20241216,1,False,0,0,1.0,1.0,1.0,1.0,1.0,29.21037500000523
fp_theta50_alpha2p0,false_positive,50.0,0.0,2.0,93,20241213,1,False,0,0,1.0,1.0,1.0,1.0,1.0,29.240541999996594
fp_theta50_alpha2p0,false_positive,50.0,0.0,2.0,98,20241218,1,False,0,0,1.0,1.0,1.0,1.0,1.0,22.408124999998336
fp_theta50_alpha0p5,false_positive,50.0,0.0,0.5,0,20251120,1,False,0,0,1.0,1.0,1.0,1.0,1.0,21.907916000003524
fp_theta50_alpha0p5,false_positive,50.0,0.0,0.5,3,20251123,1,False,0,0,1.0,1.0,1.0,1.0,1.0,28.870333000000414
fp_theta50_alpha2p0,false_positive,50.0,0.0,2.0,99,20241219,1,False,0,0,1.0,1.0,1.0,1.0,1.0,31.620500000002494
fp_theta50_alpha0p5,false_positive,50.0,0.0,0.5,4,20251124,1,False,0,0,1.0,1.0,1.0,1.0,1.0,29.031750000001466
fp_theta50_alpha0p5,false_positive,50.0,0.0,0.5,1,20251121,1,False,0,0,1.0,1.0,1.0,1.0,1.0,29.333291999989797
fp_theta50_alpha0p5,false_positive,50.0,0.0,0.5,2,20251122,1,False,0,0,1.0,1.0,1.0,1.0,1.0,23.620291999989718
fp_theta50_alpha0p5,false_positive,50.0,0.0,0.5,5,20251125,1,False,0,0,1.0,1.0,1.0,1.0,1.0,23.48816699999645
fp_theta50_alpha0p5,false_positive,50.0,0.0,0.5,6,20251126,1,False,0,0,1.0,1.0,1.0,1.0,1.0,22.630457999994746
fp_theta50_alpha0p5,false_positive,50.0,0.0,0.5,9,20251129,1,False,0,0,1.0,1.0,1.0,1.0,1.0,25.831415999988394
fp_theta50_alpha0p5,false_positive,50.0,0.0,0.5,8,20251128,1,False,0,0,1.0,1.0,1.0,1.0,1.0,26.6014580000018
fp_theta50_alpha0p5,false_positive,50.0,0.0,0.5,7,20251127,1,False,0,0,1.0,1.0,1.0,1.0,1.0,22.67395900000224
fp_theta50_alpha0p5,false_positive,50.0,0.0,0.5,10,20251130,1,False,0,0,1.0,1.0,1.0,1.0,1.0,23.597416000001203
fp_theta50_alpha0p5,false_positive,50.0,0.0,0.5,14,20251134,1,False,0,0,1.0,1.0,1.0,1.0,1.0,29.741125000001034
fp_theta50_alpha0p5,false_positive,50.0,0.0,0.5,12,20251132,1,False,0,0,1.0,1.0,1.0,1.0,1.0,29.97666699999968
fp_theta50_alpha0p5,false_positive,50.0,0.0,0.5,13,20251133,1,False,0,0,1.0,1.0,1.0,1.0,1.0,22.264875000004736
fp_theta50_alpha0p5,false_positive,50.0,0.0,0.5,11,20251131,1,False,0,0,1.0,1.0,1.0,1.0,1.0,24.58962500000439
fp_theta50_alpha0p5,false_positive,50.0,0.0,0.5,16,20251136,1,False,0,0,1.0,1.0,1.0,1.0,1.0,23.740415999995435
fp_theta50_alpha0p5,false_positive,50.0,0.0,0.5,17,20251137,1,False,0,0,1.0,1.0,1.0,1.0,1.0,22.755375000002687
fp_theta50_alpha0p5,false_positive,50.0,0.0,0.5,15,20251135,1,False,0,0,1.0,1.0,1.0,1.0,1.0,23.109000000005153
fp_theta50_alpha0p5,false_positive,50.0,0.0,0.5,20,20251140,1,False,0,0,1.0,1.0,1.0,1.0,1.0,30.773957999997492
fp_theta50_alpha0p5,false_positive,50.0,0.0,0.5,18,20251138,1,False,0,0,1.0,1.0,1.0,1.0,1.0,31.298165999999128
fp_theta50_alpha0p5,false_positive,50.0,0.0,0.5,19,20251139,1,False,0,0,1.0,1.0,1.0,1.0,1.0,29.97216699999683
fp_theta50_alpha0p5,false_positive,50.0,0.0,0.5,22,20251142,1,False,0,0,1.0,1.0,1.0,1.0,1.0,26.232708000009097
fp_theta50_alpha0p5,false_positive,50.0,0.0,0.5,25,20251145,1,False,0,0,1.0,1.0,1.0,1.0,1.0,21.88045799999827
fp_theta50_alpha0p5,false_positive,50.0,0.0,0.5,21,20251141,1,False,0,0,1.0,1.0,1.0,1.0,1.0,23.255166999987864
fp_theta50_alpha0p5,false_positive,50.0,0.0,0.5,27,20251147,1,False,0,0,1.0,1.0,1.0,1.0,1.0,23.49370800000372
fp_theta50_alpha0p5,false_positive,50.0,0.0,0.5,23,20251143,1,False,0,0,1.0,1.0,1.0,1.0,1.0,23.915750000000457
fp_theta50_alpha0p5,false_positive,50.0,0.0,0.5,26,20251146,1,False,0,0,1.0,1.0,1.0,1.0,1.0,24.81112499999938
fp_theta50_alpha0p5,false_positive,50.0,0.0,0.5,24,20251144,1,False,0,0,1.0,1.0,1.0,1.0,1.0,23.539916999993693
fp_theta50_alpha0p5,false_positive,50.0,0.0,0.5,28,20251148,1,False,0,0,1.0,1.0,1.0,1.0,1.0,21.74154199998668
fp_theta50_alpha0p5,false_positive,50.0,0.0,0.5,29,20251149,1,False,0,0,1.0,1.0,1.0,1.0,1.0,23.784042000002614
fp_theta50_alpha0p5,false_positive,50.0,0.0,0.5,30,20251150,1,False,0,0,1.0,1.0,1.0,1.0,1.0,25.97358399999905
fp_theta50_alpha0p5,false_positive,50.0,0.0,0.5,31,20251151,1,False,0,0,1.0,1.0,1.0,1.0,1.0,28.223750000009318
fp_theta50_alpha0p5,false_positive,50.0,0.0,0.5,33,20251153,1,False,0,0,1.0,1.0,1.0,1.0,1.0,22.650999999996202
fp_theta50_alpha0p5,false_positive,50.0,0.0,0.5,32,20251152,1,False,0,0,1.0,1.0,1.0,1.0,1.0,22.22554200000104
fp_theta50_alpha0p5,false_positive,50.0,0.0,0.5,34,20251154,1,False,0,0,1.0,1.0,1.0,1.0,1.0,24.724000000006185
fp_theta50_alpha0p5,false_positive,50.0,0.0,0.5,36,20251156,1,False,0,0,1.0,1.0,1.0,1.0,1.0,21.940458000003105
fp_theta50_alpha0p5,false_positive,50.0,0.0,0.5,38,20251158,1,False,0,0,1.0,1.0,1.0,1.0,1.0,22.396458000002895
fp_theta50_alpha0p5,false_positive,50.0,0.0,0.5,35,20251155,1,False,0,0,1.0,1.0,1.0,1.0,1.0,26.29366700000446
fp_theta50_alpha0p5,false_positive,50.0,0.0,0.5,37,20251157,1,False,0,0,1.0,1.0,1.0,1.0,1.0,24.40158399998893
fp_theta50_alpha0p5,false_positive,50.0,0.0,0.5,39,20251159,1,False,0,0,1.0,1.0,1.0,1.0,1.0,22.11837499999092
fp_theta50_alpha0p5,false_positive,50.0,0.0,0.5,40,20251160,1,False,0,0,1.0,1.0,1.0,1.0,1.0,22.65233299999636
fp_theta50_alpha0p5,false_positive,50.0,0.0,0.5,44,20251164,1,False,0,0,1.0,1.0,1.0,1.0,1.0,29.74154099999282
fp_theta50_alpha0p5,false_positive,50.0,0.0,0.5,41,20251161,1,False,0,0,1.0,1.0,1.0,1.0,1.0,32.46170799999959
fp_theta50_alpha0p5,false_positive,50.0,0.0,0.5,42,20251162,1,False,0,0,1.0,1.0,1.0,1.0,1.0,23.10583299998825
fp_theta50_alpha0p5,false_positive,50.0,0.0,0.5,45,20251165,1,False,0,0,1.0,1.0,1.0,1.0,1.0,20.751125000003867
fp_theta50_alpha0p5,false_positive,50.0,0.0,0.5,43,20251163,1,False,0,0,1.0,1.0,1.0,1.0,1.0,21.277374999996823
fp_theta50_alpha0p5,false_positive,50.0,0.0,0.5,46,20251166,1,False,0,0,1.0,1.0,1.0,1.0,1.0,21.04474999998729
fp_theta50_alpha0p5,false_positive,50.0,0.0,0.5,49,20251169,1,False,0,0,1.0,1.0,1.0,1.0,1.0,20.422957999997493
fp_theta50_alpha0p5,false_positive,50.0,0.0,0.5,48,20251168,1,False,0,0,1.0,1.0,1.0,1.0,1.0,31.111792000004357
fp_theta50_alpha0p5,false_positive,50.0,0.0,0.5,47,20251167,1,False,0,0,1.0,1.0,1.0,1.0,1.0,31.128625000008014
fp_theta50_alpha0p5,false_positive,50.0,0.0,0.5,50,20251170,1,False,0,0,1.0,1.0,1.0,1.0,1.0,26.99112499999501
fp_theta50_alpha0p5,false_positive,50.0,0.0,0.5,52,20251172,1,False,0,0,1.0,1.0,1.0,1.0,1.0,24.59304200000645
fp_theta50_alpha0p5,false_positive,50.0,0.0,0.5,51,20251171,1,False,0,0,1.0,1.0,1.0,1.0,1.0,24.033542000012176
fp_theta50_alpha0p5,false_positive,50.0,0.0,0.5,54,20251174,1,False,0,0,1.0,1.0,1.0,1.0,1.0,22.699291000009225
fp_theta50_alpha0p5,false_positive,50.0,0.0,0.5,55,20251175,1,False,0,0,1.0,1.0,1.0,1.0,1.0,23.668166999996743
fp_theta50_alpha0p5,false_positive,50.0,0.0,0.5,53,20251173,1,False,0,0,1.0,1.0,1.0,1.0,1.0,28.55054199999074
fp_theta50_alpha0p5,false_positive,50.0,0.0,0.5,56,20251176,1,False,0,0,1.0,1.0,1.0,1.0,1.0,26.74654199999793
fp_theta50_alpha0p5,false_positive,50.0,0.0,0.5,57,20251177,1,False,0,0,1.0,1.0,1.0,1.0,1.0,24.516625000003955
fp_theta50_alpha0p5,false_positive,50.0,0.0,0.5,60,20251180,1,False,0,0,1.0,1.0,1.0,1.0,1.0,21.940874999998528
fp_theta50_alpha0p5,false_positive,50.0,0.0,0.5,58,20251178,1,False,0,0,1.0,1.0,1.0,1.0,1.0,23.59241699998904
fp_theta50_alpha0p5,false_positive,50.0,0.0,0.5,59,20251179,1,False,0,0,1.0,1.0,1.0,1.0,1.0,23.24183400000379
fp_theta50_alpha0p5,false_positive,50.0,0.0,0.5,61,20251181,1,False,0,0,1.0,1.0,1.0,1.0,1.0,21.834832999999776
fp_theta50_alpha0p5,false_positive,50.0,0.0,0.5,62,20251182,1,False,0,0,1.0,1.0,1.0,1.0,1.0,22.464666999994165
fp_theta50_alpha0p5,false_positive,50.0,0.0,0.5,63,20251183,1,False,0,0,1.0,1.0,1.0,1.0,1.0,22.939958999998566
fp_theta50_alpha0p5,false_positive,50.0,0.0,0.5,64,20251184,1,False,0,0,1.0,1.0,1.0,1.0,1.0,23.2207920000036
fp_theta50_alpha0p5,false_positive,50.0,0.0,0.5,65,20251185,1,False,0,0,1.0,1.0,1.0,1.0,1.0,22.43116700000769
fp_theta50_alpha0p5,false_positive,50.0,0.0,0.5,68,20251188,1,False,0,0,1.0,1.0,1.0,1.0,1.0,22.37166599999796
fp_theta50_alpha0p5,false_positive,50.0,0.0,0.5,66,20251186,1,False,0,0,1.0,1.0,1.0,1.0,1.0,24.772791000003735
fp_theta50_alpha0p5,false_positive,50.0,0.0,0.5,70,20251190,1,False,0,0,1.0,1.0,1.0,1.0,1.0,25.02383299999167
fp_theta50_alpha0p5,false_positive,50.0,0.0,0.5,71,20251191,1,False,0,0,1.0,1.0,1.0,1.0,1.0,22.236624999990795
fp_theta50_alpha0p5,false_positive,50.0,0.0,0.5,69,20251189,1,False,0,0,1.0,1.0,1.0,1.0,1.0,23.216999999988275
fp_theta50_alpha0p5,false_positive,50.0,0.0,0.5,67,20251187,1,False,0,0,1.0,1.0,1.0,1.0,1.0,26.90529199999503
fp_theta50_alpha0p5,false_positive,50.0,0.0,0.5,73,20251193,1,False,0,0,1.0,1.0,1.0,1.0,1.0,23.158916999989287
fp_theta50_alpha0p5,false_positive,50.0,0.0,0.5,72,20251192,1,False,0,0,1.0,1.0,1.0,1.0,1.0,23.875499999988392
fp_theta50_alpha0p5,false_positive,50.0,0.0,0.5,74,20251194,1,False,0,0,1.0,1.0,1.0,1.0,1.0,23.229958000001716
fp_theta50_alpha0p5,false_positive,50.0,0.0,0.5,77,20251197,1,False,0,0,1.0,1.0,1.0,1.0,1.0,21.828666999994084
fp_theta50_alpha0p5,false_positive,50.0,0.0,0.5,76,20251196,1,False,0,0,1.0,1.0,1.0,1.0,1.0,22.968166999987716
fp_theta50_alpha0p5,false_positive,50.0,0.0,0.5,75,20251195,1,False,0,0,1.0,1.0,1.0,1.0,1.0,23.224375000012287
fp_theta50_alpha0p5,false_positive,50.0,0.0,0.5,80,20251200,1,False,0,0,1.0,1.0,1.0,1.0,1.0,26.690083000005416
fp_theta50_alpha0p5,false_positive,50.0,0.0,0.5,82,20251202,1,False,0,0,1.0,1.0,1.0,1.0,1.0,29.918875000007006
fp_theta50_alpha0p5,false_positive,50.0,0.0,0.5,78,20251198,1,False,0,0,1.0,1.0,1.0,1.0,1.0,26.746041999999193
fp_theta50_alpha0p5,false_positive,50.0,0.0,0.5,79,20251199,1,False,0,0,1.0,1.0,1.0,1.0,1.0,23.170790999998303
fp_theta50_alpha0p5,false_positive,50.0,0.0,0.5,83,20251203,1,False,0,0,1.0,1.0,1.0,1.0,1.0,23.553249999991976
fp_theta50_alpha0p5,false_positive,50.0,0.0,0.5,81,20251201,1,False,0,0,1.0,1.0,1.0,1.0,1.0,23.353458000002547
fp_theta50_alpha0p5,false_positive,50.0,0.0,0.5,86,20251206,1,False,0,0,1.0,1.0,1.0,1.0,1.0,21.030250000009687
fp_theta50_alpha0p5,false_positive,50.0,0.0,0.5,84,20251204,1,False,0,0,1.0,1.0,1.0,1.0,1.0,24.253332999990107
fp_theta50_alpha0p5,false_positive,50.0,0.0,0.5,85,20251205,1,False,0,0,1.0,1.0,1.0,1.0,1.0,23.242375000009474
fp_theta50_alpha0p5,false_positive,50.0,0.0,0.5,87,20251207,1,False,0,0,1.0,1.0,1.0,1.0,1.0,26.22637499999314
fp_theta50_alpha0p5,false_positive,50.0,0.0,0.5,88,20251208,1,False,0,0,1.0,1.0,1.0,1.0,1.0,22.305207999991694
fp_theta50_alpha0p5,false_positive,50.0,0.0,0.5,89,20251209,1,False,0,0,1.0,1.0,1.0,1.0,1.0,22.222333999991406
fp_theta50_alpha0p5,false_positive,50.0,0.0,0.5,90,20251210,1,False,0,0,1.0,1.0,1.0,1.0,1.0,23.17154099999641
fp_theta50_alpha0p5,false_positive,50.0,0.0,0.5,91,20251211,1,False,0,0,1.0,1.0,1.0,1.0,1.0,22.305541999998013
fp_theta50_alpha0p5,false_positive,50.0,0.0,0.5,95,20251215,1,False,0,0,1.0,1.0,1.0,1.0,1.0,21.87841600000695
fp_theta50_alpha0p5,false_positive,50.0,0.0,0.5,92,20251212,1,False,0,0,1.0,1.0,1.0,1.0,1.0,23.508583999998223
fp_theta50_alpha0p5,false_positive,50.0,0.0,0.5,94,20251214,1,False,0,0,1.0,1.0,1.0,1.0,1.0,21.972124999990683
fp_theta50_alpha0p5,false_positive,50.0,0.0,0.5,93,20251213,1,False,0,0,1.0,1.0,1.0,1.0,1.0,23.720749999995405
fp_theta50_alpha0p5,false_positive,50.0,0.0,0.5,96,20251216,1,False,0,0,1.0,1.0,1.0,1.0,1.0,27.12362500000154
fp_theta50_alpha0p5,false_positive,50.0,0.0,0.5,97,20251217,1,False,0,0,1.0,1.0,1.0,1.0,1.0,30.578832999992756
fp_theta50_alpha0p05,false_positive,50.0,0.0,0.05,1,20261121,1,False,0,0,1.0,1.0,1.0,1.0,1.0,29.59083400000395
fp_theta50_alpha0p05,false_positive,50.0,0.0,0.05,2,20261122,1,False,0,0,1.0,1.0,1.0,1.0,1.0,22.339457999990486
fp_theta50_alpha0p05,false_positive,50.0,0.0,0.05,0,20261120,1,False,0,0,1.0,1.0,1.0,1.0,1.0,22.933541000000446
fp_theta50_alpha0p05,false_positive,50.0,0.0,0.05,3,20261123,1,False,0,0,1.0,1.0,1.0,1.0,1.0,21.821790999993596
fp_theta50_alpha0p5,false_positive,50.0,0.0,0.5,98,20251218,1,False,0,0,1.0,1.0,1.0,1.0,1.0,22.678916000003824
fp_theta50_alpha0p5,false_positive,50.0,0.0,0.5,99,20251219,1,False,0,0,1.0,1.0,1.0,1.0,1.0,23.952833999999257
fp_theta50_alpha0p05,false_positive,50.0,0.0,0.05,4,20261124,1,False,0,0,1.0,1.0,1.0,1.0,1.0,21.64287499999773
fp_theta50_alpha0p05,false_positive,50.0,0.0,0.05,5,20261125,1,False,0,0,1.0,1.0,1.0,1.0,1.0,21.841541000000575
fp_theta50_alpha0p05,false_positive,50.0,0.0,0.05,7,20261127,1,False,0,0,1.0,1.0,1.0,1.0,1.0,27.38829100000828
fp_theta50_alpha0p05,false_positive,50.0,0.0,0.05,6,20261126,1,False,0,0,1.0,1.0,1.0,1.0,1.0,27.815332999992393
fp_theta50_alpha0p05,false_positive,50.0,0.0,0.05,10,20261130,1,False,0,0,1.0,1.0,1.0,1.0,1.0,24.316417000008528
fp_theta50_alpha0p05,false_positive,50.0,0.0,0.05,9,20261129,1,False,0,0,1.0,1.0,1.0,1.0,1.0,30.591624999999567
fp_theta50_alpha0p05,false_positive,50.0,0.0,0.05,11,20261131,1,False,0,0,1.0,1.0,1.0,1.0,1.0,30.81008300000576
fp_theta50_alpha0p05,false_positive,50.0,0.0,0.05,8,20261128,1,False,0,0,1.0,1.0,1.0,1.0,1.0,30.32495799999424
fp_theta50_alpha0p05,false_positive,50.0,0.0,0.05,12,20261132,1,False,0,0,1.0,1.0,1.0,1.0,1.0,21.71299999999121
fp_theta50_alpha0p05,false_positive,50.0,0.0,0.05,13,20261133,1,False,0,0,1.0,1.0,1.0,1.0,1.0,21.65795899999523
fp_theta50_alpha0p05,false_positive,50.0,0.0,0.05,14,20261134,1,False,0,0,1.0,1.0,1.0,1.0,1.0,23.705208999999172
fp_theta50_alpha0p05,false_positive,50.0,0.0,0.05,16,20261136,1,False,0,0,1.0,1.0,1.0,1.0,1.0,28.330250000010437
fp_theta50_alpha0p05,false_positive,50.0,0.0,0.05,15,20261135,1,False,0,0,1.0,1.0,1.0,1.0,1.0,29.786916999995583
fp_theta50_alpha0p05,false_positive,50.0,0.0,0.05,17,20261137,1,False,0,0,1.0,1.0,1.0,1.0,1.0,24.14616699999783
fp_theta50_alpha0p05,false_positive,50.0,0.0,0.05,19,20261139,1,False,0,0,1.0,1.0,1.0,1.0,1.0,24.4893750000017
fp_theta50_alpha0p05,false_positive,50.0,0.0,0.05,20,20261140,1,False,0,0,1.0,1.0,1.0,1.0,1.0,22.515458000000876
fp_theta50_alpha0p05,false_positive,50.0,0.0,0.05,18,20261138,1,False,0,0,1.0,1.0,1.0,1.0,1.0,23.287582999998335
fp_theta50_alpha0p05,false_positive,50.0,0.0,0.05,24,20261144,1,False,0,0,1.0,1.0,1.0,1.0,1.0,23.207791000004363
fp_theta50_alpha0p05,false_positive,50.0,0.0,0.05,25,20261145,1,False,0,0,1.0,1.0,1.0,1.0,1.0,29.67037500000913
fp_theta50_alpha0p05,false_positive,50.0,0.0,0.05,22,20261142,1,False,0,0,1.0,1.0,1.0,1.0,1.0,29.96562500000266
fp_theta50_alpha0p05,false_positive,50.0,0.0,0.05,21,20261141,1,False,0,0,1.0,1.0,1.0,1.0,1.0,27.74637499999244
fp_theta50_alpha0p05,false_positive,50.0,0.0,0.05,23,20261143,1,False,0,0,1.0,1.0,1.0,1.0,1.0,26.64466599999571
fp_theta50_alpha0p05,false_positive,50.0,0.0,0.05,26,20261146,1,False,0,0,1.0,1.0,1.0,1.0,1.0,22.367791999997166
fp_theta50_alpha0p05,false_positive,50.0,0.0,0.05,28,20261148,1,False,0,0,1.0,1.0,1.0,1.0,1.0,21.031167000003848
fp_theta50_alpha0p05,false_positive,50.0,0.0,0.05,27,20261147,1,False,0,0,1.0,1.0,1.0,1.0,1.0,20.417459000000804
fp_theta50_alpha0p05,false_positive,50.0,0.0,0.05,30,20261150,1,False,0,0,1.0,1.0,1.0,1.0,1.0,22.757458000000952
fp_theta50_alpha0p05,false_positive,50.0,0.0,0.05,29,20261149,1,False,0,0,1.0,1.0,1.0,1.0,1.0,22.66474999998991
fp_theta50_alpha0p05,false_positive,50.0,0.0,0.05,34,20261154,1,False,0,0,1.0,1.0,1.0,1.0,1.0,22.604542000010497
fp_theta50_alpha0p05,false_positive,50.0,0.0,0.05,35,20261155,1,False,0,0,1.0,1.0,1.0,1.0,1.0,27.297832999991556
fp_theta50_alpha0p05,false_positive,50.0,0.0,0.05,37,20261157,1,False,0,0,1.0,1.0,1.0,1.0,1.0,29.23470799998995
fp_theta50_alpha0p05,false_positive,50.0,0.0,0.05,31,20261151,1,False,0,0,1.0,1.0,1.0,1.0,1.0,32.3275840000008
fp_theta50_alpha0p05,false_positive,50.0,0.0,0.05,33,20261153,1,False,0,0,1.0,1.0,1.0,1.0,1.0,31.584167000005436
fp_theta50_alpha0p05,false_positive,50.0,0.0,0.05,32,20261152,1,False,0,0,1.0,1.0,1.0,1.0,1.0,26.64541699999745
fp_theta50_alpha0p05,false_positive,50.0,0.0,0.05,36,20261156,1,False,0,0,1.0,1.0,1.0,1.0,1.0,22.196125000007783
fp_theta50_alpha0p05,false_positive,50.0,0.0,0.05,39,20261159,1,False,0,0,1.0,1.0,1.0,1.0,1.0,22.013083000004485
fp_theta50_alpha0p05,false_positive,50.0,0.0,0.05,38,20261158,1,False,0,0,1.0,1.0,1.0,1.0,1.0,22.30712499999754
fp_theta50_alpha0p05,false_positive,50.0,0.0,0.05,40,20261160,1,False,0,0,1.0,1.0,1.0,1.0,1.0,24.561000000005606
fp_theta50_alpha0p05,false_positive,50.0,0.0,0.05,41,20261161,1,False,0,0,1.0,1.0,1.0,1.0,1.0,24.766583000001674
fp_theta50_alpha0p05,false_positive,50.0,0.0,0.05,43,20261163,1,False,0,0,1.0,1.0,1.0,1.0,1.0,24.307458000009774
fp_theta50_alpha0p05,false_positive,50.0,0.0,0.05,42,20261162,1,False,0,0,1.0,1.0,1.0,1.0,1.0,26.602541999992013
fp_theta50_alpha0p05,false_positive,50.0,0.0,0.05,47,20261167,1,False,0,0,1.0,1.0,1.0,1.0,1.0,26.083833000001277
fp_theta50_alpha0p05,false_positive,50.0,0.0,0.05,46,20261166,1,False,0,0,1.0,1.0,1.0,1.0,1.0,25.994917000005557
fp_theta50_alpha0p05,false_positive,50.0,0.0,0.05,45,20261165,1,False,0,0,1.0,1.0,1.0,1.0,1.0,34.1558329999998
fp_theta50_alpha0p05,false_positive,50.0,0.0,0.05,49,20261169,1,False,0,0,1.0,1.0,1.0,1.0,1.0,31.96733299999721
fp_theta50_alpha0p05,false_positive,50.0,0.0,0.05,48,20261168,1,False,0,0,1.0,1.0,1.0,1.0,1.0,33.52429200000984
fp_theta50_alpha0p05,false_positive,50.0,0.0,0.05,44,20261164,1,False,0,0,1.0,1.0,1.0,1.0,1.0,25.375834000001873
fp_theta50_alpha0p05,false_positive,50.0,0.0,0.05,50,20261170,1,False,0,0,1.0,1.0,1.0,1.0,1.0,24.159832999998798
fp_theta50_alpha0p05,false_positive,50.0,0.0,0.05,52,20261172,1,False,0,0,1.0,1.0,1.0,1.0,1.0,22.645166999993194
fp_theta50_alpha0p05,false_positive,50.0,0.0,0.05,51,20261171,1,False,0,0,1.0,1.0,1.0,1.0,1.0,22.10850000000164
fp_theta50_alpha0p05,false_positive,50.0,0.0,0.05,53,20261173,1,False,0,0,1.0,1.0,1.0,1.0,1.0,23.916291999995565
fp_theta50_alpha0p05,false_positive,50.0,0.0,0.05,60,20261180,1,False,0,0,1.0,1.0,1.0,1.0,1.0,24.453999999991538
fp_theta50_alpha0p05,false_positive,50.0,0.0,0.05,56,20261176,1,False,0,0,1.0,1.0,1.0,1.0,1.0,35.582750000003216
fp_theta50_alpha0p05,false_positive,50.0,0.0,0.05,58,20261178,1,False,0,0,1.0,1.0,1.0,1.0,1.0,36.96983300000056
fp_theta50_alpha0p05,false_positive,50.0,0.0,0.05,57,20261177,1,False,0,0,1.0,1.0,1.0,1.0,1.0,35.15741700000774
fp_theta50_alpha0p05,false_positive,50.0,0.0,0.05,55,20261175,1,False,0,0,1.0,1.0,1.0,1.0,1.0,34.897583000002896
fp_theta50_alpha0p05,false_positive,50.0,0.0,0.05,54,20261174,1,False,0,0,1.0,1.0,1.0,1.0,1.0,36.97012500001051
fp_theta50_alpha0p05,false_positive,50.0,0.0,0.05,59,20261179,1,False,0,0,1.0,1.0,1.0,1.0,1.0,23.220667000003914
fp_theta50_alpha0p05,false_positive,50.0,0.0,0.05,61,20261181,1,False,0,0,1.0,1.0,1.0,1.0,1.0,23.647791000001916
fp_theta50_alpha0p05,false_positive,50.0,0.0,0.05,63,20261183,1,False,0,0,1.0,1.0,1.0,1.0,1.0,31.35312499999543
fp_theta50_alpha0p05,false_positive,50.0,0.0,0.05,62,20261182,1,False,0,0,1.0,1.0,1.0,1.0,1.0,31.551500000006172
fp_theta50_alpha0p05,false_positive,50.0,0.0,0.05,64,20261184,1,False,0,0,1.0,1.0,1.0,1.0,1.0,25.34741699999188
fp_theta50_alpha0p05,false_positive,50.0,0.0,0.05,65,20261185,1,False,0,0,1.0,1.0,1.0,1.0,1.0,24.193374999995854
fp_theta50_alpha0p05,false_positive,50.0,0.0,0.05,68,20261188,1,False,0,0,1.0,1.0,1.0,1.0,1.0,26.063457999995876
fp_theta50_alpha0p05,false_positive,50.0,0.0,0.05,66,20261186,1,False,0,0,1.0,1.0,1.0,1.0,1.0,29.03554200000258
fp_theta50_alpha0p05,false_positive,50.0,0.0,0.05,67,20261187,1,False,0,0,1.0,1.0,1.0,1.0,1.0,26.64020800000344
fp_theta50_alpha0p05,false_positive,50.0,0.0,0.05,70,20261190,1,False,0,0,1.0,1.0,1.0,1.0,1.0,32.13179200000127
fp_theta50_alpha0p05,false_positive,50.0,0.0,0.05,72,20261192,1,False,0,0,1.0,1.0,1.0,1.0,1.0,34.320374999992964
fp_theta50_alpha0p05,false_positive,50.0,0.0,0.05,69,20261189,1,False,0,0,1.0,1.0,1.0,1.0,1.0,34.86779200000001
fp_theta50_alpha0p05,false_positive,50.0,0.0,0.05,71,20261191,1,False,0,0,1.0,1.0,1.0,1.0,1.0,33.808167000003664
fp_theta50_alpha0p05,false_positive,50.0,0.0,0.05,73,20261193,1,False,0,0,1.0,1.0,1.0,1.0,1.0,22.86983300000145
fp_theta50_alpha0p05,false_positive,50.0,0.0,0.05,74,20261194,1,False,0,0,1.0,1.0,1.0,1.0,1.0,22.654167000013103
fp_theta50_alpha0p05,false_positive,50.0,0.0,0.05,76,20261196,1,False,0,0,1.0,1.0,1.0,1.0,1.0,27.368792000004305
fp_theta50_alpha0p05,false_positive,50.0,0.0,0.05,75,20261195,1,False,0,0,1.0,1.0,1.0,1.0,1.0,27.372124999999414
fp_theta50_alpha0p05,false_positive,50.0,0.0,0.05,77,20261197,1,False,0,0,1.0,1.0,1.0,1.0,1.0,24.25583400000164
fp_theta50_alpha0p05,false_positive,50.0,0.0,0.05,79,20261199,1,False,0,0,1.0,1.0,1.0,1.0,1.0,23.204249999992044
fp_theta50_alpha0p05,false_positive,50.0,0.0,0.05,78,20261198,1,False,0,0,1.0,1.0,1.0,1.0,1.0,25.08095800000376
fp_theta50_alpha0p05,false_positive,50.0,0.0,0.05,80,20261200,1,False,0,0,1.0,1.0,1.0,1.0,1.0,30.607791000008433
fp_theta50_alpha0p05,false_positive,50.0,0.0,0.05,84,20261204,1,False,0,0,1.0,1.0,1.0,1.0,1.0,38.98145799999497
fp_theta50_alpha0p05,false_positive,50.0,0.0,0.05,83,20261203,1,False,0,0,1.0,1.0,1.0,1.0,1.0,37.844583000008925
fp_theta50_alpha0p05,false_positive,50.0,0.0,0.05,81,20261201,1,False,0,0,1.0,1.0,1.0,1.0,1.0,38.43658300000641
fp_theta50_alpha0p05,false_positive,50.0,0.0,0.05,82,20261202,1,False,0,0,1.0,1.0,1.0,1.0,1.0,28.05058300000951
fp_theta50_alpha0p05,false_positive,50.0,0.0,0.05,85,20261205,1,False,0,0,1.0,1.0,1.0,1.0,1.0,24.201290999997127
fp_theta50_alpha0p05,false_positive,50.0,0.0,0.05,86,20261206,1,False,0,0,1.0,1.0,1.0,1.0,1.0,25.040415999995957
fp_theta50_alpha0p05,false_positive,50.0,0.0,0.05,88,20261208,1,False,0,0,1.0,1.0,1.0,1.0,1.0,22.38337499998977
fp_theta50_alpha0p05,false_positive,50.0,0.0,0.05,87,20261207,1,False,0,0,1.0,1.0,1.0,1.0,1.0,23.567874999997684
fp_theta50_alpha0p05,false_positive,50.0,0.0,0.05,90,20261210,1,False,0,0,1.0,1.0,1.0,1.0,1.0,21.499457999993865
fp_theta50_alpha0p05,false_positive,50.0,0.0,0.05,91,20261211,1,False,0,0,1.0,1.0,1.0,1.0,1.0,23.7535830000013
fp_theta50_alpha0p05,false_positive,50.0,0.0,0.05,95,20261215,1,False,0,0,1.0,1.0,1.0,1.0,1.0,31.693209000010825
fp_theta50_alpha0p05,false_positive,50.0,0.0,0.05,89,20261209,1,False,0,0,1.0,1.0,1.0,1.0,1.0,33.79416699999638
fp_theta50_alpha0p05,false_positive,50.0,0.0,0.05,92,20261212,1,False,0,0,1.0,1.0,1.0,1.0,1.0,32.03120800000647
fp_theta50_alpha0p05,false_positive,50.0,0.0,0.05,94,20261214,1,False,0,0,1.0,1.0,1.0,1.0,1.0,32.04620799999702
fp_theta50_alpha0p05,false_positive,50.0,0.0,0.05,93,20261213,1,False,0,0,1.0,1.0,1.0,1.0,1.0,28.300584000007234
fp_theta50_alpha0p05,false_positive,50.0,0.0,0.05,96,20261216,1,False,0,0,1.0,1.0,1.0,1.0,1.0,23.96637500000054
fp_theta50_alpha0p05,false_positive,50.0,0.0,0.05,98,20261218,1,False,0,0,1.0,1.0,1.0,1.0,1.0,24.513833000000318
fp_theta50_alpha0p05,false_positive,50.0,0.0,0.05,97,20261217,1,False,0,0,1.0,1.0,1.0,1.0,1.0,23.126666999999657
fp_theta50_alpha0p05,false_positive,50.0,0.0,0.05,99,20261219,1,False,0,0,1.0,1.0,1.0,1.0,1.0,23.145749999997633
fp_theta100_alpha2p0,false_positive,100.0,0.0,2.0,2,20271122,1,False,0,0,1.0,1.0,1.0,1.0,1.0,25.8636249999995
fp_theta100_alpha2p0,false_positive,100.0,0.0,2.0,1,20271121,1,False,0,0,1.0,1.0,1.0,1.0,1.0,27.892583000010518
fp_theta100_alpha2p0,false_positive,100.0,0.0,2.0,0,20271120,1,False,0,0,1.0,1.0,1.0,1.0,1.0,29.710333000011246
fp_theta100_alpha2p0,false_positive,100.0,0.0,2.0,8,20271128,1,False,0,0,1.0,1.0,1.0,1.0,1.0,26.503625000003694
fp_theta100_alpha2p0,false_positive,100.0,0.0,2.0,6,20271126,1,False,0,0,1.0,1.0,1.0,1.0,1.0,34.56570800000236
fp_theta100_alpha2p0,false_positive,100.0,0.0,2.0,5,20271125,1,False,0,0,1.0,1.0,1.0,1.0,1.0,32.64224999999499
fp_theta100_alpha2p0,false_positive,100.0,0.0,2.0,4,20271124,1,False,0,0,1.0,1.0,1.0,1.0,1.0,34.04795900000579
fp_theta100_alpha2p0,false_positive,100.0,0.0,2.0,3,20271123,1,False,0,0,1.0,1.0,1.0,1.0,1.0,28.25029099999199
fp_theta100_alpha2p0,false_positive,100.0,0.0,2.0,9,20271129,1,False,0,0,1.0,1.0,1.0,1.0,1.0,27.348125000003165
fp_theta100_alpha2p0,false_positive,100.0,0.0,2.0,7,20271127,1,False,0,0,1.0,1.0,1.0,1.0,1.0,27.1080410000053
fp_theta100_alpha2p0,false_positive,100.0,0.0,2.0,11,20271131,1,False,0,0,1.0,1.0,1.0,1.0,1.0,30.14920799999743
fp_theta100_alpha2p0,false_positive,100.0,0.0,2.0,10,20271130,1,False,0,0,1.0,1.0,1.0,1.0,1.0,28.974666999999954
fp_theta100_alpha2p0,false_positive,100.0,0.0,2.0,12,20271132,1,False,0,0,1.0,1.0,1.0,1.0,1.0,22.806333999994877
fp_theta100_alpha2p0,false_positive,100.0,0.0,2.0,17,20271137,1,False,0,0,1.0,1.0,1.0,1.0,1.0,27.61162499999159
fp_theta100_alpha2p0,false_positive,100.0,0.0,2.0,15,20271135,1,False,0,0,1.0,1.0,1.0,1.0,1.0,28.34558300000367
fp_theta100_alpha2p0,false_positive,100.0,0.0,2.0,20,20271140,1,False,0,0,1.0,1.0,1.0,1.0,1.0,27.44566600000553
fp_theta100_alpha2p0,false_positive,100.0,0.0,2.0,14,20271134,1,False,0,0,1.0,1.0,1.0,1.0,1.0,26.022791999992023
fp_theta100_alpha2p0,false_positive,100.0,0.0,2.0,19,20271139,1,False,0,0,1.0,1.0,1.0,1.0,1.0,24.6275419999904
fp_theta100_alpha2p0,false_positive,100.0,0.0,2.0,16,20271136,1,False,0,0,1.0,1.0,1.0,1.0,1.0,26.56062500000189
fp_theta100_alpha2p0,false_positive,100.0,0.0,2.0,22,20271142,1,False,0,0,1.0,1.0,1.0,1.0,1.0,26.58708299999546
fp_theta100_alpha2p0,false_positive,100.0,0.0,2.0,21,20271141,1,False,0,0,1.0,1.0,1.0,1.0,1.0,28.057499999988522
fp_theta100_alpha2p0,false_positive,100.0,0.0,2.0,18,20271138,1,False,0,0,1.0,1.0,1.0,1.0,1.0,27.270083000004774
fp_theta100_alpha2p0,false_positive,100.0,0.0,2.0,13,20271133,1,False,0,0,1.0,1.0,1.0,1.0,1.0,32.806582999995726
fp_theta100_alpha2p0,false_positive,100.0,0.0,2.0,23,20271143,1,False,0,0,1.0,1.0,1.0,1.0,1.0,26.077417000010428
fp_theta100_alpha2p0,false_positive,100.0,0.0,2.0,24,20271144,1,False,0,0,1.0,1.0,1.0,1.0,1.0,26.379624999989915
fp_theta100_alpha2p0,false_positive,100.0,0.0,2.0,26,20271146,1,False,0,0,1.0,1.0,1.0,1.0,1.0,29.227874999989467
fp_theta100_alpha2p0,false_positive,100.0,0.0,2.0,25,20271145,1,False,0,0,1.0,1.0,1.0,1.0,1.0,33.221917000005874
fp_theta100_alpha2p0,false_positive,100.0,0.0,2.0,27,20271147,1,False,0,0,1.0,1.0,1.0,1.0,1.0,27.57283300000779
fp_theta100_alpha2p0,false_positive,100.0,0.0,2.0,30,20271150,1,False,0,0,1.0,1.0,1.0,1.0,1.0,27.42770900000835
fp_theta100_alpha2p0,false_positive,100.0,0.0,2.0,29,20271149,1,False,0,0,1.0,1.0,1.0,1.0,1.0,26.08399999999733
fp_theta100_alpha2p0,false_positive,100.0,0.0,2.0,28,20271148,1,False,0,0,1.0,1.0,1.0,1.0,1.0,29.358166999998048
fp_theta100_alpha2p0,false_positive,100.0,0.0,2.0,33,20271153,1,False,0,0,1.0,1.0,1.0,1.0,1.0,25.543334000005302
fp_theta100_alpha2p0,false_positive,100.0,0.0,2.0,36,20271156,1,False,0,0,1.0,1.0,1.0,1.0,1.0,25.434250000003544
fp_theta100_alpha2p0,false_positive,100.0,0.0,2.0,32,20271152,1,False,0,0,1.0,1.0,1.0,1.0,1.0,27.980083000002764
fp_theta100_alpha2p0,false_positive,100.0,0.0,2.0,31,20271151,1,False,0,0,1.0,1.0,1.0,1.0,1.0,27.38812500000165
fp_theta100_alpha2p0,false_positive,100.0,0.0,2.0,34,20271154,1,False,0,0,1.0,1.0,1.0,1.0,1.0,29.009457999990218
fp_theta100_alpha2p0,false_positive,100.0,0.0,2.0,35,20271155,1,False,0,0,1.0,1.0,1.0,1.0,1.0,29.078416999993806
fp_theta100_alpha2p0,false_positive,100.0,0.0,2.0,38,20271158,1,False,0,0,1.0,1.0,1.0,1.0,1.0,26.45979199999715
fp_theta100_alpha2p0,false_positive,100.0,0.0,2.0,41,20271161,1,False,0,0,1.0,1.0,1.0,1.0,1.0,23.875000000003865
fp_theta100_alpha2p0,false_positive,100.0,0.0,2.0,37,20271157,1,False,0,0,1.0,1.0,1.0,1.0,1.0,28.56541699999582
fp_theta100_alpha2p0,false_positive,100.0,0.0,2.0,42,20271162,1,False,0,0,1.0,1.0,1.0,1.0,1.0,24.68566599999633
fp_theta100_alpha2p0,false_positive,100.0,0.0,2.0,44,20271164,1,False,0,0,1.0,1.0,1.0,1.0,1.0,28.289874999998688
fp_theta100_alpha2p0,false_positive,100.0,0.0,2.0,48,20271168,1,False,0,0,1.0,1.0,1.0,1.0,1.0,29.74445899999978
fp_theta100_alpha2p0,false_positive,100.0,0.0,2.0,40,20271160,1,False,0,0,1.0,1.0,1.0,1.0,1.0,31.178832999998463
fp_theta100_alpha2p0,false_positive,100.0,0.0,2.0,43,20271163,1,False,0,0,1.0,1.0,1.0,1.0,1.0,28.36991700000624
fp_theta100_alpha2p0,false_positive,100.0,0.0,2.0,45,20271165,1,False,0,0,1.0,1.0,1.0,1.0,1.0,22.81116700000041
fp_theta100_alpha2p0,false_positive,100.0,0.0,2.0,39,20271159,1,False,0,0,1.0,1.0,1.0,1.0,1.0,27.860458999995785
fp_theta100_alpha2p0,false_positive,100.0,0.0,2.0,46,20271166,1,False,0,0,1.0,1.0,1.0,1.0,1.0,27.023834000004854
fp_theta100_alpha2p0,false_positive,100.0,0.0,2.0,47,20271167,1,False,0,0,1.0,1.0,1.0,1.0,1.0,27.163083000004917
fp_theta100_alpha2p0,false_positive,100.0,0.0,2.0,49,20271169,1,False,0,0,1.0,1.0,1.0,1.0,1.0,28.61512500000174
fp_theta100_alpha2p0,false_positive,100.0,0.0,2.0,50,20271170,1,False,0,0,1.0,1.0,1.0,1.0,1.0,26.68012499999861
fp_theta100_alpha2p0,false_positive,100.0,0.0,2.0,51,20271171,1,False,0,0,1.0,1.0,1.0,1.0,1.0,25.749666999999477
fp_theta100_alpha2p0,false_positive,100.0,0.0,2.0,52,20271172,1,False,0,0,1.0,1.0,1.0,1.0,1.0,25.42341699999895
fp_theta100_alpha2p0,false_positive,100.0,0.0,2.0,54,20271174,1,False,0,0,1.0,1.0,1.0,1.0,1.0,27.305083000001673
fp_theta100_alpha2p0,false_positive,100.0,0.0,2.0,53,20271173,1,False,0,0,1.0,1.0,1.0,1.0,1.0,31.459792000006814
fp_theta100_alpha2p0,false_positive,100.0,0.0,2.0,58,20271178,1,False,0,0,1.0,1.0,1.0,1.0,1.0,30.945208000005664
fp_theta100_alpha2p0,false_positive,100.0,0.0,2.0,57,20271177,1,False,0,0,1.0,1.0,1.0,1.0,1.0,32.07829100000481
fp_theta100_alpha2p0,false_positive,100.0,0.0,2.0,56,20271176,1,False,0,0,1.0,1.0,1.0,1.0,1.0,33.90541599999608
fp_theta100_alpha2p0,false_positive,100.0,0.0,2.0,55,20271175,1,False,0,0,1.0,1.0,1.0,1.0,1.0,34.95916699999668
fp_theta100_alpha2p0,false_positive,100.0,0.0,2.0,60,20271180,1,False,0,0,1.0,1.0,1.0,1.0,1.0,29.487375000002203
fp_theta100_alpha2p0,false_positive,100.0,0.0,2.0,63,20271183,1,False,0,0,1.0,1.0,1.0,1.0,1.0,26.727416999989373
fp_theta100_alpha2p0,false_positive,100.0,0.0,2.0,59,20271179,1,False,0,0,1.0,1.0,1.0,1.0,1.0,30.260915999988924
fp_theta100_alpha2p0,false_positive,100.0,0.0,2.0,64,20271184,1,False,0,0,1.0,1.0,1.0,1.0,1.0,26.084917000005703
fp_theta100_alpha2p0,false_positive,100.0,0.0,2.0,62,20271182,1,False,0,0,1.0,1.0,1.0,1.0,1.0,28.055459000000837
fp_theta100_alpha2p0,false_positive,100.0,0.0,2.0,61,20271181,1,False,0,0,1.0,1.0,1.0,1.0,1.0,26.755584
fp_theta100_alpha2p0,false_positive,100.0,0.0,2.0,65,20271185,1,False,0,0,1.0,1.0,1.0,1.0,1.0,26.4848750000084
fp_theta100_alpha2p0,false_positive,100.0,0.0,2.0,70,20271190,1,False,0,0,1.0,1.0,1.0,1.0,1.0,25.21241699999166
fp_theta100_alpha2p0,false_positive,100.0,0.0,2.0,66,20271186,1,False,0,0,1.0,1.0,1.0,1.0,1.0,26.418874999990294
fp_theta100_alpha2p0,false_positive,100.0,0.0,2.0,67,20271187,1,False,0,0,1.0,1.0,1.0,1.0,1.0,27.158250000013595
fp_theta100_alpha2p0,false_positive,100.0,0.0,2.0,68,20271188,1,False,0,0,1.0,1.0,1.0,1.0,1.0,28.61537500000111
fp_theta100_alpha2p0,false_positive,100.0,0.0,2.0,69,20271189,1,False,0,0,1.0,1.0,1.0,1.0,1.0,29.80520900000272
fp_theta100_alpha2p0,false_positive,100.0,0.0,2.0,71,20271191,1,False,0,0,1.0,1.0,1.0,1.0,1.0,32.234458000004906
fp_theta100_alpha2p0,false_positive,100.0,0.0,2.0,75,20271195,1,False,0,0,1.0,1.0,1.0,1.0,1.0,26.70733399999392
fp_theta100_alpha2p0,false_positive,100.0,0.0,2.0,74,20271194,1,False,0,0,1.0,1.0,1.0,1.0,1.0,28.71374999999432
fp_theta100_alpha2p0,false_positive,100.0,0.0,2.0,77,20271197,1,False,0,0,1.0,1.0,1.0,1.0,1.0,32.30033399999854
fp_theta100_alpha2p0,false_positive,100.0,0.0,2.0,72,20271192,1,False,0,0,1.0,1.0,1.0,1.0,1.0,32.057832999996094
fp_theta100_alpha2p0,false_positive,100.0,0.0,2.0,76,20271196,1,False,0,0,1.0,1.0,1.0,1.0,1.0,26.19387500000414
fp_theta100_alpha2p0,false_positive,100.0,0.0,2.0,73,20271193,1,False,0,0,1.0,1.0,1.0,1.0,1.0,26.95899999999085
fp_theta100_alpha2p0,false_positive,100.0,0.0,2.0,78,20271198,1,False,0,0,1.0,1.0,1.0,1.0,1.0,23.360416000002715
fp_theta100_alpha2p0,false_positive,100.0,0.0,2.0,82,20271202,1,False,0,0,1.0,1.0,1.0,1.0,1.0,28.201832999997123
fp_theta100_alpha2p0,false_positive,100.0,0.0,2.0,80,20271200,1,False,0,0,1.0,1.0,1.0,1.0,1.0,28.999750000011204
fp_theta100_alpha2p0,false_positive,100.0,0.0,2.0,79,20271199,1,False,0,0,1.0,1.0,1.0,1.0,1.0,29.847791999998208
fp_theta100_alpha2p0,false_positive,100.0,0.0,2.0,88,20271208,1,False,0,0,1.0,1.0,1.0,1.0,1.0,24.577124999993316
fp_theta100_alpha2p0,false_positive,100.0,0.0,2.0,81,20271201,1,False,0,0,1.0,1.0,1.0,1.0,1.0,28.580875000002948
fp_theta100_alpha2p0,false_positive,100.0,0.0,2.0,83,20271203,1,False,0,0,1.0,1.0,1.0,1.0,1.0,25.073542000001225
fp_theta100_alpha2p0,false_positive,100.0,0.0,2.0,85,20271205,1,False,0,0,1.0,1.0,1.0,1.0,1.0,23.19008399999234
fp_theta100_alpha2p0,false_positive,100.0,0.0,2.0,84,20271204,1,False,0,0,1.0,1.0,1.0,1.0,1.0,27.867749999998637
fp_theta100_alpha2p0,false_positive,100.0,0.0,2.0,87,20271207,1,False,0,0,1.0,1.0,1.0,1.0,1.0,24.218249999989894
fp_theta100_alpha2p0,false_positive,100.0,0.0,2.0,86,20271206,1,False,0,0,1.0,1.0,1.0,1.0,1.0,25.966582999998877
fp_theta100_alpha2p0,false_positive,100.0,0.0,2.0,89,20271209,1,False,0,0,1.0,1.0,1.0,1.0,1.0,24.19383299999822
fp_theta100_alpha2p0,false_positive,100.0,0.0,2.0,90,20271210,1,False,0,0,1.0,1.0,1.0,1.0,1.0,25.92937500000403
fp_theta100_alpha2p0,false_positive,100.0,0.0,2.0,91,20271211,1,False,0,0,1.0,1.0,1.0,1.0,1.0,26.836458000005337
fp_theta100_alpha2p0,false_positive,100.0,0.0,2.0,92,20271212,1,False,0,0,1.0,1.0,1.0,1.0,1.0,30.822624999998993
fp_theta100_alpha2p0,false_positive,100.0,0.0,2.0,93,20271213,1,False,0,0,1.0,1.0,1.0,1.0,1.0,30.019457999998167
fp_theta100_alpha2p0,false_positive,100.0,0.0,2.0,96,20271216,1,False,0,0,1.0,1.0,1.0,1.0,1.0,35.73795799999857
fp_theta100_alpha2p0,false_positive,100.0,0.0,2.0,95,20271215,1,False,0,0,1.0,1.0,1.0,1.0,1.0,34.51908300000639
fp_theta100_alpha2p0,false_positive,100.0,0.0,2.0,94,20271214,1,False,0,0,1.0,1.0,1.0,1.0,1.0,32.67287500000293
fp_theta100_alpha2p0,false_positive,100.0,0.0,2.0,97,20271217,1,False,0,0,1.0,1.0,1.0,1.0,1.0,29.16887499999632
fp_theta100_alpha2p0,false_positive,100.0,0.0,2.0,98,20271218,1,False,0,0,1.0,1.0,1.0,1.0,1.0,25.981666999996378
fp_theta100_alpha0p5,false_positive,100.0,0.0,0.5,0,20281120,1,False,0,0,1.0,1.0,1.0,1.0,1.0,25.52512500000148
fp_theta100_alpha2p0,false_positive,100.0,0.0,2.0,99,20271219,1,False,0,0,1.0,1.0,1.0,1.0,1.0,25.04025000000354
fp_theta100_alpha0p5,false_positive,100.0,0.0,0.5,1,20281121,1,False,0,0,1.0,1.0,1.0,1.0,1.0,25.654416999998375
fp_theta100_alpha0p5,false_positive,100.0,0.0,0.5,2,20281122,1,False,0,0,1.0,1.0,1.0,1.0,1.0,46.040584000010654
fp_theta100_alpha0p5,false_positive,100.0,0.0,0.5,5,20281125,1,False,0,0,1.0,1.0,1.0,1.0,1.0,25.79212499999528
fp_theta100_alpha0p5,false_positive,100.0,0.0,0.5,3,20281123,1,False,0,0,1.0,1.0,1.0,1.0,1.0,25.798250000008238
fp_theta100_alpha0p5,false_positive,100.0,0.0,0.5,4,20281124,1,False,0,0,1.0,1.0,1.0,1.0,1.0,26.67283400000997
fp_theta100_alpha0p5,false_positive,100.0,0.0,0.5,8,20281128,1,False,0,0,1.0,1.0,1.0,1.0,1.0,25.580915999995568
fp_theta100_alpha0p5,false_positive,100.0,0.0,0.5,6,20281126,1,False,0,0,1.0,1.0,1.0,1.0,1.0,24.363249999993286
fp_theta100_alpha0p5,false_positive,100.0,0.0,0.5,7,20281127,1,False,0,0,1.0,1.0,1.0,1.0,1.0,24.089541999998687
fp_theta100_alpha0p5,false_positive,100.0,0.0,0.5,9,20281129,1,False,0,0,1.0,1.0,1.0,1.0,1.0,25.494457999997167
fp_theta100_alpha0p5,false_positive,100.0,0.0,0.5,11,20281131,1,False,0,0,1.0,1.0,1.0,1.0,1.0,25.592750000001274
fp_theta100_alpha0p5,false_positive,100.0,0.0,0.5,13,20281133,1,False,0,0,1.0,1.0,1.0,1.0,1.0,28.86549999999488
fp_theta100_alpha0p5,false_positive,100.0,0.0,0.5,12,20281132,1,False,0,0,1.0,1.0,1.0,1.0,1.0,27.726083000004564
fp_theta100_alpha0p5,false_positive,100.0,0.0,0.5,10,20281130,1,False,0,0,1.0,1.0,1.0,1.0,1.0,25.680083000011678
fp_theta100_alpha0p5,false_positive,100.0,0.0,0.5,14,20281134,1,False,0,0,1.0,1.0,1.0,1.0,1.0,23.94329200001266
fp_theta100_alpha0p5,false_positive,100.0,0.0,0.5,18,20281138,1,False,0,0,1.0,1.0,1.0,1.0,1.0,25.97933299999511
fp_theta100_alpha0p5,false_positive,100.0,0.0,0.5,16,20281136,1,False,0,0,1.0,1.0,1.0,1.0,1.0,27.58654199999455
fp_theta100_alpha0p5,false_positive,100.0,0.0,0.5,15,20281135,1,False,0,0,1.0,1.0,1.0,1.0,1.0,31.711958000002483
fp_theta100_alpha0p5,false_positive,100.0,0.0,0.5,20,20281140,1,False,0,0,1.0,1.0,1.0,1.0,1.0,30.370833000006314
fp_theta100_alpha0p5,false_positive,100.0,0.0,0.5,19,20281139,1,False,0,0,1.0,1.0,1.0,1.0,1.0,33.016792000012174
fp_theta100_alpha0p5,false_positive,100.0,0.0,0.5,17,20281137,1,False,0,0,1.0,1.0,1.0,1.0,1.0,34.76391700000647
fp_theta100_alpha0p5,false_positive,100.0,0.0,0.5,21,20281141,1,False,0,0,1.0,1.0,1.0,1.0,1.0,26.856874999992897
fp_theta100_alpha0p5,false_positive,100.0,0.0,0.5,22,20281142,1,False,0,0,1.0,1.0,1.0,1.0,1.0,24.58712499999649
fp_theta100_alpha0p5,false_positive,100.0,0.0,0.5,24,20281144,1,False,0,0,1.0,1.0,1.0,1.0,1.0,24.174166999998192
fp_theta100_alpha0p5,false_positive,100.0,0.0,0.5,23,20281143,1,False,0,0,1.0,1.0,1.0,1.0,1.0,26.937875000001554
fp_theta100_alpha0p5,false_positive,100.0,0.0,0.5,26,20281146,1,False,0,0,1.0,1.0,1.0,1.0,1.0,23.785332999992193
fp_theta100_alpha0p5,false_positive,100.0,0.0,0.5,25,20281145,1,False,0,0,1.0,1.0,1.0,1.0,1.0,26.65212499999825
fp_theta100_alpha0p5,false_positive,100.0,0.0,0.5,29,20281149,1,False,0,0,1.0,1.0,1.0,1.0,1.0,28.683333000003586
fp_theta100_alpha0p5,false_positive,100.0,0.0,0.5,31,20281151,1,False,0,0,1.0,1.0,1.0,1.0,1.0,26.082750000000487
fp_theta100_alpha0p5,false_positive,100.0,0.0,0.5,27,20281147,1,False,0,0,1.0,1.0,1.0,1.0,1.0,26.401625000005424
fp_theta100_alpha0p5,false_positive,100.0,0.0,0.5,30,20281150,1,False,0,0,1.0,1.0,1.0,1.0,1.0,24.081875000007358
fp_theta100_alpha0p5,false_positive,100.0,0.0,0.5,28,20281148,1,False,0,0,1.0,1.0,1.0,1.0,1.0,24.177292000004513
fp_theta100_alpha0p5,false_positive,100.0,0.0,0.5,35,20281155,1,False,0,0,1.0,1.0,1.0,1.0,1.0,29.10679199999322
fp_theta100_alpha0p5,false_positive,100.0,0.0,0.5,32,20281152,1,False,0,0,1.0,1.0,1.0,1.0,1.0,31.238207999990664
fp_theta100_alpha0p5,false_positive,100.0,0.0,0.5,36,20281156,1,False,0,0,1.0,1.0,1.0,1.0,1.0,24.565083999988246
fp_theta100_alpha0p5,false_positive,100.0,0.0,0.5,38,20281158,1,False,0,0,1.0,1.0,1.0,1.0,1.0,23.098292000000242
fp_theta100_alpha0p5,false_positive,100.0,0.0,0.5,37,20281157,1,False,0,0,1.0,1.0,1.0,1.0,1.0,28.09212500000058
fp_theta100_alpha0p5,false_positive,100.0,0.0,0.5,34,20281154,1,False,0,0,1.0,1.0,1.0,1.0,1.0,30.192915999990078
fp_theta100_alpha0p5,false_positive,100.0,0.0,0.5,33,20281153,1,False,0,0,1.0,1.0,1.0,1.0,1.0,28.37954199999615
fp_theta100_alpha0p5,false_positive,100.0,0.0,0.5,41,20281161,1,False,0,0,1.0,1.0,1.0,1.0,1.0,22.00050000000431
fp_theta100_alpha0p5,false_positive,100.0,0.0,0.5,40,20281160,1,False,0,0,1.0,1.0,1.0,1.0,1.0,29.243875000005914
fp_theta100_alpha0p5,false_positive,100.0,0.0,0.5,39,20281159,1,False,0,0,1.0,1.0,1.0,1.0,1.0,26.56745900000601
fp_theta100_alpha0p5,false_positive,100.0,0.0,0.5,45,20281165,1,False,0,0,1.0,1.0,1.0,1.0,1.0,26.54762499999208
fp_theta100_alpha0p5,false_positive,100.0,0.0,0.5,43,20281163,1,False,0,0,1.0,1.0,1.0,1.0,1.0,29.57345800000155
fp_theta100_alpha0p5,false_positive,100.0,0.0,0.5,42,20281162,1,False,0,0,1.0,1.0,1.0,1.0,1.0,31.342708000011044
fp_theta100_alpha0p5,false_positive,100.0,0.0,0.5,44,20281164,1,False,0,0,1.0,1.0,1.0,1.0,1.0,25.529750000004015
fp_theta100_alpha0p5,false_positive,100.0,0.0,0.5,46,20281166,1,False,0,0,1.0,1.0,1.0,1.0,1.0,23.833416000002217
fp_theta100_alpha0p5,false_positive,100.0,0.0,0.5,48,20281168,1,False,0,0,1.0,1.0,1.0,1.0,1.0,23.111833000001525
fp_theta100_alpha0p5,false_positive,100.0,0.0,0.5,50,20281170,1,False,0,0,1.0,1.0,1.0,1.0,1.0,23.09308300000623
fp_theta100_alpha0p5,false_positive,100.0,0.0,0.5,47,20281167,1,False,0,0,1.0,1.0,1.0,1.0,1.0,30.25966599999208
fp_theta100_alpha0p5,false_positive,100.0,0.0,0.5,53,20281173,1,False,0,0,1.0,1.0,1.0,1.0,1.0,25.384625000000938
fp_theta100_alpha0p5,false_positive,100.0,0.0,0.5,51,20281171,1,False,0,0,1.0,1.0,1.0,1.0,1.0,27.794249999999465
fp_theta100_alpha0p5,false_positive,100.0,0.0,0.5,49,20281169,1,True,0,1,0.0,0.0,0.0,0.0,0.0,26.732166000002167
fp_theta100_alpha0p5,false_positive,100.0,0.0,0.5,55,20281175,1,False,0,0,1.0,1.0,1.0,1.0,1.0,24.194000000008486
fp_theta100_alpha0p5,false_positive,100.0,0.0,0.5,52,20281172,1,False,0,0,1.0,1.0,1.0,1.0,1.0,26.00104100000067
fp_theta100_alpha0p5,false_positive,100.0,0.0,0.5,54,20281174,1,False,0,0,1.0,1.0,1.0,1.0,1.0,23.72408399999415
fp_theta100_alpha0p5,false_positive,100.0,0.0,0.5,56,20281176,1,False,0,0,1.0,1.0,1.0,1.0,1.0,34.87674999999513
fp_theta100_alpha0p5,false_positive,100.0,0.0,0.5,58,20281178,1,False,0,0,1.0,1.0,1.0,1.0,1.0,35.029292000004375
fp_theta100_alpha0p5,false_positive,100.0,0.0,0.5,57,20281177,1,False,0,0,1.0,1.0,1.0,1.0,1.0,40.536625000001436
fp_theta100_alpha0p5,false_positive,100.0,0.0,0.5,59,20281179,1,False,0,0,1.0,1.0,1.0,1.0,1.0,35.029916999988586
fp_theta100_alpha0p5,false_positive,100.0,0.0,0.5,62,20281182,1,False,0,0,1.0,1.0,1.0,1.0,1.0,35.123791000003735
fp_theta100_alpha0p5,false_positive,100.0,0.0,0.5,60,20281180,1,False,0,0,1.0,1.0,1.0,1.0,1.0,27.150832999993213
fp_theta100_alpha0p5,false_positive,100.0,0.0,0.5,61,20281181,1,False,0,0,1.0,1.0,1.0,1.0,1.0,24.963874999997415
fp_theta100_alpha0p5,false_positive,100.0,0.0,0.5,66,20281186,1,False,0,0,1.0,1.0,1.0,1.0,1.0,23.15783400000271
fp_theta100_alpha0p5,false_positive,100.0,0.0,0.5,63,20281183,1,False,0,0,1.0,1.0,1.0,1.0,1.0,29.182667000000606
fp_theta100_alpha0p5,false_positive,100.0,0.0,0.5,67,20281187,1,False,0,0,1.0,1.0,1.0,1.0,1.0,29.46116600000437
fp_theta100_alpha0p5,false_positive,100.0,0.0,0.5,64,20281184,1,False,0,0,1.0,1.0,1.0,1.0,1.0,25.81104200000084
fp_theta100_alpha0p5,false_positive,100.0,0.0,0.5,65,20281185,1,False,0,0,1.0,1.0,1.0,1.0,1.0,26.85216700000126
fp_theta100_alpha0p5,false_positive,100.0,0.0,0.5,69,20281189,1,False,0,0,1.0,1.0,1.0,1.0,1.0,25.90962499999705
fp_theta100_alpha0p5,false_positive,100.0,0.0,0.5,71,20281191,1,False,0,0,1.0,1.0,1.0,1.0,1.0,23.900624999996012
fp_theta100_alpha0p5,false_positive,100.0,0.0,0.5,68,20281188,1,False,0,0,1.0,1.0,1.0,1.0,1.0,25.60770899999909
fp_theta100_alpha0p5,false_positive,100.0,0.0,0.5,72,20281192,1,False,0,0,1.0,1.0,1.0,1.0,1.0,24.362625000009075
fp_theta100_alpha0p5,false_positive,100.0,0.0,0.5,70,20281190,1,False,0,0,1.0,1.0,1.0,1.0,1.0,28.400875000002657
fp_theta100_alpha0p5,false_positive,100.0,0.0,0.5,77,20281197,1,False,0,0,1.0,1.0,1.0,1.0,1.0,27.745582999997964
fp_theta100_alpha0p5,false_positive,100.0,0.0,0.5,76,20281196,1,False,0,0,1.0,1.0,1.0,1.0,1.0,32.45745799999611
fp_theta100_alpha0p5,false_positive,100.0,0.0,0.5,73,20281193,1,False,0,0,1.0,1.0,1.0,1.0,1.0,32.6796250000001
fp_theta100_alpha0p5,false_positive,100.0,0.0,0.5,75,20281195,1,False,0,0,1.0,1.0,1.0,1.0,1.0,27.802125000008004
fp_theta100_alpha0p5,false_positive,100.0,0.0,0.5,74,20281194,1,False,0,0,1.0,1.0,1.0,1.0,1.0,27.02166699999964
fp_theta100_alpha0p5,false_positive,100.0,0.0,0.5,78,20281198,1,False,0,0,1.0,1.0,1.0,1.0,1.0,24.874582999999006
fp_theta100_alpha0p5,false_positive,100.0,0.0,0.5,79,20281199,1,False,0,0,1.0,1.0,1.0,1.0,1.0,25.177374999998392
fp_theta100_alpha0p5,false_positive,100.0,0.0,0.5,82,20281202,1,False,0,0,1.0,1.0,1.0,1.0,1.0,22.70366599999818
fp_theta100_alpha0p5,false_positive,100.0,0.0,0.5,80,20281200,1,False,0,0,1.0,1.0,1.0,1.0,1.0,24.72745800000098
fp_theta100_alpha0p5,false_positive,100.0,0.0,0.5,84,20281204,1,False,0,0,1.0,1.0,1.0,1.0,1.0,22.99033399999928
fp_theta100_alpha0p5,false_positive,100.0,0.0,0.5,81,20281201,1,False,0,0,1.0,1.0,1.0,1.0,1.0,28.161792000005903
fp_theta100_alpha0p5,false_positive,100.0,0.0,0.5,83,20281203,1,False,0,0,1.0,1.0,1.0,1.0,1.0,28.411624999989726
fp_theta100_alpha0p5,false_positive,100.0,0.0,0.5,89,20281209,1,False,0,0,1.0,1.0,1.0,1.0,1.0,24.042584000000033
fp_theta100_alpha0p5,false_positive,100.0,0.0,0.5,88,20281208,1,False,0,0,1.0,1.0,1.0,1.0,1.0,24.95979199998999
fp_theta100_alpha0p5,false_positive,100.0,0.0,0.5,90,20281210,1,False,0,0,1.0,1.0,1.0,1.0,1.0,24.556375000003072
fp_theta100_alpha0p5,false_positive,100.0,0.0,0.5,87,20281207,1,False,0,0,1.0,1.0,1.0,1.0,1.0,30.318917000002443
fp_theta100_alpha0p5,false_positive,100.0,0.0,0.5,85,20281205,1,False,0,0,1.0,1.0,1.0,1.0,1.0,31.98604199999977
fp_theta100_alpha0p5,false_positive,100.0,0.0,0.5,86,20281206,1,False,0,0,1.0,1.0,1.0,1.0,1.0,27.393250000002922
fp_theta100_alpha0p5,false_positive,100.0,0.0,0.5,92,20281212,1,False,0,0,1.0,1.0,1.0,1.0,1.0,25.158292000000415
fp_theta100_alpha0p5,false_positive,100.0,0.0,0.5,91,20281211,1,False,0,0,1.0,1.0,1.0,1.0,1.0,23.91279199999019
fp_theta100_alpha0p05,false_positive,100.0,0.0,0.05,2,20291122,1,False,0,0,1.0,1.0,1.0,1.0,1.0,22.38354100001061
fp_theta100_alpha0p05,false_positive,100.0,0.0,0.05,0,20291120,1,False,0,0,1.0,1.0,1.0,1.0,1.0,24.39166700000328
fp_theta100_alpha0p05,false_positive,100.0,0.0,0.05,1,20291121,1,False,0,0,1.0,1.0,1.0,1.0,1.0,22.97195900000304
fp_theta100_alpha0p5,false_positive,100.0,0.0,0.5,93,20281213,1,False,0,0,1.0,1.0,1.0,1.0,1.0,25.33616700000607
fp_theta100_alpha0p5,false_positive,100.0,0.0,0.5,95,20281215,1,False,0,0,1.0,1.0,1.0,1.0,1.0,28.91887500000223
fp_theta100_alpha0p5,false_positive,100.0,0.0,0.5,96,20281216,1,False,0,0,1.0,1.0,1.0,1.0,1.0,31.525041999998393
fp_theta100_alpha0p5,false_positive,100.0,0.0,0.5,94,20281214,1,False,0,0,1.0,1.0,1.0,1.0,1.0,32.178207999990605
fp_theta100_alpha0p05,false_positive,100.0,0.0,0.05,3,20291123,1,False,0,0,1.0,1.0,1.0,1.0,1.0,22.66362500000696
fp_theta100_alpha0p05,false_positive,100.0,0.0,0.05,4,20291124,1,False,0,0,1.0,1.0,1.0,1.0,1.0,25.717374999999265
fp_theta100_alpha0p5,false_positive,100.0,0.0,0.5,97,20281217,1,False,0,0,1.0,1.0,1.0,1.0,1.0,28.953666000006706
fp_theta100_alpha0p05,false_positive,100.0,0.0,0.05,5,20291125,1,False,0,0,1.0,1.0,1.0,1.0,1.0,28.919083999994655
fp_theta100_alpha0p5,false_positive,100.0,0.0,0.5,98,20281218,1,False,0,0,1.0,1.0,1.0,1.0,1.0,30.761959000003003
fp_theta100_alpha0p5,false_positive,100.0,0.0,0.5,99,20281219,1,False,0,0,1.0,1.0,1.0,1.0,1.0,31.360374999991336
fp_theta100_alpha0p05,false_positive,100.0,0.0,0.05,6,20291126,1,False,0,0,1.0,1.0,1.0,1.0,1.0,24.06949999999597
fp_theta100_alpha0p05,false_positive,100.0,0.0,0.05,7,20291127,1,False,0,0,1.0,1.0,1.0,1.0,1.0,25.17595900000913
fp_theta100_alpha0p05,false_positive,100.0,0.0,0.05,8,20291128,1,False,0,0,1.0,1.0,1.0,1.0,1.0,22.727000000003272
fp_theta100_alpha0p05,false_positive,100.0,0.0,0.05,11,20291131,1,False,0,0,1.0,1.0,1.0,1.0,1.0,23.725624999997308
fp_theta100_alpha0p05,false_positive,100.0,0.0,0.05,9,20291129,1,False,0,0,1.0,1.0,1.0,1.0,1.0,22.423375000002466
fp_theta100_alpha0p05,false_positive,100.0,0.0,0.05,10,20291130,1,False,0,0,1.0,1.0,1.0,1.0,1.0,23.209125000008157
fp_theta100_alpha0p05,false_positive,100.0,0.0,0.05,12,20291132,1,False,0,0,1.0,1.0,1.0,1.0,1.0,22.773707999988346
fp_theta100_alpha0p05,false_positive,100.0,0.0,0.05,14,20291134,1,False,0,0,1.0,1.0,1.0,1.0,1.0,32.06262499999468
fp_theta100_alpha0p05,false_positive,100.0,0.0,0.05,13,20291133,1,False,0,0,1.0,1.0,1.0,1.0,1.0,31.06033299999922
fp_theta100_alpha0p05,false_positive,100.0,0.0,0.05,15,20291135,1,False,0,0,1.0,1.0,1.0,1.0,1.0,27.224750000002018
fp_theta100_alpha0p05,false_positive,100.0,0.0,0.05,17,20291137,1,False,0,0,1.0,1.0,1.0,1.0,1.0,22.899082999998654
fp_theta100_alpha0p05,false_positive,100.0,0.0,0.05,16,20291136,1,False,0,0,1.0,1.0,1.0,1.0,1.0,28.446208000005413
fp_theta100_alpha0p05,false_positive,100.0,0.0,0.05,19,20291139,1,False,0,0,1.0,1.0,1.0,1.0,1.0,30.19870800000035
fp_theta100_alpha0p05,false_positive,100.0,0.0,0.05,20,20291140,1,False,0,0,1.0,1.0,1.0,1.0,1.0,30.7177079999974
fp_theta100_alpha0p05,false_positive,100.0,0.0,0.05,18,20291138,1,False,0,0,1.0,1.0,1.0,1.0,1.0,22.54983400000299
fp_theta100_alpha0p05,false_positive,100.0,0.0,0.05,23,20291143,1,False,0,0,1.0,1.0,1.0,1.0,1.0,22.48029199999735
fp_theta100_alpha0p05,false_positive,100.0,0.0,0.05,21,20291141,1,False,0,0,1.0,1.0,1.0,1.0,1.0,22.398291999991216
fp_theta100_alpha0p05,false_positive,100.0,0.0,0.05,22,20291142,1,False,0,0,1.0,1.0,1.0,1.0,1.0,24.789875000010397
fp_theta100_alpha0p05,false_positive,100.0,0.0,0.05,24,20291144,1,False,0,0,1.0,1.0,1.0,1.0,1.0,24.537874999992937
fp_theta100_alpha0p05,false_positive,100.0,0.0,0.05,27,20291147,1,False,0,0,1.0,1.0,1.0,1.0,1.0,24.613333999994325
fp_theta100_alpha0p05,false_positive,100.0,0.0,0.05,26,20291146,1,False,0,0,1.0,1.0,1.0,1.0,1.0,21.59429200000318
fp_theta100_alpha0p05,false_positive,100.0,0.0,0.05,28,20291148,1,False,0,0,1.0,1.0,1.0,1.0,1.0,23.701541999997744
fp_theta100_alpha0p05,false_positive,100.0,0.0,0.05,25,20291145,1,False,0,0,1.0,1.0,1.0,1.0,1.0,23.144375000001105
fp_theta100_alpha0p05,false_positive,100.0,0.0,0.05,30,20291150,1,False,0,0,1.0,1.0,1.0,1.0,1.0,22.28700000000572
fp_theta100_alpha0p05,false_positive,100.0,0.0,0.05,29,20291149,1,False,0,0,1.0,1.0,1.0,1.0,1.0,22.680792000002725
fp_theta100_alpha0p05,false_positive,100.0,0.0,0.05,31,20291151,1,False,0,0,1.0,1.0,1.0,1.0,1.0,21.937082999997415
fp_theta100_alpha0p05,false_positive,100.0,0.0,0.05,32,20291152,1,False,0,0,1.0,1.0,1.0,1.0,1.0,30.063999999995872
fp_theta100_alpha0p05,false_positive,100.0,0.0,0.05,33,20291153,1,False,0,0,1.0,1.0,1.0,1.0,1.0,29.979584000003
fp_theta100_alpha0p05,false_positive,100.0,0.0,0.05,34,20291154,1,False,0,0,1.0,1.0,1.0,1.0,1.0,22.970709000006195
fp_theta100_alpha0p05,false_positive,100.0,0.0,0.05,35,20291155,1,False,0,0,1.0,1.0,1.0,1.0,1.0,22.052833999993027
fp_theta100_alpha0p05,false_positive,100.0,0.0,0.05,36,20291156,1,False,0,0,1.0,1.0,1.0,1.0,1.0,23.475250000004166
fp_theta100_alpha0p05,false_positive,100.0,0.0,0.05,37,20291157,1,False,0,0,1.0,1.0,1.0,1.0,1.0,22.64629100000093
fp_theta100_alpha0p05,false_positive,100.0,0.0,0.05,38,20291158,1,False,0,0,1.0,1.0,1.0,1.0,1.0,22.82408300000327
fp_theta100_alpha0p05,false_positive,100.0,0.0,0.05,39,20291159,1,False,0,0,1.0,1.0,1.0,1.0,1.0,29.54795800000909
fp_theta100_alpha0p05,false_positive,100.0,0.0,0.05,40,20291160,1,False,0,0,1.0,1.0,1.0,1.0,1.0,29.526416999999583
fp_theta100_alpha0p05,false_positive,100.0,0.0,0.05,41,20291161,1,False,0,0,1.0,1.0,1.0,1.0,1.0,22.547834000008038
fp_theta100_alpha0p05,false_positive,100.0,0.0,0.05,42,20291162,1,False,0,0,1.0,1.0,1.0,1.0,1.0,23.380249999988223
fp_theta100_alpha0p05,false_positive,100.0,0.0,0.05,43,20291163,1,False,0,0,1.0,1.0,1.0,1.0,1.0,23.3670410000002
fp_theta100_alpha0p05,false_positive,100.0,0.0,0.05,44,20291164,1,False,0,0,1.0,1.0,1.0,1.0,1.0,24.647792000010327
fp_theta100_alpha0p05,false_positive,100.0,0.0,0.05,45,20291165,1,False,0,0,1.0,1.0,1.0,1.0,1.0,24.654334000004496
fp_theta100_alpha0p05,false_positive,100.0,0.0,0.05,46,20291166,1,False,0,0,1.0,1.0,1.0,1.0,1.0,25.036124999999743
fp_theta100_alpha0p05,false_positive,100.0,0.0,0.05,48,20291168,1,False,0,0,1.0,1.0,1.0,1.0,1.0,23.408832999990636
fp_theta100_alpha0p05,false_positive,100.0,0.0,0.05,49,20291169,1,False,0,0,1.0,1.0,1.0,1.0,1.0,31.715707999993015
fp_theta100_alpha0p05,false_positive,100.0,0.0,0.05,47,20291167,1,False,0,0,1.0,1.0,1.0,1.0,1.0,32.35837500000116
fp_theta100_alpha0p05,false_positive,100.0,0.0,0.05,50,20291170,1,False,0,0,1.0,1.0,1.0,1.0,1.0,28.05520900000147
fp_theta100_alpha0p05,false_positive,100.0,0.0,0.05,51,20291171,1,False,0,0,1.0,1.0,1.0,1.0,1.0,28.65345800000796
fp_theta100_alpha0p05,false_positive,100.0,0.0,0.05,53,20291173,1,False,0,0,1.0,1.0,1.0,1.0,1.0,26.117749999997386
fp_theta100_alpha0p05,false_positive,100.0,0.0,0.05,52,20291172,1,False,0,0,1.0,1.0,1.0,1.0,1.0,24.459542000002443
fp_theta100_alpha0p05,false_positive,100.0,0.0,0.05,57,20291177,1,False,0,0,1.0,1.0,1.0,1.0,1.0,31.596790999998348
fp_theta100_alpha0p05,false_positive,100.0,0.0,0.05,55,20291175,1,False,0,0,1.0,1.0,1.0,1.0,1.0,32.614291999990996
fp_theta100_alpha0p05,false_positive,100.0,0.0,0.05,54,20291174,1,False,0,0,1.0,1.0,1.0,1.0,1.0,33.450666000007345
fp_theta100_alpha0p05,false_positive,100.0,0.0,0.05,56,20291176,1,False,0,0,1.0,1.0,1.0,1.0,1.0,24.638416999991364
fp_theta100_alpha0p05,false_positive,100.0,0.0,0.05,58,20291178,1,False,0,0,1.0,1.0,1.0,1.0,1.0,22.424250000000256
fp_theta100_alpha0p05,false_positive,100.0,0.0,0.05,59,20291179,1,False,0,0,1.0,1.0,1.0,1.0,1.0,28.374708000001192
fp_theta100_alpha0p05,false_positive,100.0,0.0,0.05,60,20291180,1,False,0,0,1.0,1.0,1.0,1.0,1.0,23.64400000000444
fp_theta100_alpha0p05,false_positive,100.0,0.0,0.05,62,20291182,1,False,0,0,1.0,1.0,1.0,1.0,1.0,25.912374999990107
fp_theta100_alpha0p05,false_positive,100.0,0.0,0.05,61,20291181,1,False,0,0,1.0,1.0,1.0,1.0,1.0,25.36437499999522
fp_theta100_alpha0p05,false_positive,100.0,0.0,0.05,64,20291184,1,False,0,0,1.0,1.0,1.0,1.0,1.0,31.58333300000038
fp_theta100_alpha0p05,false_positive,100.0,0.0,0.05,63,20291183,1,False,0,0,1.0,1.0,1.0,1.0,1.0,32.006749999993644
fp_theta100_alpha0p05,false_positive,100.0,0.0,0.05,65,20291185,1,False,0,0,1.0,1.0,1.0,1.0,1.0,28.74404199999958
fp_theta100_alpha0p05,false_positive,100.0,0.0,0.05,68,20291188,1,False,0,0,1.0,1.0,1.0,1.0,1.0,28.0377910000027
fp_theta100_alpha0p05,false_positive,100.0,0.0,0.05,69,20291189,1,False,0,0,1.0,1.0,1.0,1.0,1.0,28.325082999998585
fp_theta100_alpha0p05,false_positive,100.0,0.0,0.05,67,20291187,1,False,0,0,1.0,1.0,1.0,1.0,1.0,31.09654099999659
fp_theta100_alpha0p05,false_positive,100.0,0.0,0.05,66,20291186,1,False,0,0,1.0,1.0,1.0,1.0,1.0,34.88533400000904
fp_theta100_alpha0p05,false_positive,100.0,0.0,0.05,70,20291190,1,False,0,0,1.0,1.0,1.0,1.0,1.0,25.523042000003215
fp_theta100_alpha0p05,false_positive,100.0,0.0,0.05,71,20291191,1,False,0,0,1.0,1.0,1.0,1.0,1.0,21.64537500000563
fp_theta100_alpha0p05,false_positive,100.0,0.0,0.05,72,20291192,1,False,0,0,1.0,1.0,1.0,1.0,1.0,27.193500000009863
fp_theta100_alpha0p05,false_positive,100.0,0.0,0.05,74,20291194,1,False,0,0,1.0,1.0,1.0,1.0,1.0,32.06587500000069
fp_theta100_alpha0p05,false_positive,100.0,0.0,0.05,73,20291193,1,False,0,0,1.0,1.0,1.0,1.0,1.0,32.16991700000449
fp_theta100_alpha0p05,false_positive,100.0,0.0,0.05,76,20291196,1,False,0,0,1.0,1.0,1.0,1.0,1.0,28.973915999998212
fp_theta100_alpha0p05,false_positive,100.0,0.0,0.05,75,20291195,1,False,0,0,1.0,1.0,1.0,1.0,1.0,29.116791999996394
fp_theta100_alpha0p05,false_positive,100.0,0.0,0.05,77,20291197,1,False,0,0,1.0,1.0,1.0,1.0,1.0,29.707541999997034
fp_theta100_alpha0p05,false_positive,100.0,0.0,0.05,78,20291198,1,False,0,0,1.0,1.0,1.0,1.0,1.0,32.37416599999676
fp_theta100_alpha0p05,false_positive,100.0,0.0,0.05,81,20291201,1,False,0,0,1.0,1.0,1.0,1.0,1.0,29.16774999999916
fp_theta100_alpha0p05,false_positive,100.0,0.0,0.05,80,20291200,1,False,0,0,1.0,1.0,1.0,1.0,1.0,27.878375000000233
fp_theta100_alpha0p05,false_positive,100.0,0.0,0.05,82,20291202,1,False,0,0,1.0,1.0,1.0,1.0,1.0,26.279833000003805
fp_theta100_alpha0p05,false_positive,100.0,0.0,0.05,79,20291199,1,False,0,0,1.0,1.0,1.0,1.0,1.0,25.35537499998952
fp_theta100_alpha0p05,false_positive,100.0,0.0,0.05,83,20291203,1,False,0,0,1.0,1.0,1.0,1.0,1.0,24.18358299999568
fp_theta100_alpha0p05,false_positive,100.0,0.0,0.05,84,20291204,1,False,0,0,1.0,1.0,1.0,1.0,1.0,23.79554199998779
fp_theta100_alpha0p05,false_positive,100.0,0.0,0.05,85,20291205,1,False,0,0,1.0,1.0,1.0,1.0,1.0,22.391500000011888
fp_theta100_alpha0p05,false_positive,100.0,0.0,0.05,86,20291206,1,False,0,0,1.0,1.0,1.0,1.0,1.0,24.76141700000767
fp_theta100_alpha0p05,false_positive,100.0,0.0,0.05,88,20291208,1,False,0,0,1.0,1.0,1.0,1.0,1.0,33.79187500000569
fp_theta100_alpha0p05,false_positive,100.0,0.0,0.05,91,20291211,1,False,0,0,1.0,1.0,1.0,1.0,1.0,32.911375000011844
fp_theta100_alpha0p05,false_positive,100.0,0.0,0.05,89,20291209,1,False,0,0,1.0,1.0,1.0,1.0,1.0,35.457917000002226
fp_theta100_alpha0p05,false_positive,100.0,0.0,0.05,87,20291207,1,False,0,0,1.0,1.0,1.0,1.0,1.0,37.383875000003286
fp_theta100_alpha0p05,false_positive,100.0,0.0,0.05,94,20291214,1,False,0,0,1.0,1.0,1.0,1.0,1.0,32.87687499999947
fp_theta100_alpha0p05,false_positive,100.0,0.0,0.05,90,20291210,1,False,0,0,1.0,1.0,1.0,1.0,1.0,33.146916000006854
fp_theta100_alpha0p05,false_positive,100.0,0.0,0.05,93,20291213,1,False,0,0,1.0,1.0,1.0,1.0,1.0,26.672375000003967
fp_theta100_alpha0p05,false_positive,100.0,0.0,0.05,92,20291212,1,False,0,0,1.0,1.0,1.0,1.0,1.0,23.993708999995533
fp_theta100_alpha0p05,false_positive,100.0,0.0,0.05,95,20291215,1,False,0,0,1.0,1.0,1.0,1.0,1.0,24.09670900000549
fp_theta100_alpha0p05,false_positive,100.0,0.0,0.05,96,20291216,1,False,0,0,1.0,1.0,1.0,1.0,1.0,22.414874999995504
fp_theta100_alpha0p05,false_positive,100.0,0.0,0.05,97,20291217,1,False,0,0,1.0,1.0,1.0,1.0,1.0,24.493292000002498
fp_theta100_alpha0p05,false_positive,100.0,0.0,0.05,98,20291218,1,False,0,0,1.0,1.0,1.0,1.0,1.0,26.1797080000008
fp_theta100_alpha0p05,false_positive,100.0,0.0,0.05,99,20291219,1,False,0,0,1.0,1.0,1.0,1.0,1.0,26.903916000009076
fp_theta200_alpha2p0,false_positive,200.0,0.0,2.0,3,20301123,1,False,0,0,1.0,1.0,1.0,1.0,1.0,29.173874999997906
fp_theta200_alpha2p0,false_positive,200.0,0.0,2.0,2,20301122,1,False,0,0,1.0,1.0,1.0,1.0,1.0,31.604667000010522
fp_theta200_alpha2p0,false_positive,200.0,0.0,2.0,1,20301121,1,False,0,0,1.0,1.0,1.0,1.0,1.0,31.381750000008424
fp_theta200_alpha2p0,false_positive,200.0,0.0,2.0,8,20301128,1,False,0,0,1.0,1.0,1.0,1.0,1.0,30.03712499999267
fp_theta200_alpha2p0,false_positive,200.0,0.0,2.0,0,20301120,1,False,0,0,1.0,1.0,1.0,1.0,1.0,34.71808400000498
fp_theta200_alpha2p0,false_positive,200.0,0.0,2.0,4,20301124,1,False,0,0,1.0,1.0,1.0,1.0,1.0,29.32541700000968
fp_theta200_alpha2p0,false_positive,200.0,0.0,2.0,9,20301129,1,False,0,0,1.0,1.0,1.0,1.0,1.0,26.819583999994734
fp_theta200_alpha2p0,false_positive,200.0,0.0,2.0,6,20301126,1,False,0,0,1.0,1.0,1.0,1.0,1.0,27.27229200000636
fp_theta200_alpha2p0,false_positive,200.0,0.0,2.0,5,20301125,1,False,0,0,1.0,1.0,1.0,1.0,1.0,28.643416000008415
fp_theta200_alpha2p0,false_positive,200.0,0.0,2.0,10,20301130,1,False,0,0,1.0,1.0,1.0,1.0,1.0,29.829249999991703
fp_theta200_alpha2p0,false_positive,200.0,0.0,2.0,7,20301127,1,False,0,0,1.0,1.0,1.0,1.0,1.0,34.81412499999692
fp_theta200_alpha2p0,false_positive,200.0,0.0,2.0,11,20301131,1,False,0,0,1.0,1.0,1.0,1.0,1.0,28.632208000004766
fp_theta200_alpha2p0,false_positive,200.0,0.0,2.0,15,20301135,1,False,0,0,1.0,1.0,1.0,1.0,1.0,25.484500000004573
fp_theta200_alpha2p0,false_positive,200.0,0.0,2.0,12,20301132,1,False,0,0,1.0,1.0,1.0,1.0,1.0,27.184708000007163
fp_theta200_alpha2p0,false_positive,200.0,0.0,2.0,19,20301139,1,False,0,0,1.0,1.0,1.0,1.0,1.0,26.241417000008482
fp_theta200_alpha2p0,false_positive,200.0,0.0,2.0,16,20301136,1,False,0,0,1.0,1.0,1.0,1.0,1.0,28.179249999993772
fp_theta200_alpha2p0,false_positive,200.0,0.0,2.0,13,20301133,1,False,0,0,1.0,1.0,1.0,1.0,1.0,29.856291999990958
fp_theta200_alpha2p0,false_positive,200.0,0.0,2.0,20,20301140,1,False,0,0,1.0,1.0,1.0,1.0,1.0,34.937749999997436
fp_theta200_alpha2p0,false_positive,200.0,0.0,2.0,17,20301137,1,False,0,0,1.0,1.0,1.0,1.0,1.0,36.15645799999356
fp_theta200_alpha2p0,false_positive,200.0,0.0,2.0,14,20301134,1,False,0,0,1.0,1.0,1.0,1.0,1.0,37.99020799999653
fp_theta200_alpha2p0,false_positive,200.0,0.0,2.0,18,20301138,1,False,0,0,1.0,1.0,1.0,1.0,1.0,40.26512500000479
fp_theta200_alpha2p0,false_positive,200.0,0.0,2.0,22,20301142,1,False,0,0,1.0,1.0,1.0,1.0,1.0,39.917000000002645
fp_theta200_alpha2p0,false_positive,200.0,0.0,2.0,23,20301143,1,False,0,0,1.0,1.0,1.0,1.0,1.0,36.88737500000627
fp_theta200_alpha2p0,false_positive,200.0,0.0,2.0,21,20301141,1,False,0,0,1.0,1.0,1.0,1.0,1.0,34.66387500000678
fp_theta200_alpha2p0,false_positive,200.0,0.0,2.0,24,20301144,1,False,0,0,1.0,1.0,1.0,1.0,1.0,30.492416999990724
fp_theta200_alpha2p0,false_positive,200.0,0.0,2.0,26,20301146,1,False,0,0,1.0,1.0,1.0,1.0,1.0,40.49012500000515
fp_theta200_alpha2p0,false_positive,200.0,0.0,2.0,25,20301145,1,False,0,0,1.0,1.0,1.0,1.0,1.0,33.28829199999461
fp_theta200_alpha2p0,false_positive,200.0,0.0,2.0,27,20301147,1,False,0,0,1.0,1.0,1.0,1.0,1.0,28.82220799999402
fp_theta200_alpha2p0,false_positive,200.0,0.0,2.0,28,20301148,1,False,0,0,1.0,1.0,1.0,1.0,1.0,33.477790999995705
fp_theta200_alpha2p0,false_positive,200.0,0.0,2.0,29,20301149,1,False,0,0,1.0,1.0,1.0,1.0,1.0,32.54233399999862
fp_theta200_alpha2p0,false_positive,200.0,0.0,2.0,32,20301152,1,False,0,0,1.0,1.0,1.0,1.0,1.0,30.253749999999968
fp_theta200_alpha2p0,false_positive,200.0,0.0,2.0,33,20301153,1,False,0,0,1.0,1.0,1.0,1.0,1.0,25.914833000001636
fp_theta200_alpha2p0,false_positive,200.0,0.0,2.0,31,20301151,1,False,0,0,1.0,1.0,1.0,1.0,1.0,31.606499999995208
fp_theta200_alpha2p0,false_positive,200.0,0.0,2.0,30,20301150,1,False,0,0,1.0,1.0,1.0,1.0,1.0,33.62608400000511
fp_theta200_alpha2p0,false_positive,200.0,0.0,2.0,34,20301154,1,False,0,0,1.0,1.0,1.0,1.0,1.0,29.815291000005573
fp_theta200_alpha2p0,false_positive,200.0,0.0,2.0,35,20301155,1,False,0,0,1.0,1.0,1.0,1.0,1.0,26.631041000001687
fp_theta200_alpha2p0,false_positive,200.0,0.0,2.0,36,20301156,1,False,0,0,1.0,1.0,1.0,1.0,1.0,34.474375000002055
fp_theta200_alpha2p0,false_positive,200.0,0.0,2.0,39,20301159,1,False,0,0,1.0,1.0,1.0,1.0,1.0,28.601082999998084
fp_theta200_alpha2p0,false_positive,200.0,0.0,2.0,41,20301161,1,False,0,0,1.0,1.0,1.0,1.0,1.0,28.923499999990554
fp_theta200_alpha2p0,false_positive,200.0,0.0,2.0,38,20301158,1,False,0,0,1.0,1.0,1.0,1.0,1.0,31.713457999998695
fp_theta200_alpha2p0,false_positive,200.0,0.0,2.0,37,20301157,1,False,0,0,1.0,1.0,1.0,1.0,1.0,31.040665999995554
fp_theta200_alpha2p0,false_positive,200.0,0.0,2.0,40,20301160,1,False,0,0,1.0,1.0,1.0,1.0,1.0,33.62275000000636
fp_theta200_alpha2p0,false_positive,200.0,0.0,2.0,43,20301163,1,False,0,0,1.0,1.0,1.0,1.0,1.0,33.830542000004016
fp_theta200_alpha2p0,false_positive,200.0,0.0,2.0,42,20301162,1,False,0,0,1.0,1.0,1.0,1.0,1.0,29.229791999995314
fp_theta200_alpha2p0,false_positive,200.0,0.0,2.0,45,20301165,1,False,0,0,1.0,1.0,1.0,1.0,1.0,25.81862499999943
fp_theta200_alpha2p0,false_positive,200.0,0.0,2.0,44,20301164,1,False,0,0,1.0,1.0,1.0,1.0,1.0,29.211374999988493
fp_theta200_alpha2p0,false_positive,200.0,0.0,2.0,47,20301167,1,False,0,0,1.0,1.0,1.0,1.0,1.0,27.625874999998246
fp_theta200_alpha2p0,false_positive,200.0,0.0,2.0,46,20301166,1,False,0,0,1.0,1.0,1.0,1.0,1.0,30.36008399999446
fp_theta200_alpha2p0,false_positive,200.0,0.0,2.0,48,20301168,1,False,0,0,1.0,1.0,1.0,1.0,1.0,28.909291000005055
fp_theta200_alpha2p0,false_positive,200.0,0.0,2.0,53,20301173,1,False,0,0,1.0,1.0,1.0,1.0,1.0,38.833457999999155
fp_theta200_alpha2p0,false_positive,200.0,0.0,2.0,51,20301171,1,False,0,0,1.0,1.0,1.0,1.0,1.0,40.48500000000388
fp_theta200_alpha2p0,false_positive,200.0,0.0,2.0,56,20301176,1,False,0,0,1.0,1.0,1.0,1.0,1.0,29.342708000001494
fp_theta200_alpha2p0,false_positive,200.0,0.0,2.0,49,20301169,1,False,0,0,1.0,1.0,1.0,1.0,1.0,43.35004099999651
fp_theta200_alpha2p0,false_positive,200.0,0.0,2.0,50,20301170,1,False,0,0,1.0,1.0,1.0,1.0,1.0,41.03454200000556
fp_theta200_alpha2p0,false_positive,200.0,0.0,2.0,54,20301174,1,False,0,0,1.0,1.0,1.0,1.0,1.0,28.567749999993453
fp_theta200_alpha2p0,false_positive,200.0,0.0,2.0,52,20301172,1,False,0,0,1.0,1.0,1.0,1.0,1.0,28.6278330000016
fp_theta200_alpha2p0,false_positive,200.0,0.0,2.0,55,20301175,1,False,0,0,1.0,1.0,1.0,1.0,1.0,29.095416999993517
fp_theta200_alpha2p0,false_positive,200.0,0.0,2.0,59,20301179,1,False,0,0,1.0,1.0,1.0,1.0,1.0,26.837291999996182
fp_theta200_alpha2p0,false_positive,200.0,0.0,2.0,57,20301177,1,False,0,0,1.0,1.0,1.0,1.0,1.0,26.643000000007078
fp_theta200_alpha2p0,false_positive,200.0,0.0,2.0,58,20301178,1,False,0,0,1.0,1.0,1.0,1.0,1.0,29.211791999998127
fp_theta200_alpha2p0,false_positive,200.0,0.0,2.0,60,20301180,1,False,0,0,1.0,1.0,1.0,1.0,1.0,29.774957999990193
fp_theta200_alpha2p0,false_positive,200.0,0.0,2.0,66,20301186,1,False,0,0,1.0,1.0,1.0,1.0,1.0,27.07225000000335
fp_theta200_alpha2p0,false_positive,200.0,0.0,2.0,65,20301185,1,False,0,0,1.0,1.0,1.0,1.0,1.0,30.54958299999555
fp_theta200_alpha2p0,false_positive,200.0,0.0,2.0,64,20301184,1,False,0,0,1.0,1.0,1.0,1.0,1.0,28.86591600000088
fp_theta200_alpha2p0,false_positive,200.0,0.0,2.0,67,20301187,1,False,0,0,1.0,1.0,1.0,1.0,1.0,29.2622910000091
fp_theta200_alpha2p0,false_positive,200.0,0.0,2.0,61,20301181,1,False,0,0,1.0,1.0,1.0,1.0,1.0,37.59183399999699
fp_theta200_alpha2p0,false_positive,200.0,0.0,2.0,63,20301183,1,False,0,0,1.0,1.0,1.0,1.0,1.0,35.26645800000949
fp_theta200_alpha2p0,false_positive,200.0,0.0,2.0,62,20301182,1,False,0,0,1.0,1.0,1.0,1.0,1.0,30.963541000005534
fp_theta200_alpha2p0,false_positive,200.0,0.0,2.0,69,20301189,1,False,0,0,1.0,1.0,1.0,1.0,1.0,24.902124999997
fp_theta200_alpha2p0,false_positive,200.0,0.0,2.0,71,20301191,1,False,0,0,1.0,1.0,1.0,1.0,1.0,26.685416000006512
fp_theta200_alpha2p0,false_positive,200.0,0.0,2.0,68,20301188,1,False,0,0,1.0,1.0,1.0,1.0,1.0,28.842584000003058
fp_theta200_alpha2p0,false_positive,200.0,0.0,2.0,70,20301190,1,False,0,0,1.0,1.0,1.0,1.0,1.0,28.215125000002672
fp_theta200_alpha2p0,false_positive,200.0,0.0,2.0,73,20301193,1,False,0,0,1.0,1.0,1.0,1.0,1.0,25.09870800000158
fp_theta200_alpha2p0,false_positive,200.0,0.0,2.0,72,20301192,1,False,0,0,1.0,1.0,1.0,1.0,1.0,29.4957079999989
fp_theta200_alpha2p0,false_positive,200.0,0.0,2.0,76,20301196,1,False,0,0,1.0,1.0,1.0,1.0,1.0,26.741708000002973
fp_theta200_alpha2p0,false_positive,200.0,0.0,2.0,75,20301195,1,False,0,0,1.0,1.0,1.0,1.0,1.0,37.969541999999024
fp_theta200_alpha2p0,false_positive,200.0,0.0,2.0,78,20301198,1,False,0,0,1.0,1.0,1.0,1.0,1.0,37.17462500000579
fp_theta200_alpha2p0,false_positive,200.0,0.0,2.0,74,20301194,1,False,0,0,1.0,1.0,1.0,1.0,1.0,36.51904199999478
fp_theta200_alpha2p0,false_positive,200.0,0.0,2.0,77,20301197,1,False,0,0,1.0,1.0,1.0,1.0,1.0,30.457624999996824
fp_theta200_alpha2p0,false_positive,200.0,0.0,2.0,80,20301200,1,False,0,0,1.0,1.0,1.0,1.0,1.0,28.416000000007102
fp_theta200_alpha2p0,false_positive,200.0,0.0,2.0,79,20301199,1,False,0,0,1.0,1.0,1.0,1.0,1.0,26.4848750000084
fp_theta200_alpha2p0,false_positive,200.0,0.0,2.0,81,20301201,1,False,0,0,1.0,1.0,1.0,1.0,1.0,29.12508299999672
fp_theta200_alpha2p0,false_positive,200.0,0.0,2.0,82,20301202,1,False,0,0,1.0,1.0,1.0,1.0,1.0,27.044791000008672
fp_theta200_alpha2p0,false_positive,200.0,0.0,2.0,83,20301203,1,False,0,0,1.0,1.0,1.0,1.0,1.0,28.803999999993835
fp_theta200_alpha2p0,false_positive,200.0,0.0,2.0,85,20301205,1,False,0,0,1.0,1.0,1.0,1.0,1.0,25.737040999999294
fp_theta200_alpha2p0,false_positive,200.0,0.0,2.0,86,20301206,1,False,0,0,1.0,1.0,1.0,1.0,1.0,26.237207999997736
fp_theta200_alpha2p0,false_positive,200.0,0.0,2.0,84,20301204,1,False,0,0,1.0,1.0,1.0,1.0,1.0,29.84504200000515
fp_theta200_alpha2p0,false_positive,200.0,0.0,2.0,87,20301207,1,False,0,0,1.0,1.0,1.0,1.0,1.0,25.601584000000344
fp_theta200_alpha2p0,false_positive,200.0,0.0,2.0,92,20301212,1,False,0,0,1.0,1.0,1.0,1.0,1.0,26.20845799999927
fp_theta200_alpha2p0,false_positive,200.0,0.0,2.0,91,20301211,1,False,0,0,1.0,1.0,1.0,1.0,1.0,31.358999999994808
fp_theta200_alpha2p0,false_positive,200.0,0.0,2.0,90,20301210,1,False,0,0,1.0,1.0,1.0,1.0,1.0,27.621999999993818
fp_theta200_alpha2p0,false_positive,200.0,0.0,2.0,88,20301208,1,False,0,0,1.0,1.0,1.0,1.0,1.0,30.701209000000063
fp_theta200_alpha2p0,false_positive,200.0,0.0,2.0,89,20301209,1,False,0,0,1.0,1.0,1.0,1.0,1.0,29.740875000001665
fp_theta200_alpha2p0,false_positive,200.0,0.0,2.0,94,20301214,1,False,0,0,1.0,1.0,1.0,1.0,1.0,23.752166999997826
fp_theta200_alpha2p0,false_positive,200.0,0.0,2.0,93,20301213,1,False,0,0,1.0,1.0,1.0,1.0,1.0,24.842125000006376
fp_theta200_alpha2p0,false_positive,200.0,0.0,2.0,96,20301216,1,False,0,0,1.0,1.0,1.0,1.0,1.0,26.980709000000047
fp_theta200_alpha2p0,false_positive,200.0,0.0,2.0,95,20301215,1,False,0,0,1.0,1.0,1.0,1.0,1.0,29.70629200000019
fp_theta200_alpha2p0,false_positive,200.0,0.0,2.0,97,20301217,1,False,0,0,1.0,1.0,1.0,1.0,1.0,30.44258400001354
fp_theta200_alpha2p0,false_positive,200.0,0.0,2.0,98,20301218,1,False,0,0,1.0,1.0,1.0,1.0,1.0,33.322207999987086
fp_theta200_alpha0p5,false_positive,200.0,0.0,0.5,3,20311123,1,False,0,0,1.0,1.0,1.0,1.0,1.0,25.6534170000009
fp_theta200_alpha2p0,false_positive,200.0,0.0,2.0,99,20301219,1,False,0,0,1.0,1.0,1.0,1.0,1.0,28.627999999997655
fp_theta200_alpha0p5,false_positive,200.0,0.0,0.5,1,20311121,1,False,0,0,1.0,1.0,1.0,1.0,1.0,31.773209000007796
fp_theta200_alpha0p5,false_positive,200.0,0.0,0.5,0,20311120,1,False,0,0,1.0,1.0,1.0,1.0,1.0,33.25037499999439
fp_theta200_alpha0p5,false_positive,200.0,0.0,0.5,2,20311122,1,False,0,0,1.0,1.0,1.0,1.0,1.0,32.19358300000863
fp_theta200_alpha0p5,false_positive,200.0,0.0,0.5,4,20311124,1,False,0,0,1.0,1.0,1.0,1.0,1.0,28.583083000000897
fp_theta200_alpha0p5,false_positive,200.0,0.0,0.5,6,20311126,1,False,0,0,1.0,1.0,1.0,1.0,1.0,27.689791999989666
fp_theta200_alpha0p5,false_positive,200.0,0.0,0.5,5,20311125,1,False,0,0,1.0,1.0,1.0,1.0,1.0,27.203416000006087
fp_theta200_alpha0p5,false_positive,200.0,0.0,0.5,7,20311127,1,False,0,0,1.0,1.0,1.0,1.0,1.0,23.71100000000581
fp_theta200_alpha0p5,false_positive,200.0,0.0,0.5,8,20311128,1,False,0,0,1.0,1.0,1.0,1.0,1.0,27.46620899999641
fp_theta200_alpha0p5,false_positive,200.0,0.0,0.5,10,20311130,1,False,0,0,1.0,1.0,1.0,1.0,1.0,24.458749999993756
fp_theta200_alpha0p5,false_positive,200.0,0.0,0.5,9,20311129,1,False,0,0,1.0,1.0,1.0,1.0,1.0,22.86424999999781
fp_theta200_alpha0p5,false_positive,200.0,0.0,0.5,12,20311132,1,False,0,0,1.0,1.0,1.0,1.0,1.0,24.239457999996716
fp_theta200_alpha0p5,false_positive,200.0,0.0,0.5,13,20311133,1,False,0,0,1.0,1.0,1.0,1.0,1.0,31.262624999996547
fp_theta200_alpha0p5,false_positive,200.0,0.0,0.5,11,20311131,1,False,0,0,1.0,1.0,1.0,1.0,1.0,37.795249999987846
fp_theta200_alpha0p5,false_positive,200.0,0.0,0.5,14,20311134,1,False,0,0,1.0,1.0,1.0,1.0,1.0,30.12187500000607
fp_theta200_alpha0p5,false_positive,200.0,0.0,0.5,15,20311135,1,False,0,0,1.0,1.0,1.0,1.0,1.0,25.773374999999987
fp_theta200_alpha0p5,false_positive,200.0,0.0,0.5,18,20311138,1,False,0,0,1.0,1.0,1.0,1.0,1.0,27.73133300000552
fp_theta200_alpha0p5,false_positive,200.0,0.0,0.5,17,20311137,1,False,0,0,1.0,1.0,1.0,1.0,1.0,28.586916000008955
fp_theta200_alpha0p5,false_positive,200.0,0.0,0.5,16,20311136,1,False,0,0,1.0,1.0,1.0,1.0,1.0,27.307458999999312
fp_theta200_alpha0p5,false_positive,200.0,0.0,0.5,19,20311139,1,False,0,0,1.0,1.0,1.0,1.0,1.0,27.259208999993234
fp_theta200_alpha0p5,false_positive,200.0,0.0,0.5,21,20311141,1,False,0,0,1.0,1.0,1.0,1.0,1.0,25.897000000000503
fp_theta200_alpha0p5,false_positive,200.0,0.0,0.5,20,20311140,1,False,0,0,1.0,1.0,1.0,1.0,1.0,24.68912500000897
fp_theta200_alpha0p5,false_positive,200.0,0.0,0.5,25,20311145,1,False,0,0,1.0,1.0,1.0,1.0,1.0,25.11350000000334
fp_theta200_alpha0p5,false_positive,200.0,0.0,0.5,23,20311143,1,True,0,1,0.0,0.0,0.0,0.0,0.0,28.402666999994608
fp_theta200_alpha0p5,false_positive,200.0,0.0,0.5,22,20311142,1,False,0,0,1.0,1.0,1.0,1.0,1.0,26.61420799999803
fp_theta200_alpha0p5,false_positive,200.0,0.0,0.5,26,20311146,1,False,0,0,1.0,1.0,1.0,1.0,1.0,24.87029200000279
fp_theta200_alpha0p5,false_positive,200.0,0.0,0.5,24,20311144,1,False,0,0,1.0,1.0,1.0,1.0,1.0,23.98883399999363
fp_theta200_alpha0p5,false_positive,200.0,0.0,0.5,27,20311147,1,False,0,0,1.0,1.0,1.0,1.0,1.0,26.15483300000676
fp_theta200_alpha0p5,false_positive,200.0,0.0,0.5,31,20311151,1,False,0,0,1.0,1.0,1.0,1.0,1.0,26.690082999991205
fp_theta200_alpha0p5,false_positive,200.0,0.0,0.5,28,20311148,1,False,0,0,1.0,1.0,1.0,1.0,1.0,26.875167000000033
fp_theta200_alpha0p5,false_positive,200.0,0.0,0.5,30,20311150,1,False,0,0,1.0,1.0,1.0,1.0,1.0,26.398000000000366
fp_theta200_alpha0p5,false_positive,200.0,0.0,0.5,29,20311149,1,False,0,0,1.0,1.0,1.0,1.0,1.0,27.219875000000116
fp_theta200_alpha0p5,false_positive,200.0,0.0,0.5,35,20311155,1,False,0,0,1.0,1.0,1.0,1.0,1.0,28.01387499999919
fp_theta200_alpha0p5,false_positive,200.0,0.0,0.5,33,20311153,1,False,0,0,1.0,1.0,1.0,1.0,1.0,24.276291999996147
fp_theta200_alpha0p5,false_positive,200.0,0.0,0.5,34,20311154,1,False,0,0,1.0,1.0,1.0,1.0,1.0,24.80800000000727
fp_theta200_alpha0p5,false_positive,200.0,0.0,0.5,36,20311156,1,False,0,0,1.0,1.0,1.0,1.0,1.0,23.673916999996436
fp_theta200_alpha0p5,false_positive,200.0,0.0,0.5,32,20311152,1,False,0,0,1.0,1.0,1.0,1.0,1.0,28.498374999998077
fp_theta200_alpha0p5,false_positive,200.0,0.0,0.5,38,20311158,1,False,0,0,1.0,1.0,1.0,1.0,1.0,24.621209000002864
fp_theta200_alpha0p5,false_positive,200.0,0.0,0.5,37,20311157,1,False,0,0,1.0,1.0,1.0,1.0,1.0,26.907792000002928
fp_theta200_alpha0p5,false_positive,200.0,0.0,0.5,41,20311161,1,False,0,0,1.0,1.0,1.0,1.0,1.0,29.089624999997454
fp_theta200_alpha0p5,false_positive,200.0,0.0,0.5,39,20311159,1,False,0,0,1.0,1.0,1.0,1.0,1.0,32.51062500000046
fp_theta200_alpha0p5,false_positive,200.0,0.0,0.5,40,20311160,1,False,0,0,1.0,1.0,1.0,1.0,1.0,31.856541999999877
fp_theta200_alpha0p5,false_positive,200.0,0.0,0.5,42,20311162,1,False,0,0,1.0,1.0,1.0,1.0,1.0,26.264459000003626
fp_theta200_alpha0p5,false_positive,200.0,0.0,0.5,45,20311165,1,False,0,0,1.0,1.0,1.0,1.0,1.0,25.047250000000076
fp_theta200_alpha0p5,false_positive,200.0,0.0,0.5,43,20311163,1,False,0,0,1.0,1.0,1.0,1.0,1.0,26.20824999999627
fp_theta200_alpha0p5,false_positive,200.0,0.0,0.5,44,20311164,1,False,0,0,1.0,1.0,1.0,1.0,1.0,24.95641699999851
fp_theta200_alpha0p5,false_positive,200.0,0.0,0.5,46,20311166,1,False,0,0,1.0,1.0,1.0,1.0,1.0,28.738958000005255
fp_theta200_alpha0p5,false_positive,200.0,0.0,0.5,47,20311167,1,False,0,0,1.0,1.0,1.0,1.0,1.0,28.805124999990994
fp_theta200_alpha0p5,false_positive,200.0,0.0,0.5,49,20311169,1,False,0,0,1.0,1.0,1.0,1.0,1.0,25.298708999997643
fp_theta200_alpha0p5,false_positive,200.0,0.0,0.5,48,20311168,1,False,0,0,1.0,1.0,1.0,1.0,1.0,29.23075000001063
fp_theta200_alpha0p5,false_positive,200.0,0.0,0.5,50,20311170,1,False,0,0,1.0,1.0,1.0,1.0,1.0,31.090790999996898
fp_theta200_alpha0p5,false_positive,200.0,0.0,0.5,53,20311173,1,False,0,0,1.0,1.0,1.0,1.0,1.0,26.598042000003375
fp_theta200_alpha0p5,false_positive,200.0,0.0,0.5,57,20311177,1,False,0,0,1.0,1.0,1.0,1.0,1.0,23.958874999991053
fp_theta200_alpha0p5,false_positive,200.0,0.0,0.5,56,20311176,1,False,0,0,1.0,1.0,1.0,1.0,1.0,27.354875000000334
fp_theta200_alpha0p5,false_positive,200.0,0.0,0.5,51,20311171,1,False,0,0,1.0,1.0,1.0,1.0,1.0,29.70374999999592
fp_theta200_alpha0p5,false_positive,200.0,0.0,0.5,52,20311172,1,False,0,0,1.0,1.0,1.0,1.0,1.0,27.525500000010084
fp_theta200_alpha0p5,false_positive,200.0,0.0,0.5,54,20311174,1,False,0,0,1.0,1.0,1.0,1.0,1.0,27.6929999999993
fp_theta200_alpha0p5,false_positive,200.0,0.0,0.5,55,20311175,1,False,0,0,1.0,1.0,1.0,1.0,1.0,27.364957999992612
fp_theta200_alpha0p5,false_positive,200.0,0.0,0.5,58,20311178,1,False,0,0,1.0,1.0,1.0,1.0,1.0,27.642000000000166
fp_theta200_alpha0p5,false_positive,200.0,0.0,0.5,59,20311179,1,False,0,0,1.0,1.0,1.0,1.0,1.0,32.50308399999824
fp_theta200_alpha0p5,false_positive,200.0,0.0,0.5,61,20311181,1,False,0,0,1.0,1.0,1.0,1.0,1.0,39.82874999999808
fp_theta200_alpha0p5,false_positive,200.0,0.0,0.5,60,20311180,1,False,0,0,1.0,1.0,1.0,1.0,1.0,43.32499999999584
fp_theta200_alpha0p5,false_positive,200.0,0.0,0.5,64,20311184,1,False,0,0,1.0,1.0,1.0,1.0,1.0,31.225624999990487
fp_theta200_alpha0p5,false_positive,200.0,0.0,0.5,63,20311183,1,False,0,0,1.0,1.0,1.0,1.0,1.0,30.535666999995215
fp_theta200_alpha0p5,false_positive,200.0,0.0,0.5,62,20311182,1,False,0,0,1.0,1.0,1.0,1.0,1.0,36.33550000000696
fp_theta200_alpha0p5,false_positive,200.0,0.0,0.5,66,20311186,1,False,0,0,1.0,1.0,1.0,1.0,1.0,44.320208000002026
fp_theta200_alpha0p5,false_positive,200.0,0.0,0.5,67,20311187,1,False,0,0,1.0,1.0,1.0,1.0,1.0,45.93475000000069
fp_theta200_alpha0p5,false_positive,200.0,0.0,0.5,65,20311185,1,False,0,0,1.0,1.0,1.0,1.0,1.0,39.6918750000026
fp_theta200_alpha0p5,false_positive,200.0,0.0,0.5,69,20311189,1,False,0,0,1.0,1.0,1.0,1.0,1.0,44.757666999998946
fp_theta200_alpha0p5,false_positive,200.0,0.0,0.5,68,20311188,1,False,0,0,1.0,1.0,1.0,1.0,1.0,32.24229199999229
fp_theta200_alpha0p5,false_positive,200.0,0.0,0.5,74,20311194,1,False,0,0,1.0,1.0,1.0,1.0,1.0,29.795374999991964
fp_theta200_alpha0p5,false_positive,200.0,0.0,0.5,70,20311190,1,False,0,0,1.0,1.0,1.0,1.0,1.0,31.21324999999331
fp_theta200_alpha0p5,false_positive,200.0,0.0,0.5,71,20311191,1,False,0,0,1.0,1.0,1.0,1.0,1.0,32.80816699999889
fp_theta200_alpha0p5,false_positive,200.0,0.0,0.5,73,20311193,1,False,0,0,1.0,1.0,1.0,1.0,1.0,31.56024999999829
fp_theta200_alpha0p5,false_positive,200.0,0.0,0.5,78,20311198,1,False,0,0,1.0,1.0,1.0,1.0,1.0,26.133791000006568
fp_theta200_alpha0p5,false_positive,200.0,0.0,0.5,75,20311195,1,False,0,0,1.0,1.0,1.0,1.0,1.0,29.891833999997175
fp_theta200_alpha0p5,false_positive,200.0,0.0,0.5,72,20311192,1,False,0,0,1.0,1.0,1.0,1.0,1.0,28.533374999994976
fp_theta200_alpha0p5,false_positive,200.0,0.0,0.5,76,20311196,1,False,0,0,1.0,1.0,1.0,1.0,1.0,28.851375000002122
fp_theta200_alpha0p5,false_positive,200.0,0.0,0.5,79,20311199,1,False,0,0,1.0,1.0,1.0,1.0,1.0,34.505916000000525
fp_theta200_alpha0p5,false_positive,200.0,0.0,0.5,77,20311197,1,False,0,0,1.0,1.0,1.0,1.0,1.0,30.183249999993222
fp_theta200_alpha0p5,false_positive,200.0,0.0,0.5,81,20311201,1,False,0,0,1.0,1.0,1.0,1.0,1.0,32.50645800000029
fp_theta200_alpha0p5,false_positive,200.0,0.0,0.5,86,20311206,1,False,0,0,1.0,1.0,1.0,1.0,1.0,38.24600000000089
fp_theta200_alpha0p5,false_positive,200.0,0.0,0.5,80,20311200,1,False,0,0,1.0,1.0,1.0,1.0,1.0,40.90412499999729
fp_theta200_alpha0p5,false_positive,200.0,0.0,0.5,82,20311202,1,False,0,0,1.0,1.0,1.0,1.0,1.0,34.57341700000427
fp_theta200_alpha0p5,false_positive,200.0,0.0,0.5,85,20311205,1,False,0,0,1.0,1.0,1.0,1.0,1.0,28.246207999998774
fp_theta200_alpha0p5,false_positive,200.0,0.0,0.5,84,20311204,1,False,0,0,1.0,1.0,1.0,1.0,1.0,27.52850000000251
fp_theta200_alpha0p5,false_positive,200.0,0.0,0.5,88,20311208,1,False,0,0,1.0,1.0,1.0,1.0,1.0,25.377707999993504
fp_theta200_alpha0p5,false_positive,200.0,0.0,0.5,87,20311207,1,False,0,0,1.0,1.0,1.0,1.0,1.0,25.413374999999405
fp_theta200_alpha0p5,false_positive,200.0,0.0,0.5,83,20311203,1,False,0,0,1.0,1.0,1.0,1.0,1.0,29.653791000001206
fp_theta200_alpha0p5,false_positive,200.0,0.0,0.5,90,20311210,1,False,0,0,1.0,1.0,1.0,1.0,1.0,27.94904199998882
fp_theta200_alpha0p5,false_positive,200.0,0.0,0.5,89,20311209,1,False,0,0,1.0,1.0,1.0,1.0,1.0,25.804125000007616
fp_theta200_alpha0p5,false_positive,200.0,0.0,0.5,91,20311211,1,False,0,0,1.0,1.0,1.0,1.0,1.0,27.58358299999486
fp_theta200_alpha0p05,false_positive,200.0,0.0,0.05,0,20321120,1,False,0,0,1.0,1.0,1.0,1.0,1.0,23.943125000002397
fp_theta200_alpha0p5,false_positive,200.0,0.0,0.5,92,20311212,1,False,0,0,1.0,1.0,1.0,1.0,1.0,27.05729200000917
fp_theta200_alpha0p5,false_positive,200.0,0.0,0.5,94,20311214,1,False,0,0,1.0,1.0,1.0,1.0,1.0,26.191916000001925
fp_theta200_alpha0p5,false_positive,200.0,0.0,0.5,96,20311216,1,False,0,0,1.0,1.0,1.0,1.0,1.0,25.056583999997883
fp_theta200_alpha0p5,false_positive,200.0,0.0,0.5,93,20311213,1,False,0,0,1.0,1.0,1.0,1.0,1.0,29.585249999996677
fp_theta200_alpha0p05,false_positive,200.0,0.0,0.05,2,20321122,1,False,0,0,1.0,1.0,1.0,1.0,1.0,26.57637500000476
fp_theta200_alpha0p05,false_positive,200.0,0.0,0.05,1,20321121,1,False,0,0,1.0,1.0,1.0,1.0,1.0,25.31229100000587
fp_theta200_alpha0p5,false_positive,200.0,0.0,0.5,95,20311215,1,False,0,0,1.0,1.0,1.0,1.0,1.0,28.498584000004712
fp_theta200_alpha0p5,false_positive,200.0,0.0,0.5,99,20311219,1,False,0,0,1.0,1.0,1.0,1.0,1.0,27.72458299999414
fp_theta200_alpha0p5,false_positive,200.0,0.0,0.5,97,20311217,1,False,0,0,1.0,1.0,1.0,1.0,1.0,90.60629200000392
fp_theta200_alpha0p05,false_positive,200.0,0.0,0.05,4,20321124,1,False,0,0,1.0,1.0,1.0,1.0,1.0,35.50025000001256
fp_theta200_alpha0p05,false_positive,200.0,0.0,0.05,3,20321123,1,False,0,0,1.0,1.0,1.0,1.0,1.0,37.1543330000037
fp_theta200_alpha0p5,false_positive,200.0,0.0,0.5,98,20311218,1,False,0,0,1.0,1.0,1.0,1.0,1.0,97.35245800000314
fp_theta200_alpha0p05,false_positive,200.0,0.0,0.05,6,20321126,1,False,0,0,1.0,1.0,1.0,1.0,1.0,23.253583999988336
fp_theta200_alpha0p05,false_positive,200.0,0.0,0.05,7,20321127,1,False,0,0,1.0,1.0,1.0,1.0,1.0,26.687500000008413
fp_theta200_alpha0p05,false_positive,200.0,0.0,0.05,5,20321125,1,False,0,0,1.0,1.0,1.0,1.0,1.0,28.22887500001059
fp_theta200_alpha0p05,false_positive,200.0,0.0,0.05,8,20321128,1,False,0,0,1.0,1.0,1.0,1.0,1.0,26.984874999996578
fp_theta200_alpha0p05,false_positive,200.0,0.0,0.05,10,20321130,1,False,0,0,1.0,1.0,1.0,1.0,1.0,24.465165999998817
fp_theta200_alpha0p05,false_positive,200.0,0.0,0.05,9,20321129,1,False,0,0,1.0,1.0,1.0,1.0,1.0,23.22587499999429
fp_theta200_alpha0p05,false_positive,200.0,0.0,0.05,11,20321131,1,False,0,0,1.0,1.0,1.0,1.0,1.0,22.762834000005228
fp_theta200_alpha0p05,false_positive,200.0,0.0,0.05,12,20321132,1,False,0,0,1.0,1.0,1.0,1.0,1.0,20.593750000003297
fp_theta200_alpha0p05,false_positive,200.0,0.0,0.05,16,20321136,1,False,0,0,1.0,1.0,1.0,1.0,1.0,22.73033299999838
fp_theta200_alpha0p05,false_positive,200.0,0.0,0.05,15,20321135,1,False,0,0,1.0,1.0,1.0,1.0,1.0,27.70966700001054
fp_theta200_alpha0p05,false_positive,200.0,0.0,0.05,13,20321133,1,False,0,0,1.0,1.0,1.0,1.0,1.0,28.032957999997166
fp_theta200_alpha0p05,false_positive,200.0,0.0,0.05,14,20321134,1,False,0,0,1.0,1.0,1.0,1.0,1.0,23.48524999999313
fp_theta200_alpha0p05,false_positive,200.0,0.0,0.05,21,20321141,1,False,0,0,1.0,1.0,1.0,1.0,1.0,23.773916999999756
fp_theta200_alpha0p05,false_positive,200.0,0.0,0.05,17,20321137,1,False,0,0,1.0,1.0,1.0,1.0,1.0,24.45783400000323
fp_theta200_alpha0p05,false_positive,200.0,0.0,0.05,19,20321139,1,False,0,0,1.0,1.0,1.0,1.0,1.0,33.07166599999789
fp_theta200_alpha0p05,false_positive,200.0,0.0,0.05,18,20321138,1,False,0,0,1.0,1.0,1.0,1.0,1.0,33.063791999992986
fp_theta200_alpha0p05,false_positive,200.0,0.0,0.05,20,20321140,1,False,0,0,1.0,1.0,1.0,1.0,1.0,27.960666999987893
fp_theta200_alpha0p05,false_positive,200.0,0.0,0.05,22,20321142,1,False,0,0,1.0,1.0,1.0,1.0,1.0,24.71895800000823
fp_theta200_alpha0p05,false_positive,200.0,0.0,0.05,23,20321143,1,False,0,0,1.0,1.0,1.0,1.0,1.0,27.934041000008847
fp_theta200_alpha0p05,false_positive,200.0,0.0,0.05,24,20321144,1,False,0,0,1.0,1.0,1.0,1.0,1.0,26.191999999994664
fp_theta200_alpha0p05,false_positive,200.0,0.0,0.05,26,20321146,1,False,0,0,1.0,1.0,1.0,1.0,1.0,23.315416999992067
fp_theta200_alpha0p05,false_positive,200.0,0.0,0.05,25,20321145,1,False,0,0,1.0,1.0,1.0,1.0,1.0,27.657042000001297
fp_theta200_alpha0p05,false_positive,200.0,0.0,0.05,27,20321147,1,False,0,0,1.0,1.0,1.0,1.0,1.0,25.9584159999946
fp_theta200_alpha0p05,false_positive,200.0,0.0,0.05,28,20321148,1,False,0,0,1.0,1.0,1.0,1.0,1.0,26.040375000007998
fp_theta200_alpha0p05,false_positive,200.0,0.0,0.05,32,20321152,1,False,0,0,1.0,1.0,1.0,1.0,1.0,25.339083000005758
fp_theta200_alpha0p05,false_positive,200.0,0.0,0.05,29,20321149,1,False,0,0,1.0,1.0,1.0,1.0,1.0,25.970207999989725
fp_theta200_alpha0p05,false_positive,200.0,0.0,0.05,30,20321150,1,False,0,0,1.0,1.0,1.0,1.0,1.0,28.194249999998533
fp_theta200_alpha0p05,false_positive,200.0,0.0,0.05,31,20321151,1,False,0,0,1.0,1.0,1.0,1.0,1.0,26.7120000000034
fp_theta200_alpha0p05,false_positive,200.0,0.0,0.05,33,20321153,1,False,0,0,1.0,1.0,1.0,1.0,1.0,23.855208000000516
fp_theta200_alpha0p05,false_positive,200.0,0.0,0.05,34,20321154,1,False,0,0,1.0,1.0,1.0,1.0,1.0,25.010750000006965
fp_theta200_alpha0p05,false_positive,200.0,0.0,0.05,36,20321156,1,False,0,0,1.0,1.0,1.0,1.0,1.0,25.64658299999678
fp_theta200_alpha0p05,false_positive,200.0,0.0,0.05,35,20321155,1,False,0,0,1.0,1.0,1.0,1.0,1.0,24.918999999997027
fp_theta200_alpha0p05,false_positive,200.0,0.0,0.05,37,20321157,1,False,0,0,1.0,1.0,1.0,1.0,1.0,23.03658300000677
fp_theta200_alpha0p05,false_positive,200.0,0.0,0.05,38,20321158,1,False,0,0,1.0,1.0,1.0,1.0,1.0,25.91745800000922
fp_theta200_alpha0p05,false_positive,200.0,0.0,0.05,39,20321159,1,False,0,0,1.0,1.0,1.0,1.0,1.0,24.727792000007298
fp_theta200_alpha0p05,false_positive,200.0,0.0,0.05,40,20321160,1,False,0,0,1.0,1.0,1.0,1.0,1.0,23.124209000002338
fp_theta200_alpha0p05,false_positive,200.0,0.0,0.05,43,20321163,1,False,0,0,1.0,1.0,1.0,1.0,1.0,23.482792000010022
fp_theta200_alpha0p05,false_positive,200.0,0.0,0.05,44,20321164,1,False,0,0,1.0,1.0,1.0,1.0,1.0,23.994708000003584
fp_theta200_alpha0p05,false_positive,200.0,0.0,0.05,41,20321161,1,False,0,0,1.0,1.0,1.0,1.0,1.0,22.584124999994515
fp_theta200_alpha0p05,false_positive,200.0,0.0,0.05,42,20321162,1,False,0,0,1.0,1.0,1.0,1.0,1.0,23.4102089999908
fp_theta200_alpha0p05,false_positive,200.0,0.0,0.05,45,20321165,1,False,0,0,1.0,1.0,1.0,1.0,1.0,24.18516699999884
fp_theta200_alpha0p05,false_positive,200.0,0.0,0.05,46,20321166,1,False,0,0,1.0,1.0,1.0,1.0,1.0,24.84587499999691
fp_theta200_alpha0p05,false_positive,200.0,0.0,0.05,47,20321167,1,False,0,0,1.0,1.0,1.0,1.0,1.0,26.41145900000197
fp_theta200_alpha0p05,false_positive,200.0,0.0,0.05,49,20321169,1,False,0,0,1.0,1.0,1.0,1.0,1.0,29.015459000007127
fp_theta200_alpha0p05,false_positive,200.0,0.0,0.05,48,20321168,1,False,0,0,1.0,1.0,1.0,1.0,1.0,29.90462500000035
fp_theta200_alpha0p05,false_positive,200.0,0.0,0.05,51,20321171,1,False,0,0,1.0,1.0,1.0,1.0,1.0,22.828749999987963
fp_theta200_alpha0p05,false_positive,200.0,0.0,0.05,52,20321172,1,False,0,0,1.0,1.0,1.0,1.0,1.0,26.337584000003744
fp_theta200_alpha0p05,false_positive,200.0,0.0,0.05,50,20321170,1,False,0,0,1.0,1.0,1.0,1.0,1.0,26.653792000004728
fp_theta200_alpha0p05,false_positive,200.0,0.0,0.05,56,20321176,1,False,0,0,1.0,1.0,1.0,1.0,1.0,31.324458000000277
fp_theta200_alpha0p05,false_positive,200.0,0.0,0.05,53,20321173,1,False,0,0,1.0,1.0,1.0,1.0,1.0,32.13954099999228
fp_theta200_alpha0p05,false_positive,200.0,0.0,0.05,54,20321174,1,False,0,0,1.0,1.0,1.0,1.0,1.0,23.07270800000083
fp_theta200_alpha0p05,false_positive,200.0,0.0,0.05,55,20321175,1,False,0,0,1.0,1.0,1.0,1.0,1.0,24.559832999997866
fp_theta200_alpha0p05,false_positive,200.0,0.0,0.05,57,20321177,1,False,0,0,1.0,1.0,1.0,1.0,1.0,24.61225000000411
fp_theta200_alpha0p05,false_positive,200.0,0.0,0.05,59,20321179,1,False,0,0,1.0,1.0,1.0,1.0,1.0,25.04504099999849
fp_theta200_alpha0p05,false_positive,200.0,0.0,0.05,58,20321178,1,False,0,0,1.0,1.0,1.0,1.0,1.0,26.23287500000515
fp_theta200_alpha0p05,false_positive,200.0,0.0,0.05,60,20321180,1,False,0,0,1.0,1.0,1.0,1.0,1.0,24.82416700000556
fp_theta200_alpha0p05,false_positive,200.0,0.0,0.05,61,20321181,1,False,0,0,1.0,1.0,1.0,1.0,1.0,24.103415999988442
fp_theta200_alpha0p05,false_positive,200.0,0.0,0.05,63,20321183,1,False,0,0,1.0,1.0,1.0,1.0,1.0,27.782625000000394
fp_theta200_alpha0p05,false_positive,200.0,0.0,0.05,64,20321184,1,False,0,0,1.0,1.0,1.0,1.0,1.0,27.100915999994868
fp_theta200_alpha0p05,false_positive,200.0,0.0,0.05,62,20321182,1,False,0,0,1.0,1.0,1.0,1.0,1.0,25.77033299999698
fp_theta200_alpha0p05,false_positive,200.0,0.0,0.05,65,20321185,1,False,0,0,1.0,1.0,1.0,1.0,1.0,25.945125000006897
fp_theta200_alpha0p05,false_positive,200.0,0.0,0.05,66,20321186,1,False,0,0,1.0,1.0,1.0,1.0,1.0,26.573207999987858
fp_theta200_alpha0p05,false_positive,200.0,0.0,0.05,67,20321187,1,False,0,0,1.0,1.0,1.0,1.0,1.0,28.22012499999005
fp_theta200_alpha0p05,false_positive,200.0,0.0,0.05,68,20321188,1,False,0,0,1.0,1.0,1.0,1.0,1.0,26.944874999998092
fp_theta200_alpha0p05,false_positive,200.0,0.0,0.05,69,20321189,1,False,0,0,1.0,1.0,1.0,1.0,1.0,23.808333000005177
fp_theta200_alpha0p05,false_positive,200.0,0.0,0.05,70,20321190,1,False,0,0,1.0,1.0,1.0,1.0,1.0,22.445083000008026
fp_theta200_alpha0p05,false_positive,200.0,0.0,0.05,71,20321191,1,False,0,0,1.0,1.0,1.0,1.0,1.0,34.06533300000092
fp_theta200_alpha0p05,false_positive,200.0,0.0,0.05,72,20321192,1,False,0,0,1.0,1.0,1.0,1.0,1.0,33.825333000010005
fp_theta200_alpha0p05,false_positive,200.0,0.0,0.05,76,20321196,1,False,0,0,1.0,1.0,1.0,1.0,1.0,23.74125000000049
fp_theta200_alpha0p05,false_positive,200.0,0.0,0.05,74,20321194,1,False,0,0,1.0,1.0,1.0,1.0,1.0,25.939209000000574
fp_theta200_alpha0p05,false_positive,200.0,0.0,0.05,73,20321193,1,False,0,0,1.0,1.0,1.0,1.0,1.0,30.727708000000575
fp_theta200_alpha0p05,false_positive,200.0,0.0,0.05,75,20321195,1,False,0,0,1.0,1.0,1.0,1.0,1.0,28.413750000012783
fp_theta200_alpha0p05,false_positive,200.0,0.0,0.05,77,20321197,1,False,0,0,1.0,1.0,1.0,1.0,1.0,24.133917000000338
fp_theta200_alpha0p05,false_positive,200.0,0.0,0.05,81,20321201,1,False,0,0,1.0,1.0,1.0,1.0,1.0,39.0683329999888
fp_theta200_alpha0p05,false_positive,200.0,0.0,0.05,78,20321198,1,False,0,0,1.0,1.0,1.0,1.0,1.0,38.83004199998652
fp_theta200_alpha0p05,false_positive,200.0,0.0,0.05,79,20321199,1,False,0,0,1.0,1.0,1.0,1.0,1.0,32.043458000003966
fp_theta200_alpha0p05,false_positive,200.0,0.0,0.05,80,20321200,1,False,0,0,1.0,1.0,1.0,1.0,1.0,35.909416999999166
fp_theta200_alpha0p05,false_positive,200.0,0.0,0.05,82,20321202,1,False,0,0,1.0,1.0,1.0,1.0,1.0,24.8854160000036
fp_theta200_alpha0p05,false_positive,200.0,0.0,0.05,83,20321203,1,False,0,0,1.0,1.0,1.0,1.0,1.0,25.89575000000366
fp_theta200_alpha0p05,false_positive,200.0,0.0,0.05,84,20321204,1,False,0,0,1.0,1.0,1.0,1.0,1.0,24.703666999997154
fp_theta200_alpha0p05,false_positive,200.0,0.0,0.05,85,20321205,1,False,0,0,1.0,1.0,1.0,1.0,1.0,23.077291000006994
fp_theta200_alpha0p05,false_positive,200.0,0.0,0.05,88,20321208,1,False,0,0,1.0,1.0,1.0,1.0,1.0,21.5437499999922
fp_theta200_alpha0p05,false_positive,200.0,0.0,0.05,86,20321206,1,False,0,0,1.0,1.0,1.0,1.0,1.0,23.332207999999355
fp_theta200_alpha0p05,false_positive,200.0,0.0,0.05,87,20321207,1,False,0,0,1.0,1.0,1.0,1.0,1.0,22.825124999997115
fp_theta200_alpha0p05,false_positive,200.0,0.0,0.05,89,20321209,1,False,0,0,1.0,1.0,1.0,1.0,1.0,23.238957999993204
fp_theta200_alpha0p05,false_positive,200.0,0.0,0.05,92,20321212,1,False,0,0,1.0,1.0,1.0,1.0,1.0,26.43491700000311
fp_theta200_alpha0p05,false_positive,200.0,0.0,0.05,93,20321213,1,False,0,0,1.0,1.0,1.0,1.0,1.0,25.035334000008902
fp_theta200_alpha0p05,false_positive,200.0,0.0,0.05,90,20321210,1,False,0,0,1.0,1.0,1.0,1.0,1.0,30.440791999993166
fp_theta200_alpha0p05,false_positive,200.0,0.0,0.05,94,20321214,1,False,0,0,1.0,1.0,1.0,1.0,1.0,30.79620799999816
fp_theta200_alpha0p05,false_positive,200.0,0.0,0.05,91,20321211,1,False,0,0,1.0,1.0,1.0,1.0,1.0,28.936084000008577
fp_theta200_alpha0p05,false_positive,200.0,0.0,0.05,95,20321215,1,False,0,0,1.0,1.0,1.0,1.0,1.0,25.727000000003386
fp_theta200_alpha0p05,false_positive,200.0,0.0,0.05,96,20321216,1,False,0,0,1.0,1.0,1.0,1.0,1.0,23.828333000011526
fp_theta200_alpha0p05,false_positive,200.0,0.0,0.05,99,20321219,1,False,0,0,1.0,1.0,1.0,1.0,1.0,21.493958999997176
fp_theta200_alpha0p05,false_positive,200.0,0.0,0.05,98,20321218,1,False,0,0,1.0,1.0,1.0,1.0,1.0,22.28900000000067
fp_theta200_alpha0p05,false_positive,200.0,0.0,0.05,97,20321217,1,False,0,0,1.0,1.0,1.0,1.0,1.0,22.769417000006342
