tool,topology,d_parent,K,rep,total_taxa,expected_events,unique_events,raw_alerts,unique_rec_taxa,recall,precision,bg_fp_count,bg_fpr,mean_jaccard,donors_resolved,time_ms
RhizAeon,dual_cassette,0.02,1,9,46,2,2,2,1,1.0,1.0,0,0.0,0.576258197662013,2,1694.6147499999995
3SEQ,dual_cassette,0.02,1,9,46,2,1,1,1,1.0,1.0,0,0.0,0.8913690476190477,1,2016.8714999999997
RhizAeon,dual_cassette,0.02,1,11,46,2,2,2,1,1.0,1.0,0,0.0,0.951659302769386,2,1778.2576249999997
3SEQ,dual_cassette,0.02,1,11,46,2,2,2,1,1.0,0.5,1,0.022222222222222223,0.9386076270060708,1,2207.9904169999995
RhizAeon,dual_cassette,0.02,1,1,46,2,2,2,1,1.0,1.0,0,0.0,0.8895995761108167,2,1806.082917
3SEQ,dual_cassette,0.02,1,1,46,2,2,2,1,1.0,0.5,1,0.022222222222222223,0.9021933510007971,1,2211.651333
RhizAeon,dual_cassette,0.02,1,4,46,2,2,2,1,1.0,1.0,0,0.0,0.8068276436303081,2,1706.6627909999997
3SEQ,dual_cassette,0.02,1,4,46,2,4,4,1,1.0,0.25,3,0.06666666666666667,0.5503380261203117,1,2256.0227910000003
RhizAeon,dual_cassette,0.02,1,0,46,2,2,2,1,1.0,1.0,0,0.0,0.8950950406387583,2,2014.070875
3SEQ,dual_cassette,0.02,1,0,46,2,1,1,1,1.0,1.0,0,0.0,0.9759136212624585,1,2296.7401249999994
RhizAeon,dual_cassette,0.02,1,2,46,2,2,2,1,1.0,1.0,0,0.0,0.6699936973358844,2,1759.3891660000002
3SEQ,dual_cassette,0.02,1,2,46,2,1,1,1,1.0,1.0,0,0.0,0.9603559870550162,1,2629.566875
RhizAeon,dual_cassette,0.02,1,5,46,2,2,2,1,1.0,1.0,0,0.0,0.6061615320566195,2,1767.5697500000003
3SEQ,dual_cassette,0.02,1,5,46,2,1,1,1,1.0,1.0,0,0.0,0.8816855753646677,1,2645.5980829999994
RhizAeon,dual_cassette,0.02,1,7,46,2,2,2,1,1.0,1.0,0,0.0,0.8161319453274434,2,1776.5916660000003
3SEQ,dual_cassette,0.02,1,7,46,2,1,1,1,1.0,1.0,0,0.0,0.97751873438801,1,2646.018167
RhizAeon,dual_cassette,0.02,1,8,46,2,2,2,1,1.0,1.0,0,0.0,0.736469955015302,2,1822.8147910000002
3SEQ,dual_cassette,0.02,1,8,46,2,1,1,1,1.0,1.0,0,0.0,0.9609310058187863,1,2726.4078330000007
RhizAeon,dual_cassette,0.02,1,6,46,2,2,2,1,1.0,1.0,0,0.0,0.7214820982514571,2,1904.276334
3SEQ,dual_cassette,0.02,1,6,46,2,1,1,1,1.0,1.0,0,0.0,0.9764227642276423,1,2810.8823749999992
RhizAeon,dual_cassette,0.02,1,10,46,2,2,2,1,1.0,1.0,0,0.0,0.48834304746044965,2,2191.063875
3SEQ,dual_cassette,0.02,1,10,46,2,15,15,1,1.0,0.06666666666666667,14,0.3111111111111111,0.08393721522824367,1,2604.2305420000007
RhizAeon,dual_cassette,0.02,1,3,46,2,2,2,1,1.0,1.0,0,0.0,0.5837725682793207,2,2572.4108330000004
3SEQ,dual_cassette,0.02,1,3,46,2,1,1,1,1.0,1.0,0,0.0,0.9758534554537885,1,2715.8664999999996
RhizAeon,dual_cassette,0.02,1,13,46,2,1,1,1,1.0,1.0,0,0.0,0.9958368026644463,1,2177.7583329999998
3SEQ,dual_cassette,0.02,1,13,46,2,1,1,1,1.0,1.0,0,0.0,0.799036476256022,1,2116.753708000001
RhizAeon,dual_cassette,0.02,1,12,46,2,2,2,1,1.0,1.0,0,0.0,0.7491692648807204,2,2432.3820419999997
3SEQ,dual_cassette,0.02,1,12,46,2,31,31,1,1.0,0.03225806451612903,30,0.6666666666666666,0.675581119533619,1,2286.0020829999994
RhizAeon,dual_cassette,0.02,1,16,46,2,1,1,1,1.0,1.0,0,0.0,0.9383846794338052,1,2302.380834
3SEQ,dual_cassette,0.02,1,16,46,2,1,1,1,1.0,1.0,0,0.0,0.9883720930232558,1,2310.8964170000004
RhizAeon,dual_cassette,0.02,1,17,46,2,2,2,1,1.0,1.0,0,0.0,0.533282092547681,2,2336.327708
3SEQ,dual_cassette,0.02,1,17,46,2,1,1,1,1.0,1.0,0,0.0,0.8766086298258895,1,2285.968208
RhizAeon,dual_cassette,0.02,1,19,46,2,2,2,1,1.0,1.0,0,0.0,0.6278101582014988,2,2022.9485419999999
3SEQ,dual_cassette,0.02,1,19,46,2,1,1,1,1.0,1.0,0,0.0,0.9336530775379697,1,2478.7225829999998
RhizAeon,dual_cassette,0.02,1,18,46,2,2,2,1,1.0,1.0,0,0.0,0.8145548108816424,2,2237.923792
3SEQ,dual_cassette,0.02,1,18,46,2,1,1,1,1.0,1.0,0,0.0,0.9679012345679012,1,2602.8625840000004
RhizAeon,dual_cassette,0.02,1,14,46,2,2,2,1,1.0,1.0,0,0.0,0.7929796422718987,2,2425.021416999999
3SEQ,dual_cassette,0.02,1,14,46,2,15,15,1,1.0,0.06666666666666667,14,0.3111111111111111,0.66098897548946,1,2853.126915999999
RhizAeon,dual_cassette,0.02,5,2,50,2,2,2,2,0.4,1.0,0,0.0,0.8247293921731891,2,1522.6343750000008
3SEQ,dual_cassette,0.02,5,2,50,2,5,5,5,1.0,1.0,0,0.0,0.9623397435897436,1,3462.5142910000013
RhizAeon,dual_cassette,0.02,1,15,46,2,2,2,1,1.0,1.0,0,0.0,0.7527338961394485,2,3057.713958
3SEQ,dual_cassette,0.02,1,15,46,2,1,1,1,1.0,1.0,0,0.0,0.9375487900078064,1,2754.2297500000004
RhizAeon,dual_cassette,0.02,5,0,50,2,2,7,4,0.8,1.0,0,0.0,0.7907355429615106,2,1988.124667000001
3SEQ,dual_cassette,0.02,5,0,50,2,5,5,5,1.0,1.0,0,0.0,0.935054121565362,1,3688.979542
RhizAeon,dual_cassette,0.02,5,1,50,2,2,9,5,1.0,1.0,0,0.0,0.7894444632023683,2,2417.8568339999993
3SEQ,dual_cassette,0.02,5,1,50,2,5,5,5,1.0,1.0,0,0.0,0.9808492922564531,1,3814.952332999999
RhizAeon,dual_cassette,0.02,5,3,50,2,2,9,5,1.0,1.0,0,0.0,0.7047550791295205,2,2207.5522499999993
3SEQ,dual_cassette,0.02,5,3,50,2,20,20,5,1.0,0.25,15,0.3333333333333333,0.6963912879492025,1,3707.991709
RhizAeon,dual_cassette,0.02,5,4,50,2,2,9,5,1.0,1.0,0,0.0,0.7468776019983348,2,2163.961500000001
3SEQ,dual_cassette,0.02,5,4,50,2,19,19,5,1.0,0.2631578947368421,14,0.3111111111111111,0.4868801792016138,1,2492.3015829999995
RhizAeon,dual_cassette,0.02,5,7,50,2,2,10,5,1.0,1.0,0,0.0,0.8959216305470461,2,2082.864417
3SEQ,dual_cassette,0.02,5,7,50,2,17,17,5,1.0,0.29411764705882354,12,0.26666666666666666,0.5185406683463801,1,2486.4305830000008
RhizAeon,dual_cassette,0.02,5,9,50,2,2,10,5,1.0,1.0,0,0.0,0.6716757890816382,2,1673.2609170000003
3SEQ,dual_cassette,0.02,5,9,50,2,5,5,5,1.0,1.0,0,0.0,0.9860426929392446,1,2670.5063749999986
RhizAeon,dual_cassette,0.02,5,5,50,2,2,10,5,1.0,1.0,0,0.0,0.9612822647793505,2,2760.886667000001
3SEQ,dual_cassette,0.02,5,5,50,2,5,5,5,1.0,1.0,0,0.0,0.9375487900078066,1,2574.928208000001
RhizAeon,dual_cassette,0.02,5,8,50,2,3,10,5,1.0,1.0,0,0.0,0.6636347234526364,2,2485.6379580000016
3SEQ,dual_cassette,0.02,5,8,50,2,5,5,5,1.0,1.0,0,0.0,0.8513390427281833,2,2607.0047499999996
RhizAeon,dual_cassette,0.02,5,10,50,2,2,10,5,1.0,1.0,0,0.0,0.5461811406500922,2,2411.9681249999994
3SEQ,dual_cassette,0.02,5,10,50,2,16,16,5,1.0,0.3125,11,0.24444444444444444,0.9518638305184604,1,2738.777166000002
RhizAeon,dual_cassette,0.02,5,11,50,2,2,10,5,1.0,1.0,0,0.0,0.7301679787394073,2,2138.439541
3SEQ,dual_cassette,0.02,5,11,50,2,19,19,5,1.0,0.2631578947368421,14,0.3111111111111111,0.5883739657082021,1,2797.410291
RhizAeon,dual_cassette,0.02,5,12,50,2,2,10,5,1.0,1.0,0,0.0,0.8196097064355423,2,2074.9668749999996
3SEQ,dual_cassette,0.02,5,12,50,2,20,20,5,1.0,0.25,15,0.3333333333333333,0.4857608532291863,1,2857.6313749999986
RhizAeon,dual_cassette,0.02,5,13,50,2,2,6,5,1.0,1.0,0,0.0,0.649458784346378,2,1901.9474170000005
3SEQ,dual_cassette,0.02,5,13,50,2,5,5,5,1.0,1.0,0,0.0,0.9766860949208993,1,2911.0565830000005
RhizAeon,dual_cassette,0.02,5,6,50,2,2,10,5,1.0,1.0,0,0.0,0.7106577851790175,2,3382.537000000001
3SEQ,dual_cassette,0.02,5,6,50,2,20,20,5,1.0,0.25,15,0.3333333333333333,0.5518584195667379,1,3029.9450839999995
RhizAeon,dual_cassette,0.02,5,15,50,2,2,10,5,1.0,1.0,0,0.0,0.70233139050791,2,1368.0743339999992
3SEQ,dual_cassette,0.02,5,15,50,2,5,5,5,1.0,1.0,0,0.0,0.9558232931726908,1,3040.3115829999992
RhizAeon,dual_cassette,0.02,5,14,50,2,1,5,5,1.0,1.0,0,0.0,0.7924679487179487,1,1559.3221659999995
3SEQ,dual_cassette,0.02,5,14,50,2,17,17,5,1.0,0.29411764705882354,12,0.26666666666666666,0.5804817292763,1,3261.913917000001
RhizAeon,dual_cassette,0.02,5,16,50,2,2,7,5,1.0,1.0,0,0.0,0.8203990065956812,2,1733.2663749999977
3SEQ,dual_cassette,0.02,5,16,50,2,5,5,5,1.0,1.0,0,0.0,0.8695329873980725,1,2720.851042
RhizAeon,dual_cassette,0.02,5,18,50,2,2,10,5,1.0,1.0,0,0.0,0.8197335553705245,2,1852.829374999999
3SEQ,dual_cassette,0.02,5,18,50,2,5,5,5,1.0,1.0,0,0.0,0.935535858178888,1,2606.846000000001
RhizAeon,dual_cassette,0.02,5,19,50,2,2,10,5,1.0,1.0,0,0.0,0.7604509964251347,2,2063.7430829999985
3SEQ,dual_cassette,0.02,5,19,50,2,5,5,5,1.0,1.0,0,0.0,0.9025068603957612,1,2509.2382500000026
RhizAeon,dual_cassette,0.02,5,17,50,2,2,10,5,1.0,1.0,0,0.0,0.9842786320649595,2,2390.8225409999986
3SEQ,dual_cassette,0.02,5,17,50,2,5,5,5,1.0,1.0,0,0.0,0.9891756869275603,1,2701.9342910000005
RhizAeon,dual_cassette,0.02,10,2,55,2,2,19,10,1.0,1.0,0,0.0,0.8535392939563051,2,1990.2544169999992
3SEQ,dual_cassette,0.02,10,2,55,2,10,10,10,1.0,1.0,0,0.0,0.941266850490196,1,3612.6498749999987
RhizAeon,dual_cassette,0.02,10,3,55,2,1,9,9,0.9,1.0,0,0.0,0.7144046627810158,1,1976.3967089999994
3SEQ,dual_cassette,0.02,10,3,55,2,10,10,10,1.0,1.0,0,0.0,0.972817133443163,1,3575.8469159999995
RhizAeon,dual_cassette,0.02,10,5,55,2,1,10,10,1.0,1.0,0,0.0,0.8902985074626866,1,1951.8628749999998
3SEQ,dual_cassette,0.02,10,5,55,2,10,10,10,1.0,1.0,0,0.0,0.9866777685262281,1,3531.7656249999986
RhizAeon,dual_cassette,0.02,10,4,55,2,2,16,8,0.8,1.0,0,0.0,0.8945271982205798,2,1986.1794590000025
3SEQ,dual_cassette,0.02,10,4,55,2,10,10,10,1.0,1.0,0,0.0,0.8719646799116998,1,3815.909915999999
RhizAeon,dual_cassette,0.02,10,0,55,2,1,10,10,1.0,1.0,0,0.0,0.8730853391684902,1,2865.557625000001
3SEQ,dual_cassette,0.02,10,0,55,2,10,10,10,1.0,1.0,0,0.0,0.9738089279049562,1,4031.667625000001
RhizAeon,dual_cassette,0.02,10,1,55,2,2,14,10,1.0,1.0,0,0.0,0.7188349155145164,2,2688.9565
3SEQ,dual_cassette,0.02,10,1,55,2,11,11,10,1.0,0.9090909090909091,1,0.022222222222222223,0.9214613288757033,1,4027.4033339999987
RhizAeon,dual_cassette,0.02,10,6,55,2,2,20,10,1.0,1.0,0,0.0,0.923482528457048,2,2436.0903749999993
3SEQ,dual_cassette,0.02,10,6,55,2,23,23,10,1.0,0.43478260869565216,13,0.28888888888888886,0.590644670507829,1,3641.5647090000007
RhizAeon,dual_cassette,0.02,10,7,55,2,2,15,10,1.0,1.0,0,0.0,0.449504179331307,1,2453.1181659999993
3SEQ,dual_cassette,0.02,10,7,55,2,24,24,10,1.0,0.4166666666666667,14,0.3111111111111111,0.5652018220634983,1,3980.2581659999987
RhizAeon,dual_cassette,0.02,10,8,55,2,2,12,10,1.0,1.0,0,0.0,0.7585008907018632,2,2333.236207999999
3SEQ,dual_cassette,0.02,10,8,55,2,10,10,10,1.0,1.0,0,0.0,0.9766860949208992,1,3703.345625000001
RhizAeon,dual_cassette,0.02,10,9,55,2,2,20,10,1.0,1.0,0,0.0,0.7114426803540632,2,1845.1468749999976
3SEQ,dual_cassette,0.02,10,9,55,2,11,11,10,1.0,0.9090909090909091,1,0.022222222222222223,0.8961466217657063,1,3827.4919999999993
RhizAeon,dual_cassette,0.02,10,10,55,2,1,10,10,1.0,1.0,0,0.0,0.9634146341463414,1,2799.5060830000007
3SEQ,dual_cassette,0.02,10,10,55,2,10,10,10,1.0,1.0,0,0.0,0.9771801140994295,1,3592.0619589999988
RhizAeon,dual_cassette,0.02,10,11,55,2,2,18,10,1.0,1.0,0,0.0,0.9671635933618439,2,2754.6503750000006
3SEQ,dual_cassette,0.02,10,11,55,2,10,10,10,1.0,1.0,0,0.0,0.961698584512906,1,3696.5672080000013
RhizAeon,dual_cassette,0.02,10,12,55,2,2,15,10,1.0,1.0,0,0.0,0.8212114563559281,2,2048.9099159999996
3SEQ,dual_cassette,0.02,10,12,55,2,10,10,10,1.0,1.0,0,0.0,0.9817123857024106,1,3581.6998750000016
RhizAeon,dual_cassette,0.02,10,17,55,2,2,20,10,1.0,1.0,0,0.0,0.813521014170832,2,1770.9559999999983
3SEQ,dual_cassette,0.02,10,17,55,2,10,10,10,1.0,1.0,0,0.0,0.9629927594529365,1,3646.199541999998
RhizAeon,dual_cassette,0.02,10,13,55,2,2,20,10,1.0,1.0,0,0.0,0.8343262022573319,2,2636.0628329999968
3SEQ,dual_cassette,0.02,10,13,55,2,40,40,10,1.0,0.25,30,0.6666666666666666,0.7345951204565953,2,3721.1230000000023
RhizAeon,dual_cassette,0.02,10,16,55,2,2,19,10,1.0,1.0,0,0.0,0.956196560125488,2,2048.909791
3SEQ,dual_cassette,0.02,10,16,55,2,12,12,10,1.0,0.8333333333333334,2,0.044444444444444446,0.8692833821811643,1,3701.311540999999
RhizAeon,dual_cassette,0.02,10,14,55,2,1,10,10,1.0,1.0,0,0.0,0.9883430474604497,1,2588.8349169999997
3SEQ,dual_cassette,0.02,10,14,55,2,10,10,10,1.0,1.0,0,0.0,0.9950207468879668,1,3639.3299999999977
RhizAeon,dual_cassette,0.02,10,15,55,2,2,15,9,0.9,1.0,0,0.0,0.7763432108045181,2,2563.802667000001
3SEQ,dual_cassette,0.02,10,15,55,2,25,25,10,1.0,0.4,15,0.3333333333333333,0.7860450288391984,1,3871.1397079999974
RhizAeon,dual_cassette,0.02,10,18,55,2,2,11,10,1.0,0.9090909090909091,1,0.022222222222222223,0.7880932556203164,1,1761.3742499999994
3SEQ,dual_cassette,0.02,10,18,55,2,25,25,10,1.0,0.4,15,0.3333333333333333,0.798834304746045,1,4089.0138339999994
RhizAeon,dual_cassette,0.05,1,0,46,2,2,2,1,1.0,1.0,0,0.0,0.9901384259574179,2,1625.3975420000017
3SEQ,dual_cassette,0.05,1,0,46,2,30,30,1,1.0,0.03333333333333333,29,0.6444444444444445,0.858176427816122,1,2869.8702500000018
RhizAeon,dual_cassette,0.02,10,19,55,2,3,21,10,1.0,1.0,0,0.0,0.5143804280365649,2,2468.076916000001
3SEQ,dual_cassette,0.02,10,19,55,2,10,10,10,1.0,1.0,0,0.0,0.9773730602570276,2,3853.6421670000004
RhizAeon,dual_cassette,0.05,1,1,46,2,2,2,1,1.0,1.0,0,0.0,0.9796003330557869,2,2183.4144580000016
3SEQ,dual_cassette,0.05,1,1,46,2,16,16,1,1.0,0.0625,15,0.3333333333333333,0.5644823396411454,1,2903.934125000003
RhizAeon,dual_cassette,0.05,1,2,46,2,2,2,1,1.0,1.0,0,0.0,0.9761504127555337,2,2370.4054160000005
3SEQ,dual_cassette,0.05,1,2,46,2,1,1,1,1.0,1.0,0,0.0,0.9851362510322048,1,2743.0961249999973
RhizAeon,dual_cassette,0.05,1,3,46,2,2,2,1,1.0,1.0,0,0.0,0.9611243918886684,2,2374.1515
3SEQ,dual_cassette,0.05,1,3,46,2,32,32,1,1.0,0.03125,31,0.6888888888888889,0.7019766457720343,1,2605.1980000000012
RhizAeon,dual_cassette,0.05,1,4,46,2,2,2,1,1.0,1.0,0,0.0,0.9843495973704491,2,1809.6081670000003
3SEQ,dual_cassette,0.05,1,4,46,2,30,30,1,1.0,0.03333333333333333,29,0.6444444444444445,0.5923246468451139,1,2747.166792000002
RhizAeon,dual_cassette,0.05,1,7,46,2,2,2,1,1.0,1.0,0,0.0,0.9267847837415321,2,1773.3764590000014
3SEQ,dual_cassette,0.05,1,7,46,2,45,45,1,1.0,0.022222222222222223,44,0.9777777777777777,0.32970915415750796,1,2613.5403749999996
RhizAeon,dual_cassette,0.05,1,8,46,2,2,2,1,1.0,1.0,0,0.0,0.9787676935886761,2,1731.2156660000007
3SEQ,dual_cassette,0.05,1,8,46,2,44,44,1,1.0,0.022727272727272728,43,0.9555555555555556,0.5688909392096435,1,2664.045915999999
RhizAeon,dual_cassette,0.05,1,6,46,2,2,2,1,1.0,1.0,0,0.0,0.9450927936354079,2,2080.2647089999978
3SEQ,dual_cassette,0.05,1,6,46,2,16,16,1,1.0,0.0625,15,0.3333333333333333,0.3861365528726062,1,2767.1654159999975
RhizAeon,dual_cassette,0.05,1,5,46,2,2,2,1,1.0,1.0,0,0.0,0.9348698081383091,2,2549.002958999999
3SEQ,dual_cassette,0.05,1,5,46,2,17,17,1,1.0,0.058823529411764705,16,0.35555555555555557,0.7011662673860641,1,2711.67775
RhizAeon,dual_cassette,0.05,1,10,46,2,2,2,1,1.0,1.0,0,0.0,0.9642711915043112,2,2357.6382089999975
3SEQ,dual_cassette,0.05,1,10,46,2,15,15,1,1.0,0.06666666666666667,14,0.3111111111111111,0.47840196337638524,1,2761.475249999997
RhizAeon,dual_cassette,0.05,1,9,46,2,2,2,1,1.0,1.0,0,0.0,0.9487926727726894,2,2471.174583
3SEQ,dual_cassette,0.05,1,9,46,2,16,16,1,1.0,0.0625,15,0.3333333333333333,0.8188488759367194,1,3071.6718330000035
RhizAeon,dual_cassette,0.05,1,11,46,2,2,2,1,1.0,1.0,0,0.0,0.9876539508719908,2,2062.974082999997
3SEQ,dual_cassette,0.05,1,11,46,2,31,31,1,1.0,0.03225806451612903,30,0.6666666666666666,0.32080232574979384,1,3148.616875000002
RhizAeon,dual_cassette,0.05,1,12,46,2,2,2,1,1.0,1.0,0,0.0,0.9625234469236041,2,1811.652917
3SEQ,dual_cassette,0.05,1,12,46,2,16,16,1,1.0,0.0625,15,0.3333333333333333,0.6518537015864336,1,3122.1398329999984
RhizAeon,dual_cassette,0.05,1,13,46,2,2,2,1,1.0,1.0,0,0.0,0.9581464444995833,2,2290.9476669999976
3SEQ,dual_cassette,0.05,1,13,46,2,16,16,1,1.0,0.0625,15,0.3333333333333333,0.3720154533387878,1,3155.5795410000014
RhizAeon,dual_cassette,0.05,1,14,46,2,2,2,1,1.0,1.0,0,0.0,0.9651934791182786,2,1811.9295420000014
3SEQ,dual_cassette,0.05,1,14,46,2,24,24,1,1.0,0.041666666666666664,23,0.5111111111111111,0.32686661644552656,1,2971.994083999995
RhizAeon,dual_cassette,0.05,1,15,46,2,2,2,1,1.0,1.0,0,0.0,0.9579676812387702,2,2105.4620410000025
3SEQ,dual_cassette,0.05,1,15,46,2,16,16,1,1.0,0.0625,15,0.3333333333333333,0.5814495354944927,1,2943.7132500000016
RhizAeon,dual_cassette,0.05,1,16,46,2,2,2,1,1.0,1.0,0,0.0,0.9835485293361792,2,1745.614125000003
3SEQ,dual_cassette,0.05,1,16,46,2,16,16,1,1.0,0.0625,15,0.3333333333333333,0.38556369552197634,1,3012.2522090000034
RhizAeon,dual_cassette,0.05,1,17,46,2,2,2,1,1.0,1.0,0,0.0,0.9728751837432292,2,1789.5164999999977
3SEQ,dual_cassette,0.05,1,17,46,2,17,17,1,1.0,0.058823529411764705,16,0.35555555555555557,0.38637669389959517,1,2940.930249999994
RhizAeon,dual_cassette,0.05,1,18,46,2,2,2,1,1.0,1.0,0,0.0,0.9722161537552589,2,2253.033542000004
3SEQ,dual_cassette,0.05,1,18,46,2,16,16,1,1.0,0.0625,15,0.3333333333333333,0.7526402434622379,1,2735.2646249999993
RhizAeon,dual_cassette,0.05,1,19,46,2,2,2,1,1.0,1.0,0,0.0,0.9843595858724979,2,1974.496000000002
3SEQ,dual_cassette,0.05,1,19,46,2,30,30,1,1.0,0.03333333333333333,29,0.6444444444444445,0.9746965829602242,1,2890.203124999999
RhizAeon,dual_cassette,0.05,5,0,50,2,2,10,5,1.0,1.0,0,0.0,0.971681740938743,2,2280.154750000001
3SEQ,dual_cassette,0.05,5,0,50,2,23,23,5,1.0,0.21739130434782608,18,0.4,0.6407887068673038,1,3588.499208000002
RhizAeon,dual_cassette,0.05,5,1,50,2,2,10,5,1.0,1.0,0,0.0,0.9511883550421889,2,1595.6539169999999
3SEQ,dual_cassette,0.05,5,1,50,2,20,20,5,1.0,0.25,15,0.3333333333333333,0.7510525461147521,1,3887.308083999997
RhizAeon,dual_cassette,0.05,5,3,50,2,2,10,5,1.0,1.0,0,0.0,0.9354605752919783,2,1972.7956250000034
3SEQ,dual_cassette,0.05,5,3,50,2,6,6,5,1.0,0.8333333333333334,1,0.022222222222222223,0.9790234473712914,1,3642.0328750000053
RhizAeon,dual_cassette,0.05,5,2,50,2,2,10,5,1.0,1.0,0,0.0,0.9690222123217058,2,2034.4632500000016
3SEQ,dual_cassette,0.05,5,2,50,2,38,38,5,1.0,0.13157894736842105,33,0.7333333333333333,0.5351635811740838,1,3794.2360840000047
RhizAeon,dual_cassette,0.05,5,4,50,2,2,10,5,1.0,1.0,0,0.0,0.9764791748291324,2,2145.8526669999997
3SEQ,dual_cassette,0.05,5,4,50,2,35,35,5,1.0,0.14285714285714285,30,0.6666666666666666,0.4438635800553448,1,3708.5429999999988
RhizAeon,dual_cassette,0.05,5,5,50,2,2,10,5,1.0,1.0,0,0.0,0.9791299714481039,2,2257.434999999994
3SEQ,dual_cassette,0.05,5,5,50,2,33,33,5,1.0,0.15151515151515152,28,0.6222222222222222,0.6500836889219587,1,3542.1744160000017
RhizAeon,dual_cassette,0.05,5,6,50,2,2,10,5,1.0,1.0,0,0.0,0.9749821922655457,2,2150.925000000001
3SEQ,dual_cassette,0.05,5,6,50,2,19,19,5,1.0,0.2631578947368421,14,0.3111111111111111,0.9834304294811002,1,3560.0197919999987
RhizAeon,dual_cassette,0.05,5,7,50,2,2,10,5,1.0,1.0,0,0.0,0.9475685422490199,2,2340.5949590000005
3SEQ,dual_cassette,0.05,5,7,50,2,35,35,5,1.0,0.14285714285714285,30,0.6666666666666666,0.7484054808390824,1,3680.086250000002
RhizAeon,dual_cassette,0.05,5,9,50,2,2,10,5,1.0,1.0,0,0.0,0.967881531098951,2,2071.91675
3SEQ,dual_cassette,0.05,5,9,50,2,20,20,5,1.0,0.25,15,0.3333333333333333,0.4737805291133855,1,3658.252292
RhizAeon,dual_cassette,0.05,5,8,50,2,2,10,5,1.0,1.0,0,0.0,0.9535823368657953,2,2762.0954169999977
3SEQ,dual_cassette,0.05,5,8,50,2,48,48,5,1.0,0.10416666666666667,43,0.9555555555555556,0.5267985786791439,1,3615.754125000002
RhizAeon,dual_cassette,0.05,5,11,50,2,2,10,5,1.0,1.0,0,0.0,0.9885229764956218,2,2086.6671670000014
3SEQ,dual_cassette,0.05,5,11,50,2,20,20,5,1.0,0.25,15,0.3333333333333333,0.6500238335482809,1,3691.128499999998
RhizAeon,dual_cassette,0.05,5,10,50,2,2,10,5,1.0,1.0,0,0.0,0.9597873721798409,2,2509.942250000002
3SEQ,dual_cassette,0.05,5,10,50,2,31,31,5,1.0,0.16129032258064516,26,0.5777777777777777,0.5573436483405594,1,3605.0729170000013
RhizAeon,dual_cassette,0.05,5,12,50,2,2,10,5,1.0,1.0,0,0.0,0.9776719893104692,2,1762.7687499999993
3SEQ,dual_cassette,0.05,5,12,50,2,33,33,5,1.0,0.15151515151515152,28,0.6222222222222222,0.7868190649206469,1,3848.1157919999946
RhizAeon,dual_cassette,0.05,5,13,50,2,2,10,5,1.0,1.0,0,0.0,0.9412652663162059,2,2073.6010829999996
3SEQ,dual_cassette,0.05,5,13,50,2,20,20,5,1.0,0.25,15,0.3333333333333333,0.9886573247144508,1,3704.6197920000027
RhizAeon,dual_cassette,0.05,5,14,50,2,2,10,5,1.0,1.0,0,0.0,0.9472462448222829,2,2119.350791999999
3SEQ,dual_cassette,0.05,5,14,50,2,32,32,5,1.0,0.15625,27,0.6,0.42859937417416166,1,3663.771291000003
RhizAeon,dual_cassette,0.05,5,15,50,2,2,10,5,1.0,1.0,0,0.0,0.9757177033492823,2,2631.305333999997
3SEQ,dual_cassette,0.05,5,15,50,2,20,20,5,1.0,0.25,15,0.3333333333333333,0.47679372656746344,1,3611.751000000005
RhizAeon,dual_cassette,0.05,5,16,50,2,2,10,5,1.0,1.0,0,0.0,0.98729053376561,2,2658.5224159999966
3SEQ,dual_cassette,0.05,5,16,50,2,50,50,5,1.0,0.1,45,1.0,0.8228399495416974,1,3534.221959
RhizAeon,dual_cassette,0.05,5,18,50,2,2,10,5,1.0,1.0,0,0.0,0.9838599851047984,2,2274.773750000001
3SEQ,dual_cassette,0.05,5,18,50,2,35,35,5,1.0,0.14285714285714285,30,0.6666666666666666,0.8090431935244922,1,3550.4009169999977
RhizAeon,dual_cassette,0.05,5,17,50,2,2,10,5,1.0,1.0,0,0.0,0.9825335575798498,2,2963.3236660000007
3SEQ,dual_cassette,0.05,5,17,50,2,34,34,5,1.0,0.14705882352941177,29,0.6444444444444445,0.4463889855444829,1,3544.2920410000056
RhizAeon,dual_cassette,0.05,5,19,50,2,2,10,5,1.0,1.0,0,0.0,0.9767059517230656,2,2178.659125000003
3SEQ,dual_cassette,0.05,5,19,50,2,20,20,5,1.0,0.25,15,0.3333333333333333,0.7929362597070121,1,3724.6482090000013
RhizAeon,dual_cassette,0.05,10,0,55,2,2,20,10,1.0,1.0,0,0.0,0.9629290644529428,2,1991.636916999994
3SEQ,dual_cassette,0.05,10,0,55,2,38,38,10,1.0,0.2631578947368421,28,0.6222222222222222,0.6680224062429891,1,4955.813250000006
RhizAeon,dual_cassette,0.05,10,1,55,2,2,20,10,1.0,1.0,0,0.0,0.9754371357202332,2,1774.7827079999965
3SEQ,dual_cassette,0.05,10,1,55,2,41,41,10,1.0,0.24390243902439024,31,0.6888888888888889,0.7032291824870529,1,5200.947290999999
RhizAeon,dual_cassette,0.05,10,2,55,2,2,20,10,1.0,1.0,0,0.0,0.982773894536694,2,2101.6385
3SEQ,dual_cassette,0.05,10,2,55,2,40,40,10,1.0,0.25,30,0.6666666666666666,0.5143890930454129,1,5212.113875
RhizAeon,dual_cassette,0.05,10,3,55,2,2,20,10,1.0,1.0,0,0.0,0.9551916599923986,2,2859.6575830000006
3SEQ,dual_cassette,0.05,10,3,55,2,55,55,10,1.0,0.18181818181818182,45,1.0,0.790230485132427,1,5055.414042000002
RhizAeon,dual_cassette,0.05,10,4,55,2,2,20,10,1.0,1.0,0,0.0,0.9663727899022017,2,2688.5135420000024
3SEQ,dual_cassette,0.05,10,4,55,2,53,53,10,1.0,0.18867924528301888,43,0.9555555555555556,0.6419768753358251,1,4900.024708000004
RhizAeon,dual_cassette,0.05,10,5,55,2,2,20,10,1.0,1.0,0,0.0,0.9480421261605243,2,2749.252250000005
3SEQ,dual_cassette,0.05,10,5,55,2,40,40,10,1.0,0.25,30,0.6666666666666666,0.5692198257373651,1,4935.861083000006
RhizAeon,dual_cassette,0.05,10,6,55,2,2,20,10,1.0,1.0,0,0.0,0.9557904113563795,2,2189.650042000004
3SEQ,dual_cassette,0.05,10,6,55,2,54,54,10,1.0,0.18518518518518517,44,0.9777777777777777,0.7224242813919035,1,5019.707208
RhizAeon,dual_cassette,0.05,10,7,55,2,2,20,10,1.0,1.0,0,0.0,0.9246186158238275,2,2573.969291999994
3SEQ,dual_cassette,0.05,10,7,55,2,25,25,10,1.0,0.4,15,0.3333333333333333,0.5560620097154869,1,4840.9641249999995
RhizAeon,dual_cassette,0.05,10,8,55,2,2,20,10,1.0,1.0,0,0.0,0.9299102511393014,2,1818.8648749999957
3SEQ,dual_cassette,0.05,10,8,55,2,40,40,10,1.0,0.25,30,0.6666666666666666,0.7053595231519353,1,5173.1669999999995
RhizAeon,dual_cassette,0.05,10,9,55,2,2,20,10,1.0,1.0,0,0.0,0.9779578362068047,2,2222.6839590000013
3SEQ,dual_cassette,0.05,10,9,55,2,54,54,10,1.0,0.18518518518518517,44,0.9777777777777777,0.7369920324160402,1,5130.592292000003
RhizAeon,dual_cassette,0.05,10,10,55,2,2,20,10,1.0,1.0,0,0.0,0.977253928866832,2,2609.0599999999995
3SEQ,dual_cassette,0.05,10,10,55,2,25,25,10,1.0,0.4,15,0.3333333333333333,0.7700249791840134,1,5149.0735
RhizAeon,dual_cassette,0.05,10,11,55,2,2,20,10,1.0,1.0,0,0.0,0.988156093774069,2,2785.3742920000004
3SEQ,dual_cassette,0.05,10,11,55,2,41,41,10,1.0,0.24390243902439024,31,0.6888888888888889,0.5525873798556274,1,5177.225874999997
RhizAeon,dual_cassette,0.05,10,13,55,2,2,20,10,1.0,1.0,0,0.0,0.968892374737,2,2518.2527079999986
3SEQ,dual_cassette,0.05,10,13,55,2,40,40,10,1.0,0.25,30,0.6666666666666666,0.6740978263430022,1,4909.4095000000025
RhizAeon,dual_cassette,0.05,10,12,55,2,2,20,10,1.0,1.0,0,0.0,0.9840014063506624,2,2428.829041
3SEQ,dual_cassette,0.05,10,12,55,2,39,39,10,1.0,0.2564102564102564,29,0.6444444444444445,0.7106725617794911,1,5179.760875
RhizAeon,dual_cassette,0.05,10,14,55,2,2,20,10,1.0,1.0,0,0.0,0.9292771953221113,2,2686.944749999995
3SEQ,dual_cassette,0.05,10,14,55,2,35,35,10,1.0,0.2857142857142857,25,0.5555555555555556,0.8685089217392558,1,4953.625584000001
RhizAeon,dual_cassette,0.05,10,15,55,2,2,20,10,1.0,1.0,0,0.0,0.9593135954070864,2,1871.0219170000003
3SEQ,dual_cassette,0.05,10,15,55,2,40,40,10,1.0,0.25,30,0.6666666666666666,0.5412233835954876,1,5194.542083999998
RhizAeon,dual_cassette,0.1,1,0,46,2,2,2,1,1.0,1.0,0,0.0,0.9573551493812458,2,1630.1349999999957
3SEQ,dual_cassette,0.1,1,0,46,2,16,16,1,1.0,0.0625,15,0.3333333333333333,0.4388802609408624,1,3990.7612499999987
RhizAeon,dual_cassette,0.05,10,16,55,2,2,20,10,1.0,1.0,0,0.0,0.9824605837393956,2,2773.981333000002
3SEQ,dual_cassette,0.05,10,16,55,2,37,37,10,1.0,0.2702702702702703,27,0.6,0.9180921458171961,2,4798.383125000001
RhizAeon,dual_cassette,0.1,1,1,46,2,2,2,1,1.0,1.0,0,0.0,0.974221767109316,2,1563.2009999999993
3SEQ,dual_cassette,0.1,1,1,46,2,46,46,1,1.0,0.021739130434782608,45,1.0,0.5290345008479957,1,4020.092708
RhizAeon,dual_cassette,0.05,10,17,55,2,2,20,10,1.0,1.0,0,0.0,0.9688441538152521,2,2762.0832090000035
3SEQ,dual_cassette,0.05,10,17,55,2,39,39,10,1.0,0.2564102564102564,29,0.6444444444444445,0.6801323100729175,1,4987.6094159999975
RhizAeon,dual_cassette,0.05,10,18,55,2,2,20,10,1.0,1.0,0,0.0,0.9257263453232099,2,2792.7365000000036
3SEQ,dual_cassette,0.05,10,18,55,2,55,55,10,1.0,0.18181818181818182,45,1.0,0.6930590517122406,1,5122.585207999997
RhizAeon,dual_cassette,0.1,1,2,46,2,2,2,1,1.0,1.0,0,0.0,0.9683597002497919,2,1577.086707999996
3SEQ,dual_cassette,0.1,1,2,46,2,33,33,1,1.0,0.030303030303030304,32,0.7111111111111111,0.6459349856507973,1,4131.533124999997
RhizAeon,dual_cassette,0.05,10,19,55,2,2,20,10,1.0,1.0,0,0.0,0.9825825710581211,2,2543.1090000000013
3SEQ,dual_cassette,0.05,10,19,55,2,40,40,10,1.0,0.25,30,0.6666666666666666,0.7698248439439066,1,5159.700333000003
RhizAeon,dual_cassette,0.1,1,3,46,2,2,2,1,1.0,1.0,0,0.0,0.9904370838962,2,2185.0621250000017
3SEQ,dual_cassette,0.1,1,3,46,2,31,31,1,1.0,0.03225806451612903,30,0.6666666666666666,0.5822644998705812,1,4028.7122090000053
RhizAeon,dual_cassette,0.1,1,4,46,2,2,2,1,1.0,1.0,0,0.0,0.9884932422245856,2,1326.1402910000015
3SEQ,dual_cassette,0.1,1,4,46,2,17,17,1,1.0,0.058823529411764705,16,0.35555555555555557,0.31053309172655014,1,4199.538457999999
RhizAeon,dual_cassette,0.1,1,5,46,2,2,2,1,1.0,1.0,0,0.0,0.9884061983459747,2,1691.9080409999979
3SEQ,dual_cassette,0.1,1,5,46,2,46,46,1,1.0,0.021739130434782608,45,1.0,0.570755351363061,1,4336.692125000006
RhizAeon,dual_cassette,0.1,1,6,46,2,2,2,1,1.0,1.0,0,0.0,0.9688036807749567,2,1370.2527919999952
3SEQ,dual_cassette,0.1,1,6,46,2,14,14,1,1.0,0.07142857142857142,13,0.28888888888888886,0.37083626308143647,1,4065.6705419999926
RhizAeon,dual_cassette,0.1,1,9,46,2,2,2,1,1.0,1.0,0,0.0,0.9921047976517543,2,1799.0495419999988
3SEQ,dual_cassette,0.1,1,9,46,2,46,46,1,1.0,0.021739130434782608,45,1.0,0.643629106524018,1,3773.480583999998
RhizAeon,dual_cassette,0.1,1,7,46,2,2,2,1,1.0,1.0,0,0.0,0.9871168530505164,2,2557.5571660000023
3SEQ,dual_cassette,0.1,1,7,46,2,45,45,1,1.0,0.022222222222222223,44,0.9777777777777777,0.5918035569713115,1,3959.336792000002
RhizAeon,dual_cassette,0.1,1,8,46,2,2,2,1,1.0,1.0,0,0.0,0.9839058385336241,2,1972.6264170000009
3SEQ,dual_cassette,0.1,1,8,46,2,46,46,1,1.0,0.021739130434782608,45,1.0,0.6004455695431986,1,4015.6338339999993
RhizAeon,dual_cassette,0.1,1,11,46,2,2,2,1,1.0,1.0,0,0.0,0.9896068792676107,2,1755.8955000000012
3SEQ,dual_cassette,0.1,1,11,46,2,15,15,1,1.0,0.06666666666666667,14,0.3111111111111111,0.3705508076112122,1,3861.042791999992
RhizAeon,dual_cassette,0.1,1,10,46,2,2,2,1,1.0,1.0,0,0.0,0.9883430474604497,2,2104.900749999999
3SEQ,dual_cassette,0.1,1,10,46,2,9,9,1,1.0,0.1111111111111111,8,0.17777777777777778,0.6264043783103829,1,3900.3837919999996
RhizAeon,dual_cassette,0.1,1,12,46,2,2,2,1,1.0,1.0,0,0.0,0.9823094724984082,2,1820.656165999999
3SEQ,dual_cassette,0.1,1,12,46,2,16,16,1,1.0,0.0625,15,0.3333333333333333,0.33062383952415286,1,3846.345499999998
RhizAeon,dual_cassette,0.1,1,14,46,2,2,2,1,1.0,1.0,0,0.0,0.9777571110096426,2,1668.6245000000072
3SEQ,dual_cassette,0.1,1,14,46,2,16,16,1,1.0,0.0625,15,0.3333333333333333,0.39081807660894496,1,3843.4811249999966
RhizAeon,dual_cassette,0.1,1,13,46,2,2,2,1,1.0,1.0,0,0.0,0.9534094413175433,2,1669.8793749999936
3SEQ,dual_cassette,0.1,1,13,46,2,1,1,1,1.0,1.0,0,0.0,0.9941715237302248,1,4096.362999999997
RhizAeon,dual_cassette,0.1,1,15,46,2,2,2,1,1.0,1.0,0,0.0,0.9925813133177475,2,2283.363500000007
3SEQ,dual_cassette,0.1,1,15,46,2,31,31,1,1.0,0.03225806451612903,30,0.6666666666666666,0.4901564985498745,1,3920.288458000002
RhizAeon,dual_cassette,0.1,1,16,46,2,2,2,1,1.0,1.0,0,0.0,0.9788192608554254,2,1595.3862089999973
3SEQ,dual_cassette,0.1,1,16,46,2,33,33,1,1.0,0.030303030303030304,32,0.7111111111111111,0.40534656737659197,1,4070.057166999987
RhizAeon,dual_cassette,0.1,1,17,46,2,2,2,1,1.0,1.0,0,0.0,0.9826752843579651,2,1682.0561669999988
3SEQ,dual_cassette,0.1,1,17,46,2,30,30,1,1.0,0.03333333333333333,29,0.6444444444444445,0.4699741762469324,1,4147.769582999998
RhizAeon,dual_cassette,0.1,1,18,46,2,2,2,1,1.0,1.0,0,0.0,0.9913244449926844,2,1796.5046670000079
3SEQ,dual_cassette,0.1,1,18,46,2,30,30,1,1.0,0.03333333333333333,29,0.6444444444444445,0.44483789485486946,1,4030.710415999991
RhizAeon,dual_cassette,0.1,1,19,46,2,2,2,1,1.0,1.0,0,0.0,0.9675511852705527,2,2033.545625000002
3SEQ,dual_cassette,0.1,1,19,46,2,46,46,1,1.0,0.021739130434782608,45,1.0,0.5291979785976267,1,3875.232832999998
RhizAeon,dual_cassette,0.1,5,2,50,2,2,10,5,1.0,1.0,0,0.0,0.9966863292730672,2,1925.7930409999915
3SEQ,dual_cassette,0.1,5,2,50,2,32,32,5,1.0,0.15625,27,0.6,0.5715569732004977,2,5183.939750000008
RhizAeon,dual_cassette,0.1,5,5,50,2,2,10,5,1.0,1.0,0,0.0,0.9921023628304214,2,1322.0455829999905
3SEQ,dual_cassette,0.1,5,5,50,2,20,20,5,1.0,0.25,15,0.3333333333333333,0.7012905911740216,1,5343.020666999991
RhizAeon,dual_cassette,0.1,5,0,50,2,2,10,5,1.0,1.0,0,0.0,0.9705702567405972,2,3054.4297920000076
3SEQ,dual_cassette,0.1,5,0,50,2,50,50,5,1.0,0.1,45,1.0,0.5815303622823685,1,5311.926959000004
RhizAeon,dual_cassette,0.1,5,1,50,2,2,10,5,1.0,1.0,0,0.0,0.9941993930677604,2,3015.980666999994
3SEQ,dual_cassette,0.1,5,1,50,2,50,50,5,1.0,0.1,45,1.0,0.5326090718573533,1,5483.629500000006
RhizAeon,dual_cassette,0.1,5,3,50,2,2,10,5,1.0,1.0,0,0.0,0.9861025793319854,2,2274.5561250000037
3SEQ,dual_cassette,0.1,5,3,50,2,35,35,5,1.0,0.14285714285714285,30,0.6666666666666666,0.67715361290294,1,5277.017583000003
RhizAeon,dual_cassette,0.1,5,4,50,2,2,10,5,1.0,1.0,0,0.0,0.9875228251519206,2,2181.7645419999963
3SEQ,dual_cassette,0.1,5,4,50,2,35,35,5,1.0,0.14285714285714285,30,0.6666666666666666,0.7190277729945733,1,5291.610583000008
RhizAeon,dual_cassette,0.1,5,6,50,2,2,10,5,1.0,1.0,0,0.0,0.9966832435619044,2,2106.1919170000037
3SEQ,dual_cassette,0.1,5,6,50,2,20,20,5,1.0,0.25,15,0.3333333333333333,0.46987660526397673,1,5550.318249999989
RhizAeon,dual_cassette,0.1,5,8,50,2,2,10,5,1.0,1.0,0,0.0,0.984322471011323,2,2068.3409999999894
3SEQ,dual_cassette,0.1,5,8,50,2,34,34,5,1.0,0.14705882352941177,29,0.6444444444444445,0.4681234284605412,1,5258.6035839999995
RhizAeon,dual_cassette,0.1,5,9,50,2,2,10,5,1.0,1.0,0,0.0,0.9813053108037387,2,2147.060582999998
3SEQ,dual_cassette,0.1,5,9,50,2,35,35,5,1.0,0.14285714285714285,30,0.6666666666666666,0.6371434090640383,1,5042.157207999991
RhizAeon,dual_cassette,0.1,5,10,50,2,2,10,5,1.0,1.0,0,0.0,0.9858499740102975,2,1996.8885830000004
3SEQ,dual_cassette,0.1,5,10,50,2,50,50,5,1.0,0.1,45,1.0,0.598924308075225,1,5079.10425
RhizAeon,dual_cassette,0.1,5,7,50,2,2,10,5,1.0,1.0,0,0.0,0.9917230282815983,2,2919.899833000002
3SEQ,dual_cassette,0.1,5,7,50,2,35,35,5,1.0,0.14285714285714285,30,0.6666666666666666,0.6650357846754288,1,5246.648665999999
RhizAeon,dual_cassette,0.1,5,11,50,2,2,10,5,1.0,1.0,0,0.0,0.9778081140084574,2,1981.3685419999983
3SEQ,dual_cassette,0.1,5,11,50,2,35,35,5,1.0,0.14285714285714285,30,0.6666666666666666,0.6534624062494784,1,5423.478459000009
RhizAeon,dual_cassette,0.1,5,12,50,2,2,10,5,1.0,1.0,0,0.0,0.9900689594678957,2,2367.1719169999933
3SEQ,dual_cassette,0.1,5,12,50,2,35,35,5,1.0,0.14285714285714285,30,0.6666666666666666,0.35427083573576473,1,5011.856792000003
RhizAeon,dual_cassette,0.1,5,14,50,2,2,10,5,1.0,1.0,0,0.0,0.9666729785400703,2,2002.340458000006
3SEQ,dual_cassette,0.1,5,14,50,2,18,18,5,1.0,0.2777777777777778,13,0.28888888888888886,0.49804543630012854,1,5105.786207999998
RhizAeon,dual_cassette,0.1,5,13,50,2,2,10,5,1.0,1.0,0,0.0,0.9765658180559049,2,2241.9365829999974
3SEQ,dual_cassette,0.1,5,13,50,2,50,50,5,1.0,0.1,45,1.0,0.7103218645764063,1,5316.614541999997
RhizAeon,dual_cassette,0.1,5,15,50,2,2,10,5,1.0,1.0,0,0.0,0.9975020815986677,2,1970.8785410000046
3SEQ,dual_cassette,0.1,5,15,50,2,35,35,5,1.0,0.14285714285714285,30,0.6666666666666666,0.6662925578188796,1,5287.64858400001
RhizAeon,dual_cassette,0.1,5,17,50,2,2,10,5,1.0,1.0,0,0.0,0.9833920457755287,2,2070.82166699999
3SEQ,dual_cassette,0.1,5,17,50,2,50,50,5,1.0,0.1,45,1.0,0.33525185754847725,1,5286.877583999995
RhizAeon,dual_cassette,0.1,5,16,50,2,2,10,5,1.0,1.0,0,0.0,0.979580702671546,2,2003.935709000004
3SEQ,dual_cassette,0.1,5,16,50,2,35,35,5,1.0,0.14285714285714285,30,0.6666666666666666,0.46225884928246247,1,5661.1777499999935
RhizAeon,dual_cassette,0.1,5,18,50,2,2,10,5,1.0,1.0,0,0.0,0.9738610191671684,2,1564.4212499999953
3SEQ,dual_cassette,0.1,5,18,50,2,50,50,5,1.0,0.1,45,1.0,0.47450794214599495,1,5463.928707999998
RhizAeon,dual_cassette,0.1,5,19,50,2,2,10,5,1.0,1.0,0,0.0,0.9946185035269807,2,2217.1543329999963
3SEQ,dual_cassette,0.1,5,19,50,2,35,35,5,1.0,0.14285714285714285,30,0.6666666666666666,0.6654923109442239,1,5102.952041999998
RhizAeon,dual_cassette,0.1,10,0,55,2,2,20,10,1.0,1.0,0,0.0,0.981251670140559,2,1878.3755000000042
3SEQ,dual_cassette,0.1,10,0,55,2,55,55,10,1.0,0.18181818181818182,45,1.0,0.7681419898275258,1,7288.1052500000005
RhizAeon,dual_cassette,0.1,10,2,55,2,2,20,10,1.0,1.0,0,0.0,0.993774861984992,2,2345.112
3SEQ,dual_cassette,0.1,10,2,55,2,55,55,10,1.0,0.18181818181818182,45,1.0,0.7480332757806606,1,7132.364332999998
RhizAeon,dual_cassette,0.1,10,1,55,2,2,20,10,1.0,1.0,0,0.0,0.9762402845211693,2,2666.954292
3SEQ,dual_cassette,0.1,10,1,55,2,40,40,10,1.0,0.25,30,0.6666666666666666,0.5125268517574229,1,7314.243500000003
RhizAeon,dual_cassette,0.1,10,3,55,2,2,20,10,1.0,1.0,0,0.0,0.990489690014003,2,1733.6960419999912
3SEQ,dual_cassette,0.1,10,3,55,2,40,40,10,1.0,0.25,30,0.6666666666666666,0.6586484929863443,1,7052.494709000001
RhizAeon,dual_cassette,0.1,10,4,55,2,2,20,10,1.0,1.0,0,0.0,0.9803074620774097,2,2704.6558750000004
3SEQ,dual_cassette,0.1,10,4,55,2,55,55,10,1.0,0.18181818181818182,45,1.0,0.5916035240637245,1,6909.418583000004
RhizAeon,dual_cassette,0.1,10,5,55,2,2,20,10,1.0,1.0,0,0.0,0.9860444923379408,2,2719.7639590000053
3SEQ,dual_cassette,0.1,10,5,55,2,54,54,10,1.0,0.18518518518518517,44,0.9777777777777777,0.5994419869780521,2,6926.981749999996
RhizAeon,dual_cassette,0.1,10,6,55,2,2,20,10,1.0,1.0,0,0.0,0.959173847591362,2,2745.7946250000023
3SEQ,dual_cassette,0.1,10,6,55,2,52,52,10,1.0,0.19230769230769232,42,0.9333333333333333,0.5502426454740512,1,6936.982708000002
RhizAeon,dual_cassette,0.1,10,9,55,2,2,20,10,1.0,1.0,0,0.0,0.9788908832803265,2,1811.5892499999973
3SEQ,dual_cassette,0.1,10,9,55,2,42,42,10,1.0,0.23809523809523808,32,0.7111111111111111,0.5117852577484896,1,7335.556124999996
RhizAeon,dual_cassette,0.1,10,7,55,2,2,20,10,1.0,1.0,0,0.0,0.9835959529281372,2,2859.0304169999995
3SEQ,dual_cassette,0.1,10,7,55,2,54,54,10,1.0,0.18518518518518517,44,0.9777777777777777,0.5472612224743543,1,7018.639375000006
RhizAeon,dual_cassette,0.1,10,10,55,2,2,20,10,1.0,1.0,0,0.0,0.9888857317712887,2,2591.008959000007
3SEQ,dual_cassette,0.1,10,10,55,2,54,54,10,1.0,0.18518518518518517,44,0.9777777777777777,0.7517116207780227,1,6907.515167
RhizAeon,dual_cassette,0.1,10,11,55,2,2,20,10,1.0,1.0,0,0.0,0.9840198314650929,2,1757.258041
3SEQ,dual_cassette,0.1,10,11,55,2,25,25,10,1.0,0.4,15,0.3333333333333333,0.5646773651582943,1,7033.015790999997
RhizAeon,dual_cassette,0.1,10,8,55,2,2,20,10,1.0,1.0,0,0.0,0.9887707917590285,2,3504.662707999998
3SEQ,dual_cassette,0.1,10,8,55,2,55,55,10,1.0,0.18181818181818182,45,1.0,0.5271840443868588,1,7398.242875000008
RhizAeon,nested_russian_doll,0.02,1,0,46,2,3,3,1,1.0,1.0,0,0.0,0.19077133544487962,1,1796.6271250000004
3SEQ,nested_russian_doll,0.02,1,0,46,2,16,16,1,1.0,0.0625,15,0.3333333333333333,0.28485986653997986,1,1868.6966669999947
RhizAeon,nested_russian_doll,0.02,1,1,46,2,1,1,1,1.0,1.0,0,0.0,0.33692359474924266,1,1732.2455839999975
3SEQ,nested_russian_doll,0.02,1,1,46,2,1,1,1,1.0,1.0,0,0.0,0.3326686606846128,1,1902.732207999989
RhizAeon,nested_russian_doll,0.02,1,2,46,2,3,3,1,1.0,1.0,0,0.0,0.1725118530884808,1,1669.4125409999997
3SEQ,nested_russian_doll,0.02,1,2,46,2,15,15,1,1.0,0.06666666666666667,14,0.3111111111111111,0.3063038270177781,1,1850.5019159999988
RhizAeon,dual_cassette,0.1,10,14,55,2,2,20,10,1.0,1.0,0,0.0,0.9966863292730672,2,1829.2495840000101
3SEQ,dual_cassette,0.1,10,14,55,2,40,40,10,1.0,0.25,30,0.6666666666666666,0.5113253126497337,1,7171.478292000003
RhizAeon,dual_cassette,0.1,10,12,55,2,2,20,10,1.0,1.0,0,0.0,0.9929353664565055,2,2690.688584
3SEQ,dual_cassette,0.1,10,12,55,2,54,54,10,1.0,0.18518518518518517,44,0.9777777777777777,0.5091926814456427,1,7285.432083000003
RhizAeon,dual_cassette,0.1,10,15,55,2,2,20,10,1.0,1.0,0,0.0,0.9920995988819828,2,1941.935208000004
3SEQ,dual_cassette,0.1,10,15,55,2,55,55,10,1.0,0.18181818181818182,45,1.0,0.6519416190800792,1,7412.421791
RhizAeon,nested_russian_doll,0.02,1,3,46,2,3,17,1,1.0,0.0625,15,0.3333333333333333,0.3855957616953219,0,2280.1004169999997
3SEQ,nested_russian_doll,0.02,1,3,46,2,17,17,1,1.0,0.058823529411764705,16,0.35555555555555557,0.4958103200005137,1,2089.993750000005
RhizAeon,dual_cassette,0.1,10,13,55,2,2,20,10,1.0,1.0,0,0.0,0.9958409577830244,2,3348.7482499999996
3SEQ,dual_cassette,0.1,10,13,55,2,25,25,10,1.0,0.4,15,0.3333333333333333,0.4874321274249846,1,7457.407040999996
RhizAeon,nested_russian_doll,0.02,1,4,46,2,1,1,1,1.0,1.0,0,0.0,0.41227347611202636,1,1821.3952499999948
3SEQ,nested_russian_doll,0.02,1,4,46,2,15,15,1,1.0,0.06666666666666667,14,0.3111111111111111,0.25564927281200733,1,1978.348292000007
RhizAeon,nested_russian_doll,0.02,1,5,46,2,1,1,1,1.0,1.0,0,0.0,0.48287506029908345,1,1966.9707920000121
3SEQ,nested_russian_doll,0.02,1,5,46,2,1,1,1,1.0,1.0,0,0.0,0.5058110156644771,1,2013.5730410000008
RhizAeon,nested_russian_doll,0.02,1,6,46,2,2,2,1,1.0,1.0,0,0.0,0.40233118971061094,1,1811.3352089999921
3SEQ,nested_russian_doll,0.02,1,6,46,2,1,1,1,1.0,1.0,0,0.0,0.3392070484581498,1,2027.7434170000106
RhizAeon,nested_russian_doll,0.02,1,8,46,2,1,1,1,1.0,1.0,0,0.0,0.34152166496076425,1,1717.1468749999974
3SEQ,nested_russian_doll,0.02,1,8,46,2,1,1,1,1.0,1.0,0,0.0,0.33311148086522463,1,1917.710999999997
RhizAeon,dual_cassette,0.1,10,17,55,2,2,20,10,1.0,1.0,0,0.0,0.987548223988955,2,1923.52958299999
3SEQ,dual_cassette,0.1,10,17,55,2,40,40,10,1.0,0.25,30,0.6666666666666666,0.870900514819532,1,7485.116708000007
RhizAeon,nested_russian_doll,0.02,1,7,46,2,2,2,1,1.0,1.0,0,0.0,0.0,0,1830.6971250000004
3SEQ,nested_russian_doll,0.02,1,7,46,2,2,2,1,1.0,0.5,1,0.022222222222222223,0.2794552137008026,1,2123.7484999999906
RhizAeon,dual_cassette,0.1,10,16,55,2,2,20,10,1.0,1.0,0,0.0,0.9611604370406261,2,1897.9558749999937
3SEQ,dual_cassette,0.1,10,16,55,2,55,55,10,1.0,0.18181818181818182,45,1.0,0.43452409142299314,2,7840.246583999999
RhizAeon,dual_cassette,0.1,10,19,55,2,2,20,10,1.0,1.0,0,0.0,0.9808950100982613,2,2046.8694580000033
3SEQ,dual_cassette,0.1,10,19,55,2,40,40,10,1.0,0.25,30,0.6666666666666666,0.5646845555804098,1,7485.470666999987
RhizAeon,dual_cassette,0.1,10,18,55,2,2,20,10,1.0,1.0,0,0.0,0.9852418556391814,2,2718.9994170000064
3SEQ,dual_cassette,0.1,10,18,55,2,39,39,10,1.0,0.2564102564102564,29,0.6444444444444445,0.3944591115156623,2,7319.762499999996
RhizAeon,nested_russian_doll,0.02,1,9,46,2,3,3,1,1.0,1.0,0,0.0,0.17363673578187774,1,1721.0466660000066
3SEQ,nested_russian_doll,0.02,1,9,46,2,15,15,1,1.0,0.06666666666666667,14,0.3111111111111111,0.24520092393765275,1,2266.132375000012
RhizAeon,nested_russian_doll,0.02,1,10,46,2,1,1,1,1.0,1.0,0,0.0,0.35471296952515946,1,2244.5835000000043
3SEQ,nested_russian_doll,0.02,1,10,46,2,1,1,1,1.0,1.0,0,0.0,0.343278463648834,1,2084.6270830000008
RhizAeon,nested_russian_doll,0.02,1,11,46,2,1,1,1,1.0,1.0,0,0.0,0.3390921409214092,1,1946.2797919999985
3SEQ,nested_russian_doll,0.02,1,11,46,2,1,1,1,1.0,1.0,0,0.0,0.3294930875576037,1,2133.381374999999
RhizAeon,nested_russian_doll,0.02,1,12,46,2,1,1,1,1.0,1.0,0,0.0,0.337037037037037,1,1002.181041
3SEQ,nested_russian_doll,0.02,1,12,46,2,1,1,1,1.0,1.0,0,0.0,0.33222701626286094,1,2062.4573329999976
RhizAeon,nested_russian_doll,0.02,1,15,46,2,1,13,0,0.0,0.0,13,0.28888888888888886,0.3464866735894773,1,1911.6970420000002
3SEQ,nested_russian_doll,0.02,1,15,46,2,1,1,1,1.0,1.0,0,0.0,0.33222701626286094,1,1768.4686250000113
RhizAeon,nested_russian_doll,0.02,1,14,46,2,2,2,1,1.0,0.5,1,0.022222222222222223,0.3380614657210402,1,1870.9657500000105
3SEQ,nested_russian_doll,0.02,1,14,46,2,1,1,1,1.0,1.0,0,0.0,0.33189655172413796,1,1854.8065419999916
RhizAeon,nested_russian_doll,0.02,1,17,46,2,1,1,1,1.0,1.0,0,0.0,0.35955459770114945,1,1371.768333999995
3SEQ,nested_russian_doll,0.02,1,17,46,2,1,1,1,1.0,1.0,0,0.0,0.5617283950617284,1,2038.071500000001
RhizAeon,nested_russian_doll,0.02,1,13,46,2,1,1,1,1.0,1.0,0,0.0,0.3473282442748092,1,2657.431625000001
3SEQ,nested_russian_doll,0.02,1,13,46,2,1,1,1,1.0,1.0,0,0.0,0.3243681140635126,1,1974.1338329999962
RhizAeon,nested_russian_doll,0.02,1,18,46,2,1,1,1,1.0,1.0,0,0.0,0.3416382252559727,1,1546.470417000009
3SEQ,nested_russian_doll,0.02,1,18,46,2,15,15,1,1.0,0.06666666666666667,14,0.3111111111111111,0.3682677961738758,1,2134.5693340000053
RhizAeon,nested_russian_doll,0.02,1,16,46,2,2,2,1,1.0,0.5,1,0.022222222222222223,0.33783327708403643,2,1964.2978330000033
3SEQ,nested_russian_doll,0.02,1,16,46,2,1,1,1,1.0,1.0,0,0.0,0.3305812417437252,1,2346.219750000003
RhizAeon,nested_russian_doll,0.02,1,19,46,2,1,1,1,1.0,1.0,0,0.0,0.34624697336561744,1,2054.623583999998
3SEQ,nested_russian_doll,0.02,1,19,46,2,17,17,1,1.0,0.058823529411764705,16,0.35555555555555557,0.3148679524117557,1,2291.7977909999936
RhizAeon,nested_russian_doll,0.02,5,1,50,2,3,15,5,1.0,1.0,0,0.0,0.3384043272481406,1,1486.9676250000055
3SEQ,nested_russian_doll,0.02,5,1,50,2,5,5,5,1.0,1.0,0,0.0,0.3311524077012132,1,2944.0420419999923
RhizAeon,nested_russian_doll,0.02,5,0,50,2,1,5,5,1.0,1.0,0,0.0,0.3390921409214092,1,2109.8169170000033
3SEQ,nested_russian_doll,0.02,5,0,50,2,35,35,5,1.0,0.14285714285714285,30,0.6666666666666666,0.39359488918906954,1,2858.2063329999983
RhizAeon,nested_russian_doll,0.02,5,2,50,2,2,4,4,0.8,1.0,0,0.0,0.17192810902896083,1,1324.8158330000024
3SEQ,nested_russian_doll,0.02,5,2,50,2,19,19,5,1.0,0.2631578947368421,14,0.3111111111111111,0.2726155746031889,1,3026.8620829999973
RhizAeon,nested_russian_doll,0.02,5,3,50,2,2,9,5,1.0,0.5555555555555556,4,0.08888888888888889,0.3673394495412844,1,2021.2133330000056
3SEQ,nested_russian_doll,0.02,5,3,50,2,5,5,5,1.0,1.0,0,0.0,0.32574031890660593,1,3020.667916999997
RhizAeon,nested_russian_doll,0.02,5,4,50,2,1,5,5,1.0,1.0,0,0.0,0.33377792597532513,1,2353.7030420000065
3SEQ,nested_russian_doll,0.02,5,4,50,2,19,19,5,1.0,0.2631578947368421,14,0.3111111111111111,0.30174215805560894,1,2743.8784579999974
RhizAeon,nested_russian_doll,0.02,5,5,50,2,1,1,0,0.0,0.0,1,0.022222222222222223,0.35258893976752376,1,2149.3821660000094
3SEQ,nested_russian_doll,0.02,5,5,50,2,5,5,5,1.0,1.0,0,0.0,0.35,1,2611.820541
RhizAeon,nested_russian_doll,0.02,5,6,50,2,3,10,5,1.0,1.0,0,0.0,0.1722700272479564,1,2452.026750000002
3SEQ,nested_russian_doll,0.02,5,6,50,2,20,20,5,1.0,0.25,15,0.3333333333333333,0.34960758215984483,1,2858.2910419999907
RhizAeon,nested_russian_doll,0.02,5,8,50,2,1,5,5,1.0,1.0,0,0.0,0.33568075117370894,1,2171.055499999994
3SEQ,nested_russian_doll,0.02,5,8,50,2,19,19,5,1.0,0.2631578947368421,14,0.3111111111111111,0.31153730774508165,1,3050.9903749999976
RhizAeon,nested_russian_doll,0.02,5,11,50,2,1,1,1,0.2,1.0,0,0.0,0.3384043272481406,1,1458.238124999994
3SEQ,nested_russian_doll,0.02,5,11,50,2,5,5,5,1.0,1.0,0,0.0,0.31144990665836964,1,2848.082708999996
RhizAeon,nested_russian_doll,0.02,5,9,50,2,2,19,5,1.0,0.2631578947368421,14,0.3111111111111111,0.362812613265676,1,2140.058665999987
3SEQ,nested_russian_doll,0.02,5,9,50,2,20,20,5,1.0,0.25,15,0.3333333333333333,0.3685827399739673,1,3078.4801249999987
RhizAeon,nested_russian_doll,0.02,5,7,50,2,2,5,4,0.8,0.8,1,0.022222222222222223,0.34445973847212663,0,2371.942875000002
3SEQ,nested_russian_doll,0.02,5,7,50,2,19,19,5,1.0,0.2631578947368421,14,0.3111111111111111,0.32365523586751377,1,3209.02537500001
RhizAeon,nested_russian_doll,0.02,5,10,50,2,1,5,0,0.0,0.0,5,0.1111111111111111,0.3298187808896211,1,2139.586332999997
3SEQ,nested_russian_doll,0.02,5,10,50,2,5,5,5,1.0,1.0,0,0.0,0.3090460018524236,1,3325.4828749999915
RhizAeon,nested_russian_doll,0.02,5,12,50,2,1,5,5,1.0,1.0,0,0.0,0.34140518417462484,1,2237.729625
3SEQ,nested_russian_doll,0.02,5,12,50,2,20,20,5,1.0,0.25,15,0.3333333333333333,0.26914661355778896,1,3435.846999999995
RhizAeon,nested_russian_doll,0.02,5,14,50,2,1,5,5,1.0,1.0,0,0.0,0.38544474393531,1,2322.3700419999886
3SEQ,nested_russian_doll,0.02,5,14,50,2,35,35,5,1.0,0.14285714285714285,30,0.6666666666666666,0.5850849615343844,1,3691.4215420000005
RhizAeon,nested_russian_doll,0.02,5,13,50,2,1,5,5,1.0,1.0,0,0.0,0.3360187982544478,1,2285.062666999991
3SEQ,nested_russian_doll,0.02,5,13,50,2,19,19,5,1.0,0.2631578947368421,14,0.3111111111111111,0.38218571004201995,1,3823.8863329999904
RhizAeon,nested_russian_doll,0.02,5,15,50,2,2,2,1,0.2,0.5,1,0.022222222222222223,0.334447043100568,2,2827.0077920000035
3SEQ,nested_russian_doll,0.02,5,15,50,2,19,19,5,1.0,0.2631578947368421,14,0.3111111111111111,0.2619468491481554,1,3121.6074579999995
RhizAeon,nested_russian_doll,0.02,5,16,50,2,2,7,5,1.0,1.0,0,0.0,0.3347826086956522,1,3027.444083000006
3SEQ,nested_russian_doll,0.02,5,16,50,2,35,35,5,1.0,0.14285714285714285,30,0.6666666666666666,0.3754895969470719,1,3620.0197919999937
RhizAeon,nested_russian_doll,0.02,5,19,50,2,1,5,5,1.0,1.0,0,0.0,0.3332223701731025,1,2656.5852500000065
3SEQ,nested_russian_doll,0.02,5,19,50,2,19,19,5,1.0,0.2631578947368421,14,0.3111111111111111,0.36342734903156726,1,3577.8159169999954
RhizAeon,nested_russian_doll,0.02,5,18,50,2,1,5,5,1.0,1.0,0,0.0,0.33433533734134935,1,2984.958083999999
3SEQ,nested_russian_doll,0.02,5,18,50,2,5,5,5,1.0,1.0,0,0.0,0.3342237061769616,1,3595.6900000000046
RhizAeon,nested_russian_doll,0.02,5,17,50,2,1,3,3,0.6,1.0,0,0.0,0.4415527128363476,1,3373.9190830000043
3SEQ,nested_russian_doll,0.02,5,17,50,2,20,20,5,1.0,0.25,15,0.3333333333333333,0.33773746210136774,1,3605.0880830000124
RhizAeon,nested_russian_doll,0.02,10,1,55,2,1,10,10,1.0,1.0,0,0.0,0.33366666666666667,1,3294.5568330000015
3SEQ,nested_russian_doll,0.02,10,1,55,2,10,10,10,1.0,1.0,0,0.0,0.326803787136794,1,4797.303333000002
RhizAeon,nested_russian_doll,0.02,10,0,55,2,1,10,10,1.0,1.0,0,0.0,0.3299274884640738,1,3157.3482920000088
3SEQ,nested_russian_doll,0.02,10,0,55,2,24,24,10,1.0,0.4166666666666667,14,0.3111111111111111,0.3011296240553795,1,4985.1537920000055
RhizAeon,nested_russian_doll,0.02,10,2,55,2,1,10,10,1.0,1.0,0,0.0,0.34481570788839133,1,2368.7307499999974
3SEQ,nested_russian_doll,0.02,10,2,55,2,40,40,10,1.0,0.25,30,0.6666666666666666,0.2776239223655225,1,5367.553416000007
RhizAeon,nested_russian_doll,0.02,10,4,55,2,1,3,3,0.3,1.0,0,0.0,0.5240837696335079,1,2520.477249999999
3SEQ,nested_russian_doll,0.02,10,4,55,2,24,24,10,1.0,0.4166666666666667,14,0.3111111111111111,0.49991295214753806,1,4730.557875000002
RhizAeon,nested_russian_doll,0.02,10,3,55,2,1,10,10,1.0,1.0,0,0.0,0.3416382252559727,1,3835.610709000008
3SEQ,nested_russian_doll,0.02,10,3,55,2,40,40,10,1.0,0.25,30,0.6666666666666666,0.30520597368966407,1,5149.827959000007
RhizAeon,nested_russian_doll,0.02,10,5,55,2,2,10,10,1.0,1.0,0,0.0,0.3736468831653602,1,3573.5915000000064
3SEQ,nested_russian_doll,0.02,10,5,55,2,35,35,10,1.0,0.2857142857142857,25,0.5555555555555556,0.2979627529536787,1,4778.065042000008
RhizAeon,nested_russian_doll,0.02,10,7,55,2,1,10,10,1.0,1.0,0,0.0,0.3359060402684564,1,3454.707374999998
3SEQ,nested_russian_doll,0.02,10,7,55,2,24,24,10,1.0,0.4166666666666667,14,0.3111111111111111,0.5023574876904917,1,4882.207041000001
RhizAeon,nested_russian_doll,0.02,10,6,55,2,1,10,10,1.0,1.0,0,0.0,0.33783327708403643,1,3944.373374999998
3SEQ,nested_russian_doll,0.02,10,6,55,2,10,10,10,1.0,1.0,0,0.0,0.33073427393547916,1,5748.774209000004
RhizAeon,nested_russian_doll,0.02,10,8,55,2,2,22,8,0.8,0.36363636363636365,14,0.3111111111111111,0.3334443704197202,1,3505.6515830000026
3SEQ,nested_russian_doll,0.02,10,8,55,2,23,23,10,1.0,0.43478260869565216,13,0.28888888888888886,0.30465975133319684,1,4718.830874999995
RhizAeon,nested_russian_doll,0.02,10,9,55,2,2,3,1,0.1,0.3333333333333333,2,0.044444444444444446,0.3376053962900506,1,2562.8831669999954
3SEQ,nested_russian_doll,0.02,10,9,55,2,40,40,10,1.0,0.25,30,0.6666666666666666,0.44843822062629735,1,5124.734750000001
RhizAeon,nested_russian_doll,0.02,10,10,55,2,2,10,10,1.0,1.0,0,0.0,0.33366666666666667,1,3423.3634169999905
3SEQ,nested_russian_doll,0.02,10,10,55,2,25,25,10,1.0,0.4,15,0.3333333333333333,0.34139928137280423,1,4857.695542000002
RhizAeon,nested_russian_doll,0.02,10,11,55,2,1,9,9,0.9,1.0,0,0.0,0.34024473147518697,1,3329.1657090000085
3SEQ,nested_russian_doll,0.02,10,11,55,2,10,10,10,1.0,1.0,0,0.0,0.3398981324278437,1,4798.866750000002
RhizAeon,nested_russian_doll,0.02,10,12,55,2,2,12,10,1.0,1.0,0,0.0,0.33681022880215344,1,2530.4604999999897
3SEQ,nested_russian_doll,0.02,10,12,55,2,27,27,10,1.0,0.37037037037037035,17,0.37777777777777777,0.3584979777318304,1,4790.831082999986
RhizAeon,nested_russian_doll,0.02,10,14,55,2,1,10,10,1.0,1.0,0,0.0,0.3600719424460432,1,3103.6481250000065
3SEQ,nested_russian_doll,0.02,10,14,55,2,25,25,10,1.0,0.4,15,0.3333333333333333,0.3807784256871836,1,4680.290459000005
RhizAeon,nested_russian_doll,0.02,10,13,55,2,1,10,10,1.0,1.0,0,0.0,0.3385187690226581,1,3743.8543329999875
3SEQ,nested_russian_doll,0.02,10,13,55,2,22,22,10,1.0,0.45454545454545453,12,0.26666666666666666,0.3403768098382505,1,4715.71449999999
RhizAeon,nested_russian_doll,0.02,10,15,55,2,1,10,10,1.0,1.0,0,0.0,0.3380614657210402,1,3567.4432500000107
3SEQ,nested_russian_doll,0.02,10,15,55,2,25,25,10,1.0,0.4,15,0.3333333333333333,0.3624893000030319,1,4847.913375000018
RhizAeon,nested_russian_doll,0.02,10,16,55,2,1,2,0,0.0,0.0,2,0.044444444444444446,0.446875,1,3695.1395829999997
3SEQ,nested_russian_doll,0.02,10,16,55,2,24,24,10,1.0,0.4166666666666667,14,0.3111111111111111,0.3327392978568935,1,4644.849749999992
RhizAeon,nested_russian_doll,0.05,1,0,46,2,1,1,1,1.0,1.0,0,0.0,0.47871831659493064,1,2173.52958299999
3SEQ,nested_russian_doll,0.05,1,0,46,2,17,17,1,1.0,0.058823529411764705,16,0.35555555555555557,0.6563951438751175,1,3439.4329170000046
RhizAeon,nested_russian_doll,0.02,10,17,55,2,1,5,5,0.5,1.0,0,0.0,0.33624454148471616,1,2816.5923749999993
3SEQ,nested_russian_doll,0.02,10,17,55,2,24,24,10,1.0,0.4166666666666667,14,0.3111111111111111,0.3244618147527608,1,4858.219915999996
RhizAeon,nested_russian_doll,0.02,10,19,55,2,1,9,9,0.9,1.0,0,0.0,0.0,0,2387.0102919999854
3SEQ,nested_russian_doll,0.02,10,19,55,2,11,11,10,1.0,0.9090909090909091,1,0.022222222222222223,0.31092493034124025,1,4364.794125000003
RhizAeon,nested_russian_doll,0.02,10,18,55,2,1,9,9,0.9,1.0,0,0.0,0.3403604216252975,1,3310.383915999992
3SEQ,nested_russian_doll,0.02,10,18,55,2,40,40,10,1.0,0.25,30,0.6666666666666666,0.5507063381135178,1,4771.608958999991
RhizAeon,nested_russian_doll,0.05,1,3,46,2,1,1,1,1.0,1.0,0,0.0,0.33455882352941174,1,2263.1720830000004
3SEQ,nested_russian_doll,0.05,1,3,46,2,16,16,1,1.0,0.0625,15,0.3333333333333333,0.47516546363953954,1,3391.794417
RhizAeon,nested_russian_doll,0.05,1,1,46,2,2,2,1,1.0,1.0,0,0.0,0.952047952047952,1,2828.485749999999
3SEQ,nested_russian_doll,0.05,1,1,46,2,17,17,1,1.0,0.058823529411764705,16,0.35555555555555557,0.45808210968279994,1,3405.078666999998
RhizAeon,nested_russian_doll,0.05,1,2,46,2,2,4,1,1.0,0.25,3,0.06666666666666667,0.33681022880215344,1,2278.2778340000077
3SEQ,nested_russian_doll,0.05,1,2,46,2,31,31,1,1.0,0.03225806451612903,30,0.6666666666666666,0.2561151298548345,1,3658.88958299999
RhizAeon,nested_russian_doll,0.05,1,4,46,2,2,2,1,1.0,1.0,0,0.0,0.003198720511795282,0,2179.033666999999
3SEQ,nested_russian_doll,0.05,1,4,46,2,16,16,1,1.0,0.0625,15,0.3333333333333333,0.2712901157632799,1,3646.648916999993
RhizAeon,nested_russian_doll,0.05,1,5,46,2,2,7,1,1.0,0.14285714285714285,6,0.13333333333333333,0.3617636429345862,1,2156.2484160000113
3SEQ,nested_russian_doll,0.05,1,5,46,2,31,31,1,1.0,0.03225806451612903,30,0.6666666666666666,0.2612608823255263,1,3838.4570000000053
RhizAeon,nested_russian_doll,0.05,1,6,46,2,1,1,1,1.0,1.0,0,0.0,0.33863328822733424,1,2301.744458000002
3SEQ,nested_russian_doll,0.05,1,6,46,2,31,31,1,1.0,0.03225806451612903,30,0.6666666666666666,0.4251342518317619,1,3697.070958000012
RhizAeon,nested_russian_doll,0.05,1,7,46,2,3,3,1,1.0,1.0,0,0.0,0.17240240467689577,1,2572.798750000004
3SEQ,nested_russian_doll,0.05,1,7,46,2,29,29,1,1.0,0.034482758620689655,28,0.6222222222222222,0.6449449046128308,1,3433.983583000014
RhizAeon,nested_russian_doll,0.05,1,8,46,2,2,15,1,1.0,0.06666666666666667,14,0.3111111111111111,0.335455764075067,1,2387.936957999983
3SEQ,nested_russian_doll,0.05,1,8,46,2,17,17,1,1.0,0.058823529411764705,16,0.35555555555555557,0.3258146089583676,1,3764.820874999998
RhizAeon,nested_russian_doll,0.05,1,9,46,2,1,1,1,1.0,1.0,0,0.0,0.3360187982544478,1,2481.675625000008
3SEQ,nested_russian_doll,0.05,1,9,46,2,30,30,1,1.0,0.03333333333333333,29,0.6444444444444445,0.266608550377131,1,3548.935374999985
RhizAeon,nested_russian_doll,0.05,1,10,46,2,1,1,1,1.0,1.0,0,0.0,0.35421089879688605,1,2532.309583
3SEQ,nested_russian_doll,0.05,1,10,46,2,44,44,1,1.0,0.022727272727272728,43,0.9555555555555556,0.33598171839551294,1,3544.1981669999905
RhizAeon,nested_russian_doll,0.05,1,12,46,2,1,1,1,1.0,1.0,0,0.0,0.334447043100568,1,2612.062250000008
3SEQ,nested_russian_doll,0.05,1,12,46,2,31,31,1,1.0,0.03225806451612903,30,0.6666666666666666,0.3647076691388895,1,3391.9722919999913
RhizAeon,nested_russian_doll,0.05,1,11,46,2,1,1,1,1.0,1.0,0,0.0,0.3373778227165487,1,2399.554375000008
3SEQ,nested_russian_doll,0.05,1,11,46,2,16,16,1,1.0,0.0625,15,0.3333333333333333,0.4128879218997316,1,3863.5121249999997
RhizAeon,nested_russian_doll,0.05,1,13,46,2,1,1,1,1.0,1.0,0,0.0,0.3408239700374532,1,2412.904499999996
3SEQ,nested_russian_doll,0.05,1,13,46,2,16,16,1,1.0,0.0625,15,0.3333333333333333,0.39203683306040565,1,3484.035167000002
RhizAeon,nested_russian_doll,0.05,1,14,46,2,1,1,1,1.0,1.0,0,0.0,0.33377792597532513,1,2393.9791250000153
3SEQ,nested_russian_doll,0.05,1,14,46,2,31,31,1,1.0,0.03225806451612903,30,0.6666666666666666,0.5245016162598238,1,3663.0927079999938
RhizAeon,nested_russian_doll,0.05,1,15,46,2,1,1,1,1.0,1.0,0,0.0,0.3404761904761905,1,2895.830249999989
3SEQ,nested_russian_doll,0.05,1,15,46,2,16,16,1,1.0,0.0625,15,0.3333333333333333,0.23493626455264247,1,3651.215499999978
RhizAeon,nested_russian_doll,0.05,1,16,46,2,3,3,1,1.0,1.0,0,0.0,0.1684093991272239,1,3246.2490409999987
3SEQ,nested_russian_doll,0.05,1,16,46,2,16,16,1,1.0,0.0625,15,0.3333333333333333,0.24960597476423624,1,3905.4652920000026
RhizAeon,nested_russian_doll,0.05,1,17,46,2,1,1,1,1.0,1.0,0,0.0,0.34445973847212663,1,2236.414957999983
3SEQ,nested_russian_doll,0.05,1,17,46,2,18,18,1,1.0,0.05555555555555555,17,0.37777777777777777,0.5051028924269002,1,4032.7602499999957
RhizAeon,nested_russian_doll,0.05,1,18,46,2,1,1,1,1.0,1.0,0,0.0,0.334447043100568,1,3018.588374999979
3SEQ,nested_russian_doll,0.05,1,18,46,2,16,16,1,1.0,0.0625,15,0.3333333333333333,0.5760113830356461,1,3460.43554100001
RhizAeon,nested_russian_doll,0.05,1,19,46,2,3,3,1,1.0,1.0,0,0.0,0.3530864197530864,1,2524.788957999988
3SEQ,nested_russian_doll,0.05,1,19,46,2,16,16,1,1.0,0.0625,15,0.3333333333333333,0.4951573479368101,1,4039.8996659999966
RhizAeon,nested_russian_doll,0.05,5,0,50,2,2,6,5,1.0,0.8333333333333334,1,0.022222222222222223,0.34175486514168657,1,2782.6392079999778
3SEQ,nested_russian_doll,0.05,5,0,50,2,35,35,5,1.0,0.14285714285714285,30,0.6666666666666666,0.5089494543130829,1,5216.365999999994
RhizAeon,nested_russian_doll,0.05,5,1,50,2,2,6,5,1.0,1.0,0,0.0,0.6301602327803202,1,3020.942415999997
3SEQ,nested_russian_doll,0.05,5,1,50,2,20,20,5,1.0,0.25,15,0.3333333333333333,0.30048305435761213,1,4878.427334000008
RhizAeon,nested_russian_doll,0.05,5,2,50,2,3,7,5,1.0,1.0,0,0.0,0.17054846955936764,1,3334.3157500000016
3SEQ,nested_russian_doll,0.05,5,2,50,2,20,20,5,1.0,0.25,15,0.3333333333333333,0.31804847150889953,1,4759.488207999993
RhizAeon,nested_russian_doll,0.05,5,3,50,2,1,5,5,1.0,1.0,0,0.0,0.3342237061769616,1,3055.4163329999824
3SEQ,nested_russian_doll,0.05,5,3,50,2,35,35,5,1.0,0.14285714285714285,30,0.6666666666666666,0.30434263629471,1,4552.301583000002
RhizAeon,nested_russian_doll,0.05,5,4,50,2,3,12,5,1.0,1.0,0,0.0,0.3326686606846128,1,2983.9041669999915
3SEQ,nested_russian_doll,0.05,5,4,50,2,35,35,5,1.0,0.14285714285714285,30,0.6666666666666666,0.2895877595279765,1,5012.200374999992
RhizAeon,nested_russian_doll,0.05,5,6,50,2,3,10,5,1.0,1.0,0,0.0,0.6489366185619982,1,3098.075791000014
3SEQ,nested_russian_doll,0.05,5,6,50,2,35,35,5,1.0,0.14285714285714285,30,0.6666666666666666,0.31183361174364493,1,4655.139625000003
RhizAeon,nested_russian_doll,0.05,5,5,50,2,3,7,5,1.0,1.0,0,0.0,0.17207941176470587,1,3235.977957999978
3SEQ,nested_russian_doll,0.05,5,5,50,2,20,20,5,1.0,0.25,15,0.3333333333333333,0.4495392801332878,1,5114.947000000001
RhizAeon,nested_russian_doll,0.05,5,7,50,2,1,5,5,1.0,1.0,0,0.0,0.33635752688172044,1,3131.3862499999914
3SEQ,nested_russian_doll,0.05,5,7,50,2,20,20,5,1.0,0.25,15,0.3333333333333333,0.45657804622455467,1,4832.471624999982
RhizAeon,nested_russian_doll,0.05,5,8,50,2,1,5,5,1.0,1.0,0,0.0,0.3335554815061646,1,3317.433749999992
3SEQ,nested_russian_doll,0.05,5,8,50,2,48,48,5,1.0,0.10416666666666667,43,0.9555555555555556,0.5620975972960357,1,4706.290957999982
RhizAeon,nested_russian_doll,0.05,5,9,50,2,1,5,5,1.0,1.0,0,0.0,0.33433533734134935,1,3196.7012090000253
3SEQ,nested_russian_doll,0.05,5,9,50,2,50,50,5,1.0,0.1,45,1.0,0.3332013837535242,1,5009.498291999989
RhizAeon,nested_russian_doll,0.05,5,10,50,2,1,5,5,1.0,1.0,0,0.0,0.3397827562797013,1,2736.1415840000236
3SEQ,nested_russian_doll,0.05,5,10,50,2,20,20,5,1.0,0.25,15,0.3333333333333333,0.3254170838445399,1,5146.146625
RhizAeon,nested_russian_doll,0.05,5,11,50,2,2,7,5,1.0,1.0,0,0.0,0.3423392612859097,1,3069.165292000008
3SEQ,nested_russian_doll,0.05,5,11,50,2,46,46,5,1.0,0.10869565217391304,41,0.9111111111111111,0.3946709107835714,1,4391.266999999999
RhizAeon,nested_russian_doll,0.05,5,12,50,2,2,6,5,1.0,0.8333333333333334,1,0.022222222222222223,0.33692359474924266,1,2979.2463339999813
3SEQ,nested_russian_doll,0.05,5,12,50,2,23,23,5,1.0,0.21739130434782608,18,0.4,0.2801587863310968,1,4650.103958000017
RhizAeon,nested_russian_doll,0.05,5,13,50,2,1,5,5,1.0,1.0,0,0.0,0.3293846660085554,1,3243.63975
3SEQ,nested_russian_doll,0.05,5,13,50,2,20,20,5,1.0,0.25,15,0.3333333333333333,0.39235381910610856,1,4414.995874999988
RhizAeon,nested_russian_doll,0.05,5,15,50,2,3,13,5,1.0,1.0,0,0.0,0.1719111111111111,1,2730.7248330000107
3SEQ,nested_russian_doll,0.05,5,15,50,2,35,35,5,1.0,0.14285714285714285,30,0.6666666666666666,0.379798520721463,1,4212.6500829999995
RhizAeon,nested_russian_doll,0.05,5,14,50,2,1,5,5,1.0,1.0,0,0.0,0.0,0,2863.1606670000165
3SEQ,nested_russian_doll,0.05,5,14,50,2,35,35,5,1.0,0.14285714285714285,30,0.6666666666666666,0.4232877160460111,1,4482.370874999987
RhizAeon,nested_russian_doll,0.05,5,16,50,2,2,10,5,1.0,1.0,0,0.0,0.0016,0,2732.857249999995
3SEQ,nested_russian_doll,0.05,5,16,50,2,20,20,5,1.0,0.25,15,0.3333333333333333,0.4387618186217278,1,4605.119207999991
RhizAeon,nested_russian_doll,0.05,5,17,50,2,1,5,5,1.0,1.0,0,0.0,0.33433533734134935,1,2999.221417000001
3SEQ,nested_russian_doll,0.05,5,17,50,2,30,30,5,1.0,0.16666666666666666,25,0.5555555555555556,0.34806017231211844,1,4570.97379199999
RhizAeon,nested_russian_doll,0.05,5,18,50,2,3,7,5,1.0,1.0,0,0.0,0.1707446297531688,1,2924.1509169999918
3SEQ,nested_russian_doll,0.05,5,18,50,2,50,50,5,1.0,0.1,45,1.0,0.35446340606965393,1,4478.915625000013
RhizAeon,nested_russian_doll,0.05,5,19,50,2,4,12,5,1.0,1.0,0,0.0,0.11699778597785977,1,2764.063458999999
3SEQ,nested_russian_doll,0.05,5,19,50,2,23,23,5,1.0,0.21739130434782608,18,0.4,0.33459662573710086,1,4420.813584000001
RhizAeon,nested_russian_doll,0.05,10,0,55,2,1,10,10,1.0,1.0,0,0.0,0.334447043100568,1,3420.1389579999955
3SEQ,nested_russian_doll,0.05,10,0,55,2,40,40,10,1.0,0.25,30,0.6666666666666666,0.29283601022035166,1,5736.830832999999
RhizAeon,nested_russian_doll,0.05,10,1,55,2,3,12,10,1.0,1.0,0,0.0,0.16960875938312153,1,3327.1062919999963
3SEQ,nested_russian_doll,0.05,10,1,55,2,40,40,10,1.0,0.25,30,0.6666666666666666,0.3912415338289489,1,5918.351916999995
RhizAeon,nested_russian_doll,0.05,10,2,55,2,2,20,10,1.0,1.0,0,0.0,0.0023997600959616153,0,3302.6946660000076
3SEQ,nested_russian_doll,0.05,10,2,55,2,41,41,10,1.0,0.24390243902439024,31,0.6888888888888889,0.3282321502922858,1,5916.9483340000115
RhizAeon,nested_russian_doll,0.05,10,3,55,2,3,12,10,1.0,0.9090909090909091,1,0.022222222222222223,0.16578127824777678,1,3553.5604169999997
3SEQ,nested_russian_doll,0.05,10,3,55,2,40,40,10,1.0,0.25,30,0.6666666666666666,0.597786755258954,1,5720.50462499999
RhizAeon,nested_russian_doll,0.05,10,4,55,2,1,10,10,1.0,1.0,0,0.0,0.3376053962900506,1,3601.6827919999914
3SEQ,nested_russian_doll,0.05,10,4,55,2,41,41,10,1.0,0.24390243902439024,31,0.6888888888888889,0.34154262271523067,1,5910.393124999984
RhizAeon,nested_russian_doll,0.05,10,6,55,2,2,20,10,1.0,1.0,0,0.0,0.3351188483428189,1,3365.2105410000104
3SEQ,nested_russian_doll,0.05,10,6,55,2,25,25,10,1.0,0.4,15,0.3333333333333333,0.2733692827916306,1,5810.667333999987
RhizAeon,nested_russian_doll,0.05,10,7,55,2,2,20,10,1.0,1.0,0,0.0,0.0,0,3287.275749999992
3SEQ,nested_russian_doll,0.05,10,7,55,2,25,25,10,1.0,0.4,15,0.3333333333333333,0.30103854821666326,1,6021.480666000002
RhizAeon,nested_russian_doll,0.05,10,5,55,2,1,10,10,1.0,1.0,0,0.0,0.3360187982544478,1,3484.567542000008
3SEQ,nested_russian_doll,0.05,10,5,55,2,40,40,10,1.0,0.25,30,0.6666666666666666,0.3096845986585822,1,6348.666750000007
RhizAeon,nested_russian_doll,0.05,10,8,55,2,2,11,10,1.0,0.9090909090909091,1,0.022222222222222223,0.3334443704197202,1,3373.309500000005
3SEQ,nested_russian_doll,0.05,10,8,55,2,27,27,10,1.0,0.37037037037037035,17,0.37777777777777777,0.43074641299095695,1,6260.448957999984
RhizAeon,nested_russian_doll,0.05,10,9,55,2,2,11,10,1.0,1.0,0,0.0,0.16951639863797982,1,3660.7056250000196
3SEQ,nested_russian_doll,0.05,10,9,55,2,25,25,10,1.0,0.4,15,0.3333333333333333,0.26318269225123186,1,6074.641750000012
RhizAeon,nested_russian_doll,0.05,10,11,55,2,2,11,10,1.0,0.9090909090909091,1,0.022222222222222223,0.16884674701547953,1,3262.8989170000013
3SEQ,nested_russian_doll,0.05,10,11,55,2,53,53,10,1.0,0.18867924528301888,43,0.9555555555555556,0.517335627998678,1,6072.565207999986
RhizAeon,nested_russian_doll,0.05,10,10,55,2,3,19,10,1.0,1.0,0,0.0,0.17259355226136397,1,3266.067499999991
3SEQ,nested_russian_doll,0.05,10,10,55,2,40,40,10,1.0,0.25,30,0.6666666666666666,0.3820604320041879,1,6325.915624999993
RhizAeon,nested_russian_doll,0.05,10,12,55,2,4,20,10,1.0,1.0,0,0.0,0.6298578768332044,1,3284.0500000000075
3SEQ,nested_russian_doll,0.05,10,12,55,2,40,40,10,1.0,0.25,30,0.6666666666666666,0.5005795626431098,1,5997.58058399999
RhizAeon,nested_russian_doll,0.05,10,13,55,2,1,10,10,1.0,1.0,0,0.0,0.3371505557426743,1,3215.5265420000205
3SEQ,nested_russian_doll,0.05,10,13,55,2,40,40,10,1.0,0.25,30,0.6666666666666666,0.5801560175410494,1,5634.319625000017
RhizAeon,nested_russian_doll,0.05,10,14,55,2,1,10,10,1.0,1.0,0,0.0,0.335455764075067,1,3198.9827909999917
3SEQ,nested_russian_doll,0.05,10,14,55,2,40,40,10,1.0,0.25,30,0.6666666666666666,0.5976430726103334,1,6050.3481249999995
RhizAeon,nested_russian_doll,0.05,10,15,55,2,3,12,10,1.0,1.0,0,0.0,0.17285607476635514,1,3323.5627920000184
3SEQ,nested_russian_doll,0.05,10,15,55,2,27,27,10,1.0,0.37037037037037035,17,0.37777777777777777,0.42455614542639397,1,5768.937249999994
RhizAeon,nested_russian_doll,0.1,1,0,46,2,2,2,1,1.0,0.5,1,0.022222222222222223,0.33377792597532513,1,2176.6245829999775
3SEQ,nested_russian_doll,0.1,1,0,46,2,31,31,1,1.0,0.03225806451612903,30,0.6666666666666666,0.6034382284382284,1,4227.130125000002
RhizAeon,nested_russian_doll,0.05,10,16,55,2,3,28,10,1.0,1.0,0,0.0,0.1703185486605629,1,3594.6005000000127
3SEQ,nested_russian_doll,0.05,10,16,55,2,55,55,10,1.0,0.18181818181818182,45,1.0,0.4533973803651466,1,5178.238209
RhizAeon,nested_russian_doll,0.05,10,17,55,2,1,10,10,1.0,1.0,0,0.0,0.33311148086522463,1,3470.6787499999905
3SEQ,nested_russian_doll,0.05,10,17,55,2,40,40,10,1.0,0.25,30,0.6666666666666666,0.37344415091339783,1,5271.725291999985
RhizAeon,nested_russian_doll,0.1,1,1,46,2,3,14,1,1.0,0.07142857142857142,13,0.28888888888888886,0.33658372562205785,1,2050.2851250000163
3SEQ,nested_russian_doll,0.1,1,1,46,2,31,31,1,1.0,0.03225806451612903,30,0.6666666666666666,0.47706190338849735,1,4271.912541000006
RhizAeon,nested_russian_doll,0.1,1,3,46,2,2,16,1,1.0,0.0625,15,0.3333333333333333,0.3342237061769616,1,1887.653499999999
3SEQ,nested_russian_doll,0.1,1,3,46,2,46,46,1,1.0,0.021739130434782608,45,1.0,0.33317016407084715,1,4014.518375000023
RhizAeon,nested_russian_doll,0.1,1,2,46,2,1,1,1,1.0,1.0,0,0.0,0.334447043100568,1,2005.2370829999973
3SEQ,nested_russian_doll,0.1,1,2,46,2,32,32,1,1.0,0.03125,31,0.6888888888888889,0.3481449569401355,1,4312.289207999982
RhizAeon,nested_russian_doll,0.05,10,19,55,2,1,10,10,1.0,1.0,0,0.0,0.33178654292343385,1,3335.536208999997
3SEQ,nested_russian_doll,0.05,10,19,55,2,36,36,10,1.0,0.2777777777777778,26,0.5777777777777777,0.30129526687523756,1,5541.613624999996
RhizAeon,nested_russian_doll,0.05,10,18,55,2,1,10,10,1.0,1.0,0,0.0,0.33433533734134935,1,3558.6302079999823
3SEQ,nested_russian_doll,0.05,10,18,55,2,55,55,10,1.0,0.18181818181818182,45,1.0,0.5840807747857034,1,5375.669750000015
RhizAeon,nested_russian_doll,0.1,1,4,46,2,2,3,1,1.0,0.3333333333333333,2,0.044444444444444446,0.3351188483428189,1,1811.94020800001
3SEQ,nested_russian_doll,0.1,1,4,46,2,32,32,1,1.0,0.03125,31,0.6888888888888889,0.5930181249387222,1,5175.625666999991
RhizAeon,nested_russian_doll,0.1,1,5,46,2,1,1,1,1.0,1.0,0,0.0,0.3341121495327103,1,1816.602500000016
3SEQ,nested_russian_doll,0.1,1,5,46,2,1,1,1,1.0,1.0,0,0.0,0.3341121495327103,1,5634.240750000004
RhizAeon,nested_russian_doll,0.1,1,6,46,2,1,1,1,1.0,1.0,0,0.0,0.3347826086956522,1,1784.4353749999868
3SEQ,nested_russian_doll,0.1,1,6,46,2,1,1,1,1.0,1.0,0,0.0,0.3338892595063376,1,5687.6695419999805
RhizAeon,nested_russian_doll,0.1,1,7,46,2,1,1,1,1.0,1.0,0,0.0,0.33366666666666667,1,1824.988167000015
3SEQ,nested_russian_doll,0.1,1,7,46,2,31,31,1,1.0,0.03225806451612903,30,0.6666666666666666,0.6564395793425558,1,5871.705334000012
RhizAeon,nested_russian_doll,0.1,1,8,46,2,2,3,1,1.0,0.3333333333333333,2,0.044444444444444446,0.3347826086956522,1,3389.4657499999994
3SEQ,nested_russian_doll,0.1,1,8,46,2,29,29,1,1.0,0.034482758620689655,28,0.6222222222222222,0.28844866015376897,1,5904.832249999999
RhizAeon,nested_russian_doll,0.1,1,9,46,2,3,3,1,1.0,1.0,0,0.0,0.16775942417140946,1,2733.186000000018
3SEQ,nested_russian_doll,0.1,1,9,46,2,29,29,1,1.0,0.034482758620689655,28,0.6222222222222222,0.5994753860069855,1,6226.918083000015
RhizAeon,nested_russian_doll,0.1,1,11,46,2,1,1,1,1.0,1.0,0,0.0,0.3342237061769616,1,2660.067333000001
3SEQ,nested_russian_doll,0.1,1,11,46,2,16,16,1,1.0,0.0625,15,0.3333333333333333,0.5025070794278741,1,6433.28975
RhizAeon,nested_russian_doll,0.1,1,10,46,2,3,3,1,1.0,1.0,0,0.0,0.33749157113958195,1,3033.6997499999825
3SEQ,nested_russian_doll,0.1,1,10,46,2,29,29,1,1.0,0.034482758620689655,28,0.6222222222222222,0.4293035572795717,1,6322.273959
RhizAeon,nested_russian_doll,0.1,1,12,46,2,4,4,1,1.0,1.0,0,0.0,0.9876149222065064,1,2538.619874999995
3SEQ,nested_russian_doll,0.1,1,12,46,2,31,31,1,1.0,0.03225806451612903,30,0.6666666666666666,0.6350077842211845,1,6578.377041000011
RhizAeon,nested_russian_doll,0.1,1,14,46,2,2,2,1,1.0,1.0,0,0.0,0.0004,0,2867.1075830000063
3SEQ,nested_russian_doll,0.1,1,14,46,2,46,46,1,1.0,0.021739130434782608,45,1.0,0.4764124301283989,1,6449.75333299999
RhizAeon,nested_russian_doll,0.1,1,15,46,2,3,14,1,1.0,0.07692307692307693,12,0.26666666666666666,0.17294824494444647,1,2707.2013330000004
3SEQ,nested_russian_doll,0.1,1,15,46,2,31,31,1,1.0,0.03225806451612903,30,0.6666666666666666,0.6381381184761222,1,6426.890291000007
RhizAeon,nested_russian_doll,0.1,1,13,46,2,2,6,1,1.0,0.16666666666666666,5,0.1111111111111111,0.33568075117370894,1,3663.0130419999887
3SEQ,nested_russian_doll,0.1,1,13,46,2,31,31,1,1.0,0.03225806451612903,30,0.6666666666666666,0.6818900974100223,1,6323.740917000009
RhizAeon,nested_russian_doll,0.1,1,16,46,2,1,1,1,1.0,1.0,0,0.0,0.33489461358313816,1,2442.5560420000065
3SEQ,nested_russian_doll,0.1,1,16,46,2,16,16,1,1.0,0.0625,15,0.3333333333333333,0.3681499931526404,1,7430.280334000003
RhizAeon,nested_russian_doll,0.1,1,17,46,2,1,1,1,1.0,1.0,0,0.0,0.33455882352941174,1,2644.5541250000133
3SEQ,nested_russian_doll,0.1,1,17,46,2,16,16,1,1.0,0.0625,15,0.3333333333333333,0.4823447449239627,1,7615.4328340000175
RhizAeon,nested_russian_doll,0.1,1,18,46,2,1,1,1,1.0,1.0,0,0.0,0.33366666666666667,1,2812.2700000000123
3SEQ,nested_russian_doll,0.1,1,18,46,2,31,31,1,1.0,0.03225806451612903,30,0.6666666666666666,0.4934931604007719,1,6755.969290999985
RhizAeon,nested_russian_doll,0.1,1,19,46,2,2,2,1,1.0,1.0,0,0.0,0.003198720511795282,0,3020.9702919999872
3SEQ,nested_russian_doll,0.1,1,19,46,2,16,16,1,1.0,0.0625,15,0.3333333333333333,0.22097866608386946,1,6669.518374999996
RhizAeon,nested_russian_doll,0.1,5,0,50,2,1,5,5,1.0,1.0,0,0.0,0.3340006673340007,1,3823.318042000011
3SEQ,nested_russian_doll,0.1,5,0,50,2,34,34,5,1.0,0.14705882352941177,29,0.6444444444444445,0.42932293092182805,1,9386.254707999995
RhizAeon,nested_russian_doll,0.1,5,1,50,2,1,5,5,1.0,1.0,0,0.0,0.3355682199128394,1,3885.445207999993
3SEQ,nested_russian_doll,0.1,5,1,50,2,36,36,5,1.0,0.1388888888888889,31,0.6888888888888889,0.6239613474101863,1,9487.91570900002
RhizAeon,nested_russian_doll,0.1,5,3,50,2,3,11,5,1.0,0.625,3,0.06666666666666667,0.33377792597532513,1,4230.807291000019
3SEQ,nested_russian_doll,0.1,5,3,50,2,35,35,5,1.0,0.14285714285714285,30,0.6666666666666666,0.478375861594749,1,9146.776875
RhizAeon,nested_russian_doll,0.1,5,6,50,2,3,24,5,1.0,0.2631578947368421,14,0.3111111111111111,0.16913461963927234,1,3856.4219590000166
3SEQ,nested_russian_doll,0.1,5,6,50,2,32,32,5,1.0,0.15625,27,0.6,0.39509002733696563,1,9401.175499999994
RhizAeon,nested_russian_doll,0.1,5,4,50,2,1,5,5,1.0,1.0,0,0.0,0.3353433835845896,1,4114.770375000006
3SEQ,nested_russian_doll,0.1,5,4,50,2,37,37,5,1.0,0.13513513513513514,32,0.7111111111111111,0.47902056208273763,1,9506.471916999999
RhizAeon,nested_russian_doll,0.1,5,7,50,2,3,15,5,1.0,1.0,0,0.0,0.1686093991272239,1,4289.254124999985
3SEQ,nested_russian_doll,0.1,5,7,50,2,36,36,5,1.0,0.1388888888888889,31,0.6888888888888889,0.36130999955891485,1,8923.532666
RhizAeon,nested_russian_doll,0.1,5,2,50,2,1,5,5,1.0,1.0,0,0.0,0.3381756756756757,1,4266.549042000008
3SEQ,nested_russian_doll,0.1,5,2,50,2,35,35,5,1.0,0.14285714285714285,30,0.6666666666666666,0.3839501212764351,1,9646.080958999988
RhizAeon,nested_russian_doll,0.1,5,5,50,2,1,5,5,1.0,1.0,0,0.0,0.3371505557426743,1,4062.2675420000005
3SEQ,nested_russian_doll,0.1,5,5,50,2,22,22,5,1.0,0.22727272727272727,17,0.37777777777777777,0.3322935662750472,1,10109.608499999978
RhizAeon,nested_russian_doll,0.1,5,8,50,2,1,5,5,1.0,1.0,0,0.0,0.3338892595063376,1,4319.886999999994
3SEQ,nested_russian_doll,0.1,5,8,50,2,35,35,5,1.0,0.14285714285714285,30,0.6666666666666666,0.39474463361250084,1,9796.750333000005
RhizAeon,nested_russian_doll,0.1,5,11,50,2,2,10,1,0.2,0.1,9,0.2,0.0,0,4052.4275419999753
3SEQ,nested_russian_doll,0.1,5,11,50,2,36,36,5,1.0,0.1388888888888889,31,0.6888888888888889,0.5561245764160039,1,9146.866167000013
RhizAeon,nested_russian_doll,0.1,5,9,50,2,3,10,5,1.0,0.5,5,0.1111111111111111,0.3350066934404284,1,4125.23358300001
3SEQ,nested_russian_doll,0.1,5,9,50,2,36,36,5,1.0,0.1388888888888889,31,0.6888888888888889,0.4140759459069333,1,9700.790208
RhizAeon,nested_russian_doll,0.1,5,10,50,2,1,5,5,1.0,1.0,0,0.0,0.34375,1,4071.4924589999837
3SEQ,nested_russian_doll,0.1,5,10,50,2,37,37,5,1.0,0.13513513513513514,32,0.7111111111111111,0.4095746705699758,1,10326.583583000001
RhizAeon,nested_russian_doll,0.1,5,12,50,2,1,5,5,1.0,1.0,0,0.0,0.3366969391187353,1,4184.32337500002
3SEQ,nested_russian_doll,0.1,5,12,50,2,35,35,5,1.0,0.14285714285714285,30,0.6666666666666666,0.4171768520565982,1,8155.080999999996
RhizAeon,nested_russian_doll,0.1,5,13,50,2,3,11,5,1.0,1.0,0,0.0,0.17201599725369035,1,4608.448124999995
3SEQ,nested_russian_doll,0.1,5,13,50,2,50,50,5,1.0,0.1,45,1.0,0.3989712147013377,1,8451.930583999996
RhizAeon,nested_russian_doll,0.1,5,14,50,2,2,10,5,1.0,1.0,0,0.0,0.0004,0,4738.519207999985
3SEQ,nested_russian_doll,0.1,5,14,50,2,49,49,5,1.0,0.10204081632653061,44,0.9777777777777777,0.4982181922811008,1,7653.232416999998
RhizAeon,nested_russian_doll,0.1,5,19,50,2,1,5,5,1.0,1.0,0,0.0,0.33624454148471616,1,4221.006499999987
3SEQ,nested_russian_doll,0.1,5,19,50,2,50,50,5,1.0,0.1,45,1.0,0.42936732942403183,1,7096.963708000004
RhizAeon,nested_russian_doll,0.1,5,18,50,2,3,7,5,1.0,0.7142857142857143,2,0.044444444444444446,0.16725599479834236,1,4254.704625000017
3SEQ,nested_russian_doll,0.1,5,18,50,2,49,49,5,1.0,0.10204081632653061,44,0.9777777777777777,0.4862271454672213,1,7903.5477500000015
RhizAeon,nested_russian_doll,0.1,5,15,50,2,1,5,5,1.0,1.0,0,0.0,0.3342237061769616,1,4911.92670800001
3SEQ,nested_russian_doll,0.1,5,15,50,2,20,20,5,1.0,0.25,15,0.3333333333333333,0.46551156652852627,1,7086.7529580000055
RhizAeon,nested_russian_doll,0.1,5,17,50,2,1,5,5,1.0,1.0,0,0.0,0.334670678702775,1,4561.773625000001
3SEQ,nested_russian_doll,0.1,5,17,50,2,35,35,5,1.0,0.14285714285714285,30,0.6666666666666666,0.32947931441458683,1,7722.570582999992
RhizAeon,nested_russian_doll,0.1,5,16,50,2,3,9,5,1.0,1.0,0,0.0,0.16756766867067469,1,4432.633250000009
3SEQ,nested_russian_doll,0.1,5,16,50,2,50,50,5,1.0,0.1,45,1.0,0.45384032704905686,1,7957.780208000003
RhizAeon,nested_russian_doll,0.1,10,0,55,2,3,13,10,1.0,1.0,0,0.0,0.167144549785156,1,4257.780499999995
3SEQ,nested_russian_doll,0.1,10,0,55,2,26,26,10,1.0,0.38461538461538464,16,0.35555555555555557,0.3130588679541875,1,8159.399958000023
RhizAeon,nested_russian_doll,0.1,10,3,55,2,1,10,10,1.0,1.0,0,0.0,0.3347826086956522,1,3980.6394580000133
3SEQ,nested_russian_doll,0.1,10,3,55,2,40,40,10,1.0,0.25,30,0.6666666666666666,0.40592359422395463,1,8201.314166999993
RhizAeon,nested_russian_doll,0.1,10,2,55,2,4,28,10,1.0,1.0,0,0.0,0.11231960784313723,1,3808.566458000001
3SEQ,nested_russian_doll,0.1,10,2,55,2,55,55,10,1.0,0.18181818181818182,45,1.0,0.4710973293324549,1,8347.214041000001
RhizAeon,nested_russian_doll,0.1,10,1,55,2,1,10,10,1.0,1.0,0,0.0,0.334670678702775,1,4057.765791999998
3SEQ,nested_russian_doll,0.1,10,1,55,2,53,53,10,1.0,0.18867924528301888,43,0.9555555555555556,0.3893851484135996,1,8772.276125000019
RhizAeon,nested_russian_doll,0.1,10,4,55,2,1,10,10,1.0,1.0,0,0.0,0.33897731120894004,1,3440.8956670000066
3SEQ,nested_russian_doll,0.1,10,4,55,2,55,55,10,1.0,0.18181818181818182,45,1.0,0.6029739562783144,1,8099.403083999988
RhizAeon,nested_russian_doll,0.1,10,5,55,2,1,10,10,1.0,1.0,0,0.0,0.33433533734134935,1,3364.092375000013
3SEQ,nested_russian_doll,0.1,10,5,55,2,40,40,10,1.0,0.25,30,0.6666666666666666,0.48550178842612934,1,7569.24625000002
RhizAeon,nested_russian_doll,0.1,10,7,55,2,1,10,10,1.0,1.0,0,0.0,0.3361316319677636,1,3116.006249999998
3SEQ,nested_russian_doll,0.1,10,7,55,2,40,40,10,1.0,0.25,30,0.6666666666666666,0.447165884051792,1,7595.858915999997
RhizAeon,nested_russian_doll,0.1,10,6,55,2,1,10,10,1.0,1.0,0,0.0,0.33489461358313816,1,3181.5002919999815
3SEQ,nested_russian_doll,0.1,10,6,55,2,40,40,10,1.0,0.25,30,0.6666666666666666,0.521189940828143,1,7947.590792
RhizAeon,nested_russian_doll,0.1,10,8,55,2,3,28,10,1.0,1.0,0,0.0,0.16743830351225977,1,3038.939584000019
3SEQ,nested_russian_doll,0.1,10,8,55,2,55,55,10,1.0,0.18181818181818182,45,1.0,0.5113903547299321,1,7947.428208000019
RhizAeon,nested_russian_doll,0.1,10,9,55,2,3,12,10,1.0,1.0,0,0.0,0.16867885198861632,1,3031.33704199999
3SEQ,nested_russian_doll,0.1,10,9,55,2,40,40,10,1.0,0.25,30,0.6666666666666666,0.3188161267675786,1,8017.596333
RhizAeon,nested_russian_doll,0.1,10,10,55,2,3,28,10,1.0,1.0,0,0.0,0.33783327708403643,1,2831.4772079999957
3SEQ,nested_russian_doll,0.1,10,10,55,2,55,55,10,1.0,0.18181818181818182,45,1.0,0.43643921077205755,1,8453.37699999999
RhizAeon,nested_russian_doll,0.1,10,11,55,2,3,28,10,1.0,1.0,0,0.0,0.3360187982544478,1,2876.036666999994
3SEQ,nested_russian_doll,0.1,10,11,55,2,55,55,10,1.0,0.18181818181818182,45,1.0,0.5866818331322955,1,8365.242249999994
RhizAeon,triple_crossover,0.02,1,2,46,2,2,2,1,1.0,1.0,0,0.0,0.453375,1,1077.2345409999957
3SEQ,triple_crossover,0.02,1,2,46,2,1,1,1,1.0,1.0,0,0.0,0.7435802009676219,2,2182.235834000011
RhizAeon,triple_crossover,0.02,1,0,46,2,2,2,1,1.0,1.0,0,0.0,0.469625,1,2044.8334159999888
3SEQ,triple_crossover,0.02,1,0,46,2,16,16,1,1.0,0.0625,15,0.3333333333333333,0.03298086606243706,1,2193.8292499999934
RhizAeon,triple_crossover,0.02,1,1,46,2,2,2,1,1.0,1.0,0,0.0,0.9412995049504951,2,1832.9027090000238
3SEQ,triple_crossover,0.02,1,1,46,2,13,13,1,1.0,0.07692307692307693,12,0.26666666666666666,0.1904414326107888,1,2363.3654579999757
RhizAeon,nested_russian_doll,0.1,10,14,55,2,4,30,10,1.0,1.0,0,0.0,0.9560795992906994,1,2880.5542499999888
3SEQ,nested_russian_doll,0.1,10,14,55,2,54,54,10,1.0,0.18518518518518517,44,0.9777777777777777,0.48753469543985023,1,8044.126416000012
RhizAeon,nested_russian_doll,0.1,10,13,55,2,1,10,10,1.0,1.0,0,0.0,0.334447043100568,1,2897.8716660000146
3SEQ,nested_russian_doll,0.1,10,13,55,2,54,54,10,1.0,0.18518518518518517,44,0.9777777777777777,0.5232501416543142,1,8323.525374999974
RhizAeon,nested_russian_doll,0.1,10,12,55,2,1,10,10,1.0,1.0,0,0.0,0.33647058823529413,1,2978.2550420000007
3SEQ,nested_russian_doll,0.1,10,12,55,2,55,55,10,1.0,0.18181818181818182,45,1.0,0.29949562017096903,1,8754.641082999995
RhizAeon,triple_crossover,0.02,1,3,46,2,2,2,1,1.0,1.0,0,0.0,0.967,1,2485.7882910000058
3SEQ,triple_crossover,0.02,1,3,46,2,15,15,1,1.0,0.06666666666666667,14,0.3111111111111111,0.6878781159663416,1,2616.958624999995
RhizAeon,nested_russian_doll,0.1,10,15,55,2,2,11,10,1.0,0.9090909090909091,1,0.022222222222222223,0.33523107836570665,1,2758.4427079999896
3SEQ,nested_russian_doll,0.1,10,15,55,2,55,55,10,1.0,0.18181818181818182,45,1.0,0.5246305958615137,1,9010.189249999996
RhizAeon,triple_crossover,0.02,1,4,46,2,2,2,1,1.0,1.0,0,0.0,0.9538791755201537,2,1819.9522909999928
3SEQ,triple_crossover,0.02,1,4,46,2,16,16,1,1.0,0.0625,15,0.3333333333333333,0.9098095536150463,2,2085.957750000006
RhizAeon,triple_crossover,0.02,1,5,46,2,2,2,1,1.0,1.0,0,0.0,0.998003992015968,1,2211.489042000011
3SEQ,triple_crossover,0.02,1,5,46,2,1,1,1,1.0,1.0,0,0.0,0.5078616352201258,1,2036.588667000018
RhizAeon,triple_crossover,0.02,1,6,46,2,2,2,1,1.0,1.0,0,0.0,0.995,1,2490.3462920000266
3SEQ,triple_crossover,0.02,1,6,46,2,1,1,1,1.0,1.0,0,0.0,0.48971596474045054,1,2261.706833000005
RhizAeon,triple_crossover,0.02,1,7,46,2,2,2,1,1.0,1.0,0,0.0,0.4754246987951807,1,2282.2537499999953
3SEQ,triple_crossover,0.02,1,7,46,2,2,2,1,1.0,0.5,1,0.022222222222222223,0.654718392437768,1,2190.5217079999775
RhizAeon,triple_crossover,0.02,1,10,46,2,1,1,0,0.0,0.0,1,0.022222222222222223,0.9715,0,1774.573208999982
3SEQ,triple_crossover,0.02,1,10,46,2,1,1,1,1.0,1.0,0,0.0,0.8424831081081081,1,2384.8304170000174
RhizAeon,triple_crossover,0.02,1,11,46,2,2,2,1,1.0,1.0,0,0.0,0.9579303675048356,1,1168.0570830000079
3SEQ,triple_crossover,0.02,1,11,46,2,1,1,1,1.0,1.0,0,0.0,0.7163323782234957,1,2546.3180410000064
RhizAeon,nested_russian_doll,0.1,10,17,55,2,2,11,10,1.0,0.9090909090909091,1,0.022222222222222223,0.16703325336532054,1,3294.1966249999837
3SEQ,nested_russian_doll,0.1,10,17,55,2,55,55,10,1.0,0.18181818181818182,45,1.0,0.5202711996269935,1,8417.710958000014
RhizAeon,triple_crossover,0.02,1,8,46,2,1,1,1,1.0,1.0,0,0.0,0.857,1,2553.9520000000093
3SEQ,triple_crossover,0.02,1,8,46,2,1,1,1,1.0,1.0,0,0.0,0.6238503013003489,1,2534.1771669999957
RhizAeon,nested_russian_doll,0.1,10,16,55,2,3,12,10,1.0,1.0,0,0.0,0.33366666666666667,1,3286.640375000019
3SEQ,nested_russian_doll,0.1,10,16,55,2,55,55,10,1.0,0.18181818181818182,45,1.0,0.42123341373038176,1,8657.878958999987
RhizAeon,triple_crossover,0.02,1,9,46,2,2,2,1,1.0,1.0,0,0.0,0.9771080955619609,2,2539.6840420000044
3SEQ,triple_crossover,0.02,1,9,46,2,32,32,1,1.0,0.03125,31,0.6888888888888889,0.5313630465337504,2,2680.729541000005
RhizAeon,nested_russian_doll,0.1,10,18,55,2,1,10,10,1.0,1.0,0,0.0,0.3373778227165487,1,3303.694374999992
3SEQ,nested_russian_doll,0.1,10,18,55,2,40,40,10,1.0,0.25,30,0.6666666666666666,0.5052290032647058,1,8675.623000000001
RhizAeon,nested_russian_doll,0.1,10,19,55,2,2,11,10,1.0,0.9090909090909091,1,0.022222222222222223,0.33489461358313816,1,3199.972334000023
3SEQ,nested_russian_doll,0.1,10,19,55,2,55,55,10,1.0,0.18181818181818182,45,1.0,0.44622420829283704,1,8685.034083000006
RhizAeon,triple_crossover,0.02,1,12,46,2,1,1,1,1.0,1.0,0,0.0,0.9592326139088729,1,2014.163209000003
3SEQ,triple_crossover,0.02,1,12,46,2,1,1,1,1.0,1.0,0,0.0,0.5399562123700055,1,2524.3188329999953
RhizAeon,triple_crossover,0.02,1,13,46,2,1,1,1,1.0,1.0,0,0.0,0.04075,0,2051.1604579999985
3SEQ,triple_crossover,0.02,1,13,46,2,16,16,1,1.0,0.0625,15,0.3333333333333333,0.5724463142245774,1,2387.6716670000064
RhizAeon,triple_crossover,0.02,1,14,46,2,2,2,1,1.0,1.0,0,0.0,0.9261363636363636,1,2157.569416000001
3SEQ,triple_crossover,0.02,1,14,46,2,1,1,1,1.0,1.0,0,0.0,0.6297010607521697,1,2205.567375000015
RhizAeon,triple_crossover,0.02,1,16,46,2,2,2,1,1.0,1.0,0,0.0,0.5252678926441352,1,2102.271583000004
3SEQ,triple_crossover,0.02,1,16,46,2,16,16,1,1.0,0.0625,15,0.3333333333333333,0.5890941597139452,1,2277.167792
RhizAeon,triple_crossover,0.02,1,15,46,2,2,2,1,1.0,1.0,0,0.0,0.6968641114982579,1,2431.8539589999946
3SEQ,triple_crossover,0.02,1,15,46,2,16,16,1,1.0,0.0625,15,0.3333333333333333,0.9736815870525337,2,2297.0955000000117
RhizAeon,triple_crossover,0.02,1,17,46,2,2,2,1,1.0,1.0,0,0.0,0.46062159667743424,1,2142.1735000000126
3SEQ,triple_crossover,0.02,1,17,46,2,1,1,1,1.0,1.0,0,0.0,0.7524454477050414,1,2393.2751250000024
RhizAeon,triple_crossover,0.02,1,19,46,2,1,1,1,1.0,1.0,0,0.0,0.2225,0,2088.2012090000044
3SEQ,triple_crossover,0.02,1,19,46,2,16,16,1,1.0,0.0625,15,0.3333333333333333,0.6910239574227189,2,2312.6743750000005
RhizAeon,triple_crossover,0.02,1,18,46,2,1,1,1,1.0,1.0,0,0.0,0.9805873568939771,1,2113.835416000001
3SEQ,triple_crossover,0.02,1,18,46,2,1,1,1,1.0,1.0,0,0.0,0.28900709219858156,1,2476.6400830000066
RhizAeon,triple_crossover,0.02,5,0,50,2,2,6,5,1.0,1.0,0,0.0,0.746268656716418,1,2475.160709000022
3SEQ,triple_crossover,0.02,5,0,50,2,5,5,5,1.0,1.0,0,0.0,0.7041894353369763,1,3098.6030830000004
RhizAeon,triple_crossover,0.02,5,2,50,2,2,10,5,1.0,1.0,0,0.0,0.9865,1,2448.4211249999817
3SEQ,triple_crossover,0.02,5,2,50,2,5,5,5,1.0,1.0,0,0.0,0.8077544426494345,2,3354.1709999999794
RhizAeon,triple_crossover,0.02,5,3,50,2,1,5,5,1.0,1.0,0,0.0,0.23375,0,2424.214707999994
3SEQ,triple_crossover,0.02,5,3,50,2,20,20,5,1.0,0.25,15,0.3333333333333333,0.2026773262720174,1,3276.1646250000067
RhizAeon,triple_crossover,0.02,5,1,50,2,1,5,5,1.0,1.0,0,0.0,0.9995002498750625,1,2902.238834000002
3SEQ,triple_crossover,0.02,5,1,50,2,35,35,5,1.0,0.14285714285714285,30,0.6666666666666666,0.6681012623613357,1,3401.2688339999786
RhizAeon,triple_crossover,0.02,5,4,50,2,1,5,5,1.0,1.0,0,0.0,0.0,0,2848.8064579999846
3SEQ,triple_crossover,0.02,5,4,50,2,5,5,5,1.0,1.0,0,0.0,0.7485779294653014,1,3135.167958000011
RhizAeon,triple_crossover,0.02,5,5,50,2,2,6,5,1.0,1.0,0,0.0,0.9736842105263157,2,2619.528833000004
3SEQ,triple_crossover,0.02,5,5,50,2,18,18,5,1.0,0.2777777777777778,13,0.28888888888888886,0.5833930648195136,2,3306.5972079999992
RhizAeon,triple_crossover,0.02,5,6,50,2,2,10,5,1.0,1.0,0,0.0,0.9815,1,2552.9322920000086
3SEQ,triple_crossover,0.02,5,6,50,2,28,28,5,1.0,0.17857142857142858,23,0.5111111111111111,0.3197519786995051,1,3291.5534170000174
RhizAeon,triple_crossover,0.02,5,7,50,2,1,4,4,0.8,1.0,0,0.0,0.9753330044400592,1,2739.912250000003
3SEQ,triple_crossover,0.02,5,7,50,2,19,19,5,1.0,0.2631578947368421,14,0.3111111111111111,0.624541541980707,2,3108.4215419999737
RhizAeon,triple_crossover,0.02,5,9,50,2,2,9,5,1.0,0.5555555555555556,4,0.08888888888888889,0.6889424733034791,1,2662.7780420000136
3SEQ,triple_crossover,0.02,5,9,50,2,36,36,5,1.0,0.1388888888888889,31,0.6888888888888889,0.6380812898291529,1,3124.6224999999868
RhizAeon,triple_crossover,0.02,5,8,50,2,1,5,5,1.0,1.0,0,0.0,0.946,1,2769.1874159999943
3SEQ,triple_crossover,0.02,5,8,50,2,6,6,5,1.0,0.8333333333333334,1,0.022222222222222223,0.5770308411908481,2,3347.3207500000226
RhizAeon,triple_crossover,0.02,5,10,50,2,2,10,5,1.0,1.0,0,0.0,0.4406274239753195,1,2598.475332999982
3SEQ,triple_crossover,0.02,5,10,50,2,5,5,5,1.0,1.0,0,0.0,0.7391786903440621,1,3459.2696249999904
RhizAeon,triple_crossover,0.02,5,11,50,2,2,9,5,1.0,1.0,0,0.0,0.4636782027217269,1,2567.339332999978
3SEQ,triple_crossover,0.02,5,11,50,2,36,36,5,1.0,0.1388888888888889,31,0.6888888888888889,0.7826368026273542,1,3438.7718330000043
RhizAeon,triple_crossover,0.02,5,12,50,2,1,5,5,1.0,1.0,0,0.0,0.1495,0,2452.322250000009
3SEQ,triple_crossover,0.02,5,12,50,2,19,19,5,1.0,0.2631578947368421,14,0.3111111111111111,0.4033648650709618,1,3164.7689170000035
RhizAeon,triple_crossover,0.02,5,14,50,2,2,8,5,1.0,1.0,0,0.0,0.975,1,1551.3523749999933
3SEQ,triple_crossover,0.02,5,14,50,2,20,20,5,1.0,0.25,15,0.3333333333333333,0.45683905519458,1,3517.173624999998
RhizAeon,triple_crossover,0.02,5,15,50,2,3,10,5,1.0,1.0,0,0.0,0.9746444232602478,2,1742.5634170000137
3SEQ,triple_crossover,0.02,5,15,50,2,21,21,5,1.0,0.23809523809523808,16,0.35555555555555557,0.8839520344566809,1,3526.206374999987
RhizAeon,triple_crossover,0.02,5,13,50,2,1,5,5,1.0,1.0,0,0.0,0.04275,0,2529.861166000018
3SEQ,triple_crossover,0.02,5,13,50,2,5,5,5,1.0,1.0,0,0.0,0.46488125315816065,2,3338.6402499999976
RhizAeon,triple_crossover,0.02,5,16,50,2,1,5,5,1.0,1.0,0,0.0,0.0,0,2514.536958000008
3SEQ,triple_crossover,0.02,5,16,50,2,20,20,5,1.0,0.25,15,0.3333333333333333,0.5085108874062152,1,3284.7587910000016
RhizAeon,triple_crossover,0.02,5,17,50,2,1,5,5,1.0,1.0,0,0.0,0.9915,1,2667.603665999991
3SEQ,triple_crossover,0.02,5,17,50,2,34,34,5,1.0,0.14705882352941177,29,0.6444444444444445,0.6173283750783407,1,3457.4541249999984
RhizAeon,triple_crossover,0.02,5,18,50,2,2,9,5,1.0,1.0,0,0.0,0.435125,1,2747.8526250000073
3SEQ,triple_crossover,0.02,5,18,50,2,5,5,5,1.0,1.0,0,0.0,0.2566327651270138,1,3195.0302920000127
RhizAeon,triple_crossover,0.02,5,19,50,2,1,4,4,0.8,1.0,0,0.0,0.133,0,2833.7016250000033
3SEQ,triple_crossover,0.02,5,19,50,2,6,6,5,1.0,0.8333333333333334,1,0.022222222222222223,0.8114464696464404,2,3036.3849999999957
RhizAeon,triple_crossover,0.02,10,3,55,2,1,8,8,0.8,1.0,0,0.0,0.9065,1,2494.7773339999912
3SEQ,triple_crossover,0.02,10,3,55,2,23,23,10,1.0,0.43478260869565216,13,0.28888888888888886,0.4975990183896575,1,4588.218166999979
RhizAeon,triple_crossover,0.02,10,0,55,2,2,20,10,1.0,1.0,0,0.0,0.9658536585365853,1,3479.1414160000045
3SEQ,triple_crossover,0.02,10,0,55,2,24,24,10,1.0,0.4166666666666667,14,0.3111111111111111,0.4965005172527465,1,4434.922583999992
RhizAeon,triple_crossover,0.02,10,1,55,2,1,9,9,0.9,1.0,0,0.0,0.8896797153024911,1,3415.535667
3SEQ,triple_crossover,0.02,10,1,55,2,25,25,10,1.0,0.4,15,0.3333333333333333,0.8998382998264965,2,4506.714791999997
RhizAeon,triple_crossover,0.02,10,2,55,2,2,5,5,0.5,1.0,0,0.0,0.488875,1,3433.0498749999947
3SEQ,triple_crossover,0.02,10,2,55,2,10,10,10,1.0,1.0,0,0.0,0.7757951900698216,2,4423.521915999999
RhizAeon,triple_crossover,0.02,10,7,55,2,1,10,10,1.0,1.0,0,0.0,0.10475,0,2138.914625000012
3SEQ,triple_crossover,0.02,10,7,55,2,25,25,10,1.0,0.4,15,0.3333333333333333,0.516724163218832,1,4234.571165999995
RhizAeon,triple_crossover,0.02,10,5,55,2,2,7,7,0.7,1.0,0,0.0,0.6823609689525759,1,2344.4383749999815
3SEQ,triple_crossover,0.02,10,5,55,2,24,24,10,1.0,0.4166666666666667,14,0.3111111111111111,0.9433024489751564,1,4587.770625000019
RhizAeon,triple_crossover,0.02,10,4,55,2,4,13,9,0.9,1.0,0,0.0,0.9613973620394648,2,3205.870041999987
3SEQ,triple_crossover,0.02,10,4,55,2,25,25,10,1.0,0.4,15,0.3333333333333333,0.6621868159447888,1,4501.8733330000205
RhizAeon,triple_crossover,0.02,10,6,55,2,2,16,10,1.0,1.0,0,0.0,0.9775845967833836,2,3166.08712499999
3SEQ,triple_crossover,0.02,10,6,55,2,40,40,10,1.0,0.25,30,0.6666666666666666,0.6030617726674277,2,4619.762750000007
RhizAeon,triple_crossover,0.02,10,8,55,2,1,10,10,1.0,1.0,0,0.0,0.8733624454148472,1,3184.583124999989
3SEQ,triple_crossover,0.02,10,8,55,2,23,23,10,1.0,0.43478260869565216,13,0.28888888888888886,0.2186478069200892,1,4703.576999999996
RhizAeon,triple_crossover,0.02,10,10,55,2,1,10,10,1.0,1.0,0,0.0,0.8019246190858059,1,2288.1640000000234
3SEQ,triple_crossover,0.02,10,10,55,2,25,25,10,1.0,0.4,15,0.3333333333333333,0.5273918785837877,1,4827.756457999982
RhizAeon,triple_crossover,0.02,10,9,55,2,2,16,10,1.0,1.0,0,0.0,0.4858417874396135,1,3122.6412919999975
3SEQ,triple_crossover,0.02,10,9,55,2,39,39,10,1.0,0.2564102564102564,29,0.6444444444444445,0.5721535549142235,1,5010.821958999997
RhizAeon,triple_crossover,0.02,10,11,55,2,2,11,10,1.0,1.0,0,0.0,0.984,1,2436.743875000019
3SEQ,triple_crossover,0.02,10,11,55,2,24,24,10,1.0,0.4166666666666667,14,0.3111111111111111,0.4809478772593527,2,4629.220124999989
RhizAeon,triple_crossover,0.02,10,12,55,2,1,10,10,1.0,1.0,0,0.0,0.9621702339472374,1,2495.170415999979
3SEQ,triple_crossover,0.02,10,12,55,2,25,25,10,1.0,0.4,15,0.3333333333333333,0.6723415943087293,2,4493.861333000013
RhizAeon,triple_crossover,0.02,10,14,55,2,2,10,9,0.9,1.0,0,0.0,0.9626937984496124,1,2454.1094169999838
3SEQ,triple_crossover,0.02,10,14,55,2,38,38,10,1.0,0.2631578947368421,28,0.6222222222222222,0.5786519959374521,2,4761.855457999985
RhizAeon,triple_crossover,0.02,10,13,55,2,2,11,10,1.0,1.0,0,0.0,0.3651567531305904,1,3403.723791999994
3SEQ,triple_crossover,0.02,10,13,55,2,39,39,10,1.0,0.2564102564102564,29,0.6444444444444445,0.5288453131523477,1,4392.134458000015
RhizAeon,triple_crossover,0.02,10,15,55,2,2,12,10,1.0,1.0,0,0.0,0.9905894006934126,1,3199.442583000007
3SEQ,triple_crossover,0.02,10,15,55,2,10,10,10,1.0,1.0,0,0.0,0.6837606837606838,1,4476.2570419999865
RhizAeon,triple_crossover,0.02,10,17,55,2,2,13,10,1.0,1.0,0,0.0,0.9445346901017576,2,3425.250292000015
3SEQ,triple_crossover,0.02,10,17,55,2,39,39,10,1.0,0.2564102564102564,29,0.6444444444444445,0.6623040206813994,2,4262.847959000027
RhizAeon,triple_crossover,0.02,10,16,55,2,1,10,10,1.0,1.0,0,0.0,0.897,1,3381.889040999994
3SEQ,triple_crossover,0.02,10,16,55,2,55,55,10,1.0,0.18181818181818182,45,1.0,0.6520200821078567,1,4333.471083000006
RhizAeon,triple_crossover,0.02,10,18,55,2,2,10,10,1.0,1.0,0,0.0,0.6800408024481469,1,3325.957791999997
3SEQ,triple_crossover,0.02,10,18,55,2,12,12,10,1.0,0.8333333333333334,2,0.044444444444444446,0.6972629773856533,1,4606.6772499999615
RhizAeon,triple_crossover,0.05,1,0,46,2,1,1,1,1.0,1.0,0,0.0,0.8515,1,2162.337374999993
3SEQ,triple_crossover,0.05,1,0,46,2,25,25,1,1.0,0.04,24,0.5333333333333333,0.49078466191805575,1,3447.6109159999737
RhizAeon,triple_crossover,0.05,1,1,46,2,2,2,1,1.0,1.0,0,0.0,0.9728758054083034,2,2029.2017919999807
3SEQ,triple_crossover,0.05,1,1,46,2,31,31,1,1.0,0.03225806451612903,30,0.6666666666666666,0.5908013230976651,2,3473.3150000000137
RhizAeon,triple_crossover,0.05,1,2,46,2,2,2,1,1.0,1.0,0,0.0,0.4975104685942173,1,1876.249707999989
3SEQ,triple_crossover,0.05,1,2,46,2,14,14,1,1.0,0.07142857142857142,13,0.28888888888888886,0.5168718297620449,1,3413.390582999966
RhizAeon,triple_crossover,0.02,10,19,55,2,2,14,10,1.0,1.0,0,0.0,0.7800312012480499,1,3390.4492499999888
3SEQ,triple_crossover,0.02,10,19,55,2,10,10,10,1.0,1.0,0,0.0,0.6075334143377887,1,4872.930167000021
RhizAeon,triple_crossover,0.05,1,3,46,2,2,2,1,1.0,1.0,0,0.0,0.9773510585918267,1,2110.23804200002
3SEQ,triple_crossover,0.05,1,3,46,2,46,46,1,1.0,0.021739130434782608,45,1.0,0.51316238690664,2,3560.1542499999823
RhizAeon,triple_crossover,0.05,1,4,46,2,2,2,1,1.0,1.0,0,0.0,0.9897723658051689,2,2192.6934589999973
3SEQ,triple_crossover,0.05,1,4,46,2,30,30,1,1.0,0.03333333333333333,29,0.6444444444444445,0.8647144758695847,2,3321.947000000023
RhizAeon,triple_crossover,0.05,1,7,46,2,2,2,1,1.0,0.5,1,0.022222222222222223,0.9813097014925374,1,2413.038458000017
3SEQ,triple_crossover,0.05,1,7,46,2,1,1,1,1.0,1.0,0,0.0,0.6135802469135803,1,3097.370916999978
RhizAeon,triple_crossover,0.05,1,5,46,2,2,2,1,1.0,1.0,0,0.0,0.4985033699450824,1,3217.148374999965
3SEQ,triple_crossover,0.05,1,5,46,2,16,16,1,1.0,0.0625,15,0.3333333333333333,0.4968236809138329,1,3191.326124999989
RhizAeon,triple_crossover,0.05,1,8,46,2,2,2,1,1.0,1.0,0,0.0,0.49924999999999997,1,2362.095374999967
3SEQ,triple_crossover,0.05,1,8,46,2,46,46,1,1.0,0.021739130434782608,45,1.0,0.4718624066308843,1,2996.1737090000042
RhizAeon,triple_crossover,0.05,1,6,46,2,2,2,1,1.0,1.0,0,0.0,0.5815598417408506,1,3245.0082910000333
3SEQ,triple_crossover,0.05,1,6,46,2,31,31,1,1.0,0.03225806451612903,30,0.6666666666666666,0.7128947454992302,1,3300.2849160000096
RhizAeon,triple_crossover,0.05,1,9,46,2,2,2,1,1.0,1.0,0,0.0,0.493,1,2344.058582999992
3SEQ,triple_crossover,0.05,1,9,46,2,29,29,1,1.0,0.034482758620689655,28,0.6222222222222222,0.7744286410798968,1,3400.592665999966
RhizAeon,triple_crossover,0.05,1,10,46,2,2,2,1,1.0,1.0,0,0.0,0.49255223880597016,1,2236.656917000005
3SEQ,triple_crossover,0.05,1,10,46,2,31,31,1,1.0,0.03225806451612903,30,0.6666666666666666,0.832256683831877,1,3445.1625419999914
RhizAeon,triple_crossover,0.05,1,12,46,2,2,2,1,1.0,1.0,0,0.0,0.9835031172069826,2,2004.660749999971
3SEQ,triple_crossover,0.05,1,12,46,2,31,31,1,1.0,0.03225806451612903,30,0.6666666666666666,0.5338096033948466,2,3317.44020900004
RhizAeon,triple_crossover,0.05,1,11,46,2,2,2,1,1.0,1.0,0,0.0,0.45075,1,2189.7519170000237
3SEQ,triple_crossover,0.05,1,11,46,2,42,42,1,1.0,0.023809523809523808,41,0.9111111111111111,0.5153908166614626,1,3677.113458000008
RhizAeon,triple_crossover,0.05,1,13,46,2,2,2,1,1.0,1.0,0,0.0,0.49397977582846003,1,2058.749459000012
3SEQ,triple_crossover,0.05,1,13,46,2,30,30,1,1.0,0.03333333333333333,29,0.6444444444444445,0.5261458580007371,2,3483.5760830000027
RhizAeon,triple_crossover,0.05,1,14,46,2,2,2,1,1.0,1.0,0,0.0,0.9806922315685305,2,1896.630666999954
3SEQ,triple_crossover,0.05,1,14,46,2,30,30,1,1.0,0.03333333333333333,29,0.6444444444444445,0.8342961131676362,2,3708.1918330000008
RhizAeon,triple_crossover,0.05,1,15,46,2,2,2,1,1.0,1.0,0,0.0,0.9878111688954929,2,1950.8487500000342
3SEQ,triple_crossover,0.05,1,15,46,2,16,16,1,1.0,0.0625,15,0.3333333333333333,0.20687910506517998,2,3713.6262910000255
RhizAeon,triple_crossover,0.05,1,16,46,2,1,1,1,1.0,1.0,0,0.0,0.991,1,2220.4720839999936
3SEQ,triple_crossover,0.05,1,16,46,2,1,1,1,1.0,1.0,0,0.0,0.936768149882904,2,3253.211207999982
RhizAeon,triple_crossover,0.05,1,17,46,2,2,2,1,1.0,1.0,0,0.0,0.998000499750125,2,2458.3264170000234
3SEQ,triple_crossover,0.05,1,17,46,2,45,45,1,1.0,0.022222222222222223,44,0.9777777777777777,0.7442555602463972,1,3298.297875000003
RhizAeon,triple_crossover,0.05,1,19,46,2,2,2,1,1.0,1.0,0,0.0,0.9839607843137255,2,2472.0007910000277
3SEQ,triple_crossover,0.05,1,19,46,2,31,31,1,1.0,0.03225806451612903,30,0.6666666666666666,0.6819985011594802,1,3090.384083999993
RhizAeon,triple_crossover,0.05,1,18,46,2,2,2,1,1.0,1.0,0,0.0,0.9215446680657937,2,3294.430458000022
3SEQ,triple_crossover,0.05,1,18,46,2,31,31,1,1.0,0.03225806451612903,30,0.6666666666666666,0.2580437222122663,1,3353.4609999999816
RhizAeon,triple_crossover,0.05,5,0,50,2,1,5,5,1.0,1.0,0,0.0,0.9120879120879121,1,2731.900708000012
3SEQ,triple_crossover,0.05,5,0,50,2,50,50,5,1.0,0.1,45,1.0,0.5710420329551341,2,4306.766790999973
RhizAeon,triple_crossover,0.05,5,1,50,2,2,7,5,1.0,1.0,0,0.0,0.9803073967339098,2,2729.8441249999996
3SEQ,triple_crossover,0.05,5,1,50,2,50,50,5,1.0,0.1,45,1.0,0.5819072768887107,2,4488.175708999961
RhizAeon,triple_crossover,0.05,5,2,50,2,3,10,5,1.0,1.0,0,0.0,0.9850964586428925,2,2675.833917000034
3SEQ,triple_crossover,0.05,5,2,50,2,50,50,5,1.0,0.1,45,1.0,0.570296108706006,2,4438.173249999977
RhizAeon,triple_crossover,0.05,5,3,50,2,2,10,5,1.0,1.0,0,0.0,0.9947824021731333,2,2550.357457999951
3SEQ,triple_crossover,0.05,5,3,50,2,35,35,5,1.0,0.14285714285714285,30,0.6666666666666666,0.8623610614848553,1,4483.762499999955
RhizAeon,triple_crossover,0.05,5,4,50,2,2,6,5,1.0,1.0,0,0.0,0.50025,1,2470.70658399997
3SEQ,triple_crossover,0.05,5,4,50,2,34,34,5,1.0,0.14705882352941177,29,0.6444444444444445,0.46288711124874193,1,4592.283624999993
RhizAeon,triple_crossover,0.05,5,6,50,2,2,6,5,1.0,0.8333333333333334,1,0.022222222222222223,0.9588235294117647,1,2413.2646669999644
3SEQ,triple_crossover,0.05,5,6,50,2,49,49,5,1.0,0.10204081632653061,44,0.9777777777777777,0.6878010246577893,1,4544.165915999997
RhizAeon,triple_crossover,0.05,5,5,50,2,2,7,5,1.0,1.0,0,0.0,0.9962500000000001,2,2508.7989159999893
3SEQ,triple_crossover,0.05,5,5,50,2,49,49,5,1.0,0.10204081632653061,44,0.9777777777777777,0.6059502055220556,2,4628.513333000001
RhizAeon,triple_crossover,0.05,5,7,50,2,1,5,5,1.0,1.0,0,0.0,0.9694619486185168,1,2402.117207999993
3SEQ,triple_crossover,0.05,5,7,50,2,50,50,5,1.0,0.1,45,1.0,0.563516562020294,2,4895.985207999956
RhizAeon,triple_crossover,0.05,5,8,50,2,2,6,5,1.0,1.0,0,0.0,0.49462500000000004,1,2373.9395419999596
3SEQ,triple_crossover,0.05,5,8,50,2,20,20,5,1.0,0.25,15,0.3333333333333333,0.6890318118631369,1,4289.619540999979
RhizAeon,triple_crossover,0.05,5,9,50,2,1,5,5,1.0,1.0,0,0.0,0.9970089730807578,1,2646.3750830000095
3SEQ,triple_crossover,0.05,5,9,50,2,50,50,5,1.0,0.1,45,1.0,0.553421146386961,2,4358.196791000011
RhizAeon,triple_crossover,0.05,5,10,50,2,2,9,5,1.0,1.0,0,0.0,0.47925,1,2771.9987909999872
3SEQ,triple_crossover,0.05,5,10,50,2,35,35,5,1.0,0.14285714285714285,30,0.6666666666666666,0.731377994578524,1,4240.593875000002
RhizAeon,triple_crossover,0.05,5,11,50,2,1,5,5,1.0,1.0,0,0.0,1.0,1,2757.7733749999993
3SEQ,triple_crossover,0.05,5,11,50,2,22,22,5,1.0,0.22727272727272727,17,0.37777777777777777,0.5036812770281831,2,4394.754542000044
RhizAeon,triple_crossover,0.05,5,12,50,2,1,5,5,1.0,1.0,0,0.0,0.0,0,2718.627958000013
3SEQ,triple_crossover,0.05,5,12,50,2,33,33,5,1.0,0.15151515151515152,28,0.6222222222222222,0.5827155108889956,2,4144.069582999975
RhizAeon,triple_crossover,0.05,5,13,50,2,2,6,5,1.0,0.8333333333333334,1,0.022222222222222223,0.992,0,2555.115290999993
3SEQ,triple_crossover,0.05,5,13,50,2,34,34,5,1.0,0.14705882352941177,29,0.6444444444444445,0.4983046568827677,2,4344.229957999971
RhizAeon,triple_crossover,0.05,5,14,50,2,3,8,5,1.0,0.8333333333333334,1,0.022222222222222223,0.9905033699450825,1,2517.821292000008
3SEQ,triple_crossover,0.05,5,14,50,2,49,49,5,1.0,0.10204081632653061,44,0.9777777777777777,0.6390560460930792,2,4628.465417000029
RhizAeon,triple_crossover,0.05,5,15,50,2,2,10,5,1.0,1.0,0,0.0,0.983284169124877,1,2491.379457999983
3SEQ,triple_crossover,0.05,5,15,50,2,31,31,5,1.0,0.16129032258064516,26,0.5777777777777777,0.42422282480907103,1,4375.541958999975
RhizAeon,triple_crossover,0.05,5,16,50,2,2,11,4,0.8,0.36363636363636365,7,0.15555555555555556,0.9803921568627451,1,2435.347541999988
3SEQ,triple_crossover,0.05,5,16,50,2,50,50,5,1.0,0.1,45,1.0,0.6044699944724865,1,4658.049375000019
RhizAeon,triple_crossover,0.05,5,17,50,2,1,5,5,1.0,1.0,0,0.0,1.0,1,2426.8978750000088
3SEQ,triple_crossover,0.05,5,17,50,2,50,50,5,1.0,0.1,45,1.0,0.4797110100933413,1,4333.259709000004
RhizAeon,triple_crossover,0.05,5,18,50,2,2,6,5,1.0,1.0,0,0.0,0.998003992015968,1,2320.385208999994
3SEQ,triple_crossover,0.05,5,18,50,2,50,50,5,1.0,0.1,45,1.0,0.611788201975071,1,4662.13529099997
RhizAeon,triple_crossover,0.05,5,19,50,2,2,8,5,1.0,1.0,0,0.0,0.4880768122899664,1,2356.3819170000215
3SEQ,triple_crossover,0.05,5,19,50,2,50,50,5,1.0,0.1,45,1.0,0.5947436757316545,2,4573.772334000012
RhizAeon,triple_crossover,0.05,10,0,55,2,2,20,10,1.0,1.0,0,0.0,0.4983536224741252,1,3120.680041000014
3SEQ,triple_crossover,0.05,10,0,55,2,55,55,10,1.0,0.18181818181818182,45,1.0,0.6736863649728845,1,6098.365625000042
RhizAeon,triple_crossover,0.05,10,1,55,2,3,20,10,1.0,1.0,0,0.0,0.6362313297007194,2,3251.565874999983
3SEQ,triple_crossover,0.05,10,1,55,2,55,55,10,1.0,0.18181818181818182,45,1.0,0.6218026875133359,1,5920.657250000033
RhizAeon,triple_crossover,0.05,10,2,55,2,2,14,10,1.0,1.0,0,0.0,0.5372501249375312,1,3387.104499999964
3SEQ,triple_crossover,0.05,10,2,55,2,55,55,10,1.0,0.18181818181818182,45,1.0,0.7535706681489073,1,5910.321167000006
RhizAeon,triple_crossover,0.05,10,4,55,2,2,11,10,1.0,1.0,0,0.0,0.9858805637982195,2,3302.000874999976
3SEQ,triple_crossover,0.05,10,4,55,2,53,53,10,1.0,0.18867924528301888,43,0.9555555555555556,0.5614703655239502,2,5475.409874999968
RhizAeon,triple_crossover,0.05,10,3,55,2,2,19,10,1.0,1.0,0,0.0,0.9886339153959666,2,3339.7567499999923
3SEQ,triple_crossover,0.05,10,3,55,2,40,40,10,1.0,0.25,30,0.6666666666666666,0.5851254281254372,2,6310.8686670000225
RhizAeon,triple_crossover,0.05,10,5,55,2,2,17,10,1.0,1.0,0,0.0,0.4803874113475177,1,3265.6896660000143
3SEQ,triple_crossover,0.05,10,5,55,2,55,55,10,1.0,0.18181818181818182,45,1.0,0.6144007163132021,1,5983.593332999988
RhizAeon,triple_crossover,0.05,10,6,55,2,2,11,10,1.0,1.0,0,0.0,0.4975,1,3247.9666670000142
3SEQ,triple_crossover,0.05,10,6,55,2,55,55,10,1.0,0.18181818181818182,45,1.0,0.7044928350588758,1,6051.4123749999835
RhizAeon,triple_crossover,0.05,10,7,55,2,2,13,10,1.0,1.0,0,0.0,0.495875,1,3139.0362920000143
3SEQ,triple_crossover,0.05,10,7,55,2,55,55,10,1.0,0.18181818181818182,45,1.0,0.6099481603682395,2,6022.935708000034
RhizAeon,triple_crossover,0.05,10,8,55,2,2,6,6,0.6,1.0,0,0.0,0.44971710771524415,1,3047.992249999993
3SEQ,triple_crossover,0.05,10,8,55,2,40,40,10,1.0,0.25,30,0.6666666666666666,0.7864302974715924,1,6085.922124999968
RhizAeon,triple_crossover,0.05,10,10,55,2,2,19,10,1.0,1.0,0,0.0,0.9847802389248382,2,3048.432250000019
3SEQ,triple_crossover,0.05,10,10,55,2,51,51,10,1.0,0.19607843137254902,41,0.9111111111111111,0.5298714123052074,1,5883.805124999981
RhizAeon,triple_crossover,0.05,10,9,55,2,2,17,10,1.0,1.0,0,0.0,0.4725,1,3110.7306669999844
3SEQ,triple_crossover,0.05,10,9,55,2,50,50,10,1.0,0.2,40,0.8888888888888888,0.4360587762053245,1,6391.138207999973
RhizAeon,triple_crossover,0.05,10,11,55,2,2,11,10,1.0,1.0,0,0.0,0.9802371541501976,1,2991.794790999961
3SEQ,triple_crossover,0.05,10,11,55,2,55,55,10,1.0,0.18181818181818182,45,1.0,0.7234314081527764,2,6616.6164580000095
RhizAeon,triple_crossover,0.05,10,12,55,2,2,12,10,1.0,0.8333333333333334,2,0.044444444444444446,0.9962544932601098,1,2888.739375
3SEQ,triple_crossover,0.05,10,12,55,2,55,55,10,1.0,0.18181818181818182,45,1.0,0.5384018838030293,2,5750.72562500003
RhizAeon,triple_crossover,0.05,10,13,55,2,2,11,10,1.0,1.0,0,0.0,0.9795,1,3435.632458999976
3SEQ,triple_crossover,0.05,10,13,55,2,55,55,10,1.0,0.18181818181818182,45,1.0,0.33464837787365254,1,5689.045125000007
RhizAeon,triple_crossover,0.1,1,0,46,2,2,2,1,1.0,1.0,0,0.0,0.49412500000000004,1,1992.4948330000234
3SEQ,triple_crossover,0.1,1,0,46,2,46,46,1,1.0,0.021739130434782608,45,1.0,0.46209956705060407,1,4241.859291999958
RhizAeon,triple_crossover,0.1,1,1,46,2,1,1,1,1.0,1.0,0,0.0,0.9298000929800093,1,1858.7897499999713
3SEQ,triple_crossover,0.1,1,1,46,2,31,31,1,1.0,0.03225806451612903,30,0.6666666666666666,0.6052959839337583,2,4527.564417000008
RhizAeon,triple_crossover,0.05,10,14,55,2,2,13,10,1.0,1.0,0,0.0,0.43239052462526767,1,3340.1709160000337
3SEQ,triple_crossover,0.05,10,14,55,2,54,54,10,1.0,0.18518518518518517,44,0.9777777777777777,0.6775032920505775,2,6014.003957999989
RhizAeon,triple_crossover,0.1,1,2,46,2,3,4,1,1.0,0.3333333333333333,2,0.044444444444444446,0.9877579681274901,2,1933.5989579999477
3SEQ,triple_crossover,0.1,1,2,46,2,31,31,1,1.0,0.03225806451612903,30,0.6666666666666666,0.6726655582599158,1,4636.357541999985
RhizAeon,triple_crossover,0.05,10,17,55,2,3,12,10,1.0,1.0,0,0.0,0.6545,2,2251.272666000034
3SEQ,triple_crossover,0.05,10,17,55,2,55,55,10,1.0,0.18181818181818182,45,1.0,0.5615676428221806,1,5676.387707999993
RhizAeon,triple_crossover,0.05,10,15,55,2,2,18,10,1.0,1.0,0,0.0,0.9478809245927031,2,3478.670541999975
3SEQ,triple_crossover,0.05,10,15,55,2,55,55,10,1.0,0.18181818181818182,45,1.0,0.537155000792,2,5674.169333999998
RhizAeon,triple_crossover,0.1,1,3,46,2,1,1,1,1.0,1.0,0,0.0,0.961,1,1724.298875000045
3SEQ,triple_crossover,0.1,1,3,46,2,16,16,1,1.0,0.0625,15,0.3333333333333333,0.29148439700084483,2,4537.379499999986
RhizAeon,triple_crossover,0.05,10,16,55,2,1,10,10,1.0,1.0,0,0.0,0.9799118079372856,1,3300.054457999977
3SEQ,triple_crossover,0.05,10,16,55,2,55,55,10,1.0,0.18181818181818182,45,1.0,0.6133633055605959,2,5985.78570799998
RhizAeon,triple_crossover,0.05,10,18,55,2,2,10,10,1.0,1.0,0,0.0,0.577,1,3163.2065420000117
3SEQ,triple_crossover,0.05,10,18,55,2,55,55,10,1.0,0.18181818181818182,45,1.0,0.5147126873170331,1,5805.887125000027
RhizAeon,triple_crossover,0.05,10,19,55,2,2,12,10,1.0,1.0,0,0.0,0.9707459775719162,1,3063.340666999977
3SEQ,triple_crossover,0.05,10,19,55,2,55,55,10,1.0,0.18181818181818182,45,1.0,0.4288387609050072,2,5953.06341700001
RhizAeon,triple_crossover,0.1,1,4,46,2,2,2,1,1.0,1.0,0,0.0,0.591125,1,1731.5297499999929
3SEQ,triple_crossover,0.1,1,4,46,2,31,31,1,1.0,0.03225806451612903,30,0.6666666666666666,0.7299729528786336,1,4871.153042000004
RhizAeon,triple_crossover,0.1,1,6,46,2,1,1,1,1.0,1.0,0,0.0,0.0105,0,2037.587292000012
3SEQ,triple_crossover,0.1,1,6,46,2,44,44,1,1.0,0.022727272727272728,43,0.9555555555555556,0.5341714698668986,1,4303.592292000019
RhizAeon,triple_crossover,0.1,1,5,46,2,1,1,1,1.0,1.0,0,0.0,0.981,1,2214.5594169999754
3SEQ,triple_crossover,0.1,1,5,46,2,29,29,1,1.0,0.034482758620689655,28,0.6222222222222222,0.6271692506168882,1,4559.954709000011
RhizAeon,triple_crossover,0.1,1,8,46,2,2,2,1,1.0,1.0,0,0.0,0.46480901486988846,1,1946.4333330000159
3SEQ,triple_crossover,0.1,1,8,46,2,30,30,1,1.0,0.03333333333333333,29,0.6444444444444445,0.6240544763217849,1,4489.526000000013
RhizAeon,triple_crossover,0.1,1,7,46,2,1,1,1,1.0,1.0,0,0.0,0.0,0,2212.867458000005
3SEQ,triple_crossover,0.1,1,7,46,2,30,30,1,1.0,0.03333333333333333,29,0.6444444444444445,0.6626353101963646,1,4549.807041999998
RhizAeon,triple_crossover,0.1,1,9,46,2,2,2,1,1.0,1.0,0,0.0,0.48362499999999997,1,2117.5765420000516
3SEQ,triple_crossover,0.1,1,9,46,2,31,31,1,1.0,0.03225806451612903,30,0.6666666666666666,0.5736186899620097,2,4569.4352499999695
RhizAeon,triple_crossover,0.1,1,11,46,2,1,1,1,1.0,1.0,0,0.0,0.934,1,1887.7284170000053
3SEQ,triple_crossover,0.1,1,11,46,2,46,46,1,1.0,0.021739130434782608,45,1.0,0.5409639593036148,1,4620.870083
RhizAeon,triple_crossover,0.1,1,12,46,2,1,1,1,1.0,1.0,0,0.0,0.00525,0,1785.6049160000111
3SEQ,triple_crossover,0.1,1,12,46,2,46,46,1,1.0,0.021739130434782608,45,1.0,0.7707600622109191,1,4596.322208000003
RhizAeon,triple_crossover,0.1,1,10,46,2,2,2,1,1.0,1.0,0,0.0,0.48474999999999996,1,2768.608874999984
3SEQ,triple_crossover,0.1,1,10,46,2,18,18,1,1.0,0.05555555555555555,17,0.37777777777777777,0.1539284818067754,1,4781.627582999989
RhizAeon,triple_crossover,0.1,1,14,46,2,2,2,1,1.0,1.0,0,0.0,0.9962624378109453,2,1757.5288749999913
3SEQ,triple_crossover,0.1,1,14,46,2,31,31,1,1.0,0.03225806451612903,30,0.6666666666666666,0.751475123977691,2,4788.280499999984
RhizAeon,triple_crossover,0.1,1,15,46,2,2,2,1,1.0,1.0,0,0.0,0.9652509652509652,1,1751.665542000012
3SEQ,triple_crossover,0.1,1,15,46,2,17,17,1,1.0,0.058823529411764705,16,0.35555555555555557,0.8938188342148499,1,4909.86262499996
RhizAeon,triple_crossover,0.1,1,13,46,2,2,2,1,1.0,1.0,0,0.0,0.9967549900199602,2,2546.960375000026
3SEQ,triple_crossover,0.1,1,13,46,2,31,31,1,1.0,0.03225806451612903,30,0.6666666666666666,0.8875066064649852,2,5018.751582999983
RhizAeon,triple_crossover,0.1,1,16,46,2,2,2,1,1.0,1.0,0,0.0,0.9858510887091811,2,1665.8438750000073
3SEQ,triple_crossover,0.1,1,16,46,2,17,17,1,1.0,0.058823529411764705,16,0.35555555555555557,0.23995375276678518,2,5044.043791999968
RhizAeon,triple_crossover,0.1,1,17,46,2,2,2,1,1.0,1.0,0,0.0,0.9995002498750625,1,1986.1441250000098
3SEQ,triple_crossover,0.1,1,17,46,2,31,31,1,1.0,0.03225806451612903,30,0.6666666666666666,0.6208045054946773,2,4673.906459000023
RhizAeon,triple_crossover,0.1,1,18,46,2,1,1,1,1.0,1.0,0,0.0,0.04125,0,2195.9640829999785
3SEQ,triple_crossover,0.1,1,18,46,2,46,46,1,1.0,0.021739130434782608,45,1.0,0.4286166867793768,1,4480.543500000011
RhizAeon,triple_crossover,0.1,1,19,46,2,2,2,1,1.0,1.0,0,0.0,0.499,1,2201.4805839999667
3SEQ,triple_crossover,0.1,1,19,46,2,33,33,1,1.0,0.030303030303030304,32,0.7111111111111111,0.7142051327454072,1,4449.311000000023
RhizAeon,triple_crossover,0.1,5,0,50,2,2,3,3,0.6,1.0,0,0.0,0.508625,1,2715.004624999949
3SEQ,triple_crossover,0.1,5,0,50,2,50,50,5,1.0,0.1,45,1.0,0.6827193878014959,1,5841.61762499997
RhizAeon,triple_crossover,0.1,5,1,50,2,3,7,5,1.0,1.0,0,0.0,0.6510989843489843,1,2638.9832920000345
3SEQ,triple_crossover,0.1,5,1,50,2,39,39,5,1.0,0.1282051282051282,34,0.7555555555555555,0.46952975149876747,2,5859.071792000009
RhizAeon,triple_crossover,0.1,5,3,50,2,2,5,5,1.0,1.0,0,0.0,0.9850074962518741,1,2599.1117909999844
3SEQ,triple_crossover,0.1,5,3,50,2,35,35,5,1.0,0.14285714285714285,30,0.6666666666666666,0.3112782404276756,2,5737.425916999996
RhizAeon,triple_crossover,0.1,5,2,50,2,2,6,5,1.0,1.0,0,0.0,0.9870752847944526,2,2610.2994169999647
3SEQ,triple_crossover,0.1,5,2,50,2,50,50,5,1.0,0.1,45,1.0,0.44251443203803675,1,6022.839874999989
RhizAeon,triple_crossover,0.1,5,4,50,2,1,1,0,0.0,0.0,1,0.022222222222222223,0.9970089730807578,0,2549.246332999985
3SEQ,triple_crossover,0.1,5,4,50,2,34,34,5,1.0,0.14705882352941177,29,0.6444444444444445,0.6569431496238002,1,5869.324709000011
RhizAeon,triple_crossover,0.1,5,6,50,2,2,10,5,1.0,1.0,0,0.0,0.9930243296921549,2,2245.830082999987
3SEQ,triple_crossover,0.1,5,6,50,2,50,50,5,1.0,0.1,45,1.0,0.6779003839974348,2,5835.666500000002
RhizAeon,triple_crossover,0.1,5,5,50,2,2,10,5,1.0,1.0,0,0.0,0.9950223992035838,1,2460.491999999988
3SEQ,triple_crossover,0.1,5,5,50,2,49,49,5,1.0,0.10204081632653061,44,0.9777777777777777,0.4655842025479233,1,5840.695625000024
RhizAeon,triple_crossover,0.1,5,7,50,2,2,7,5,1.0,1.0,0,0.0,0.9826474962816063,1,2296.424333999994
3SEQ,triple_crossover,0.1,5,7,50,2,50,50,5,1.0,0.1,45,1.0,0.5396263958470982,1,6020.831499999986
RhizAeon,triple_crossover,0.1,5,8,50,2,2,8,5,1.0,1.0,0,0.0,0.9947912620662663,2,2172.7548750000096
3SEQ,triple_crossover,0.1,5,8,50,2,50,50,5,1.0,0.1,45,1.0,0.34423725613593453,2,6087.720915999967
RhizAeon,triple_crossover,0.1,5,10,50,2,2,9,5,1.0,1.0,0,0.0,0.9794443571108988,2,2280.47804199997
3SEQ,triple_crossover,0.1,5,10,50,2,33,33,5,1.0,0.15151515151515152,28,0.6222222222222222,0.5245502260981466,1,5837.267415999975
RhizAeon,triple_crossover,0.1,5,9,50,2,2,11,0,0.0,0.0,11,0.24444444444444444,0.9940357852882704,0,2278.0752920000396
3SEQ,triple_crossover,0.1,5,9,50,2,35,35,5,1.0,0.14285714285714285,30,0.6666666666666666,0.6954113924986824,1,6426.507208999965
RhizAeon,triple_crossover,0.1,5,11,50,2,2,6,5,1.0,1.0,0,0.0,0.999000999000999,1,2431.0029170000007
3SEQ,triple_crossover,0.1,5,11,50,2,35,35,5,1.0,0.14285714285714285,30,0.6666666666666666,0.4259918375333438,2,5880.803915999991
RhizAeon,triple_crossover,0.1,5,12,50,2,2,6,5,1.0,1.0,0,0.0,0.9945031172069826,2,2468.0321660000004
3SEQ,triple_crossover,0.1,5,12,50,2,50,50,5,1.0,0.1,45,1.0,0.5455206073070977,2,5781.123792000017
RhizAeon,triple_crossover,0.1,5,13,50,2,1,2,0,0.0,0.0,2,0.044444444444444446,0.0,0,2421.2155000000166
3SEQ,triple_crossover,0.1,5,13,50,2,20,20,5,1.0,0.25,15,0.3333333333333333,0.4286072166041694,1,5685.936959000002
RhizAeon,triple_crossover,0.1,5,14,50,2,1,1,0,0.0,0.0,1,0.022222222222222223,0.999,0,2407.517499999983
3SEQ,triple_crossover,0.1,5,14,50,2,49,49,5,1.0,0.10204081632653061,44,0.9777777777777777,0.5034748785515996,1,5710.887875000026
RhizAeon,triple_crossover,0.1,5,15,50,2,2,5,4,0.8,0.8,1,0.022222222222222223,0.9985,0,2313.5951670000168
3SEQ,triple_crossover,0.1,5,15,50,2,19,19,5,1.0,0.2631578947368421,14,0.3111111111111111,0.5307070339088682,2,5873.296917000005
RhizAeon,triple_crossover,0.1,5,16,50,2,1,4,4,0.8,1.0,0,0.0,0.0835,0,2400.8025829999724
3SEQ,triple_crossover,0.1,5,16,50,2,35,35,5,1.0,0.14285714285714285,30,0.6666666666666666,0.47638500301859554,1,5853.266582999993
RhizAeon,triple_crossover,0.1,5,17,50,2,2,6,5,1.0,1.0,0,0.0,0.496,1,2420.6339160000425
3SEQ,triple_crossover,0.1,5,17,50,2,20,20,5,1.0,0.25,15,0.3333333333333333,0.4067931711802073,2,6117.864707999956
RhizAeon,triple_crossover,0.1,5,18,50,2,2,4,4,0.8,1.0,0,0.0,0.875278729537173,1,2295.8362499999794
3SEQ,triple_crossover,0.1,5,18,50,2,36,36,5,1.0,0.1388888888888889,31,0.6888888888888889,0.5311428867597765,1,6298.723749999965
RhizAeon,triple_crossover,0.1,5,19,50,2,2,6,0,0.0,0.0,6,0.13333333333333333,0.5018750000000001,0,2192.5579999999627
3SEQ,triple_crossover,0.1,5,19,50,2,50,50,5,1.0,0.1,45,1.0,0.8425408535975749,1,6292.493417000003
RhizAeon,triple_crossover,0.1,10,0,55,2,3,7,7,0.7,1.0,0,0.0,0.660797619047619,2,3034.18712499996
3SEQ,triple_crossover,0.1,10,0,55,2,40,40,10,1.0,0.25,30,0.6666666666666666,0.6537336860576847,1,8159.577833000014
RhizAeon,triple_crossover,0.1,10,1,55,2,3,14,10,1.0,1.0,0,0.0,0.9941951974073225,2,3058.6881250000033
3SEQ,triple_crossover,0.1,10,1,55,2,55,55,10,1.0,0.18181818181818182,45,1.0,0.6718066342748271,1,7701.957666999988
RhizAeon,triple_crossover,0.1,10,2,55,2,2,15,10,1.0,0.6666666666666666,5,0.1111111111111111,0.9813417874396135,1,3062.294333000011
3SEQ,triple_crossover,0.1,10,2,55,2,34,34,10,1.0,0.29411764705882354,24,0.5333333333333333,0.6466123676906711,2,7823.897292000027
RhizAeon,triple_crossover,0.1,10,3,55,2,2,5,5,0.5,1.0,0,0.0,0.9977501249375312,2,3000.968541999953
3SEQ,triple_crossover,0.1,10,3,55,2,55,55,10,1.0,0.18181818181818182,45,1.0,0.7559201789095242,1,7565.8199160000095
RhizAeon,triple_crossover,0.1,10,4,55,2,2,20,10,1.0,1.0,0,0.0,0.35982446999640677,1,3299.888874999965
3SEQ,triple_crossover,0.1,10,4,55,2,40,40,10,1.0,0.25,30,0.6666666666666666,0.6806784746613146,1,7429.192666999996
RhizAeon,triple_crossover,0.1,10,5,55,2,1,10,10,1.0,1.0,0,0.0,0.9995,1,3288.4996250000427
3SEQ,triple_crossover,0.1,10,5,55,2,54,54,10,1.0,0.18518518518518517,44,0.9777777777777777,0.7355050410655151,2,7513.2506250000115
RhizAeon,triple_crossover,0.1,10,6,55,2,2,20,10,1.0,1.0,0,0.0,0.4790522030651341,1,3201.0781669999915
3SEQ,triple_crossover,0.1,10,6,55,2,40,40,10,1.0,0.25,30,0.6666666666666666,0.7269212499322332,1,7433.038416999978
RhizAeon,triple_crossover,0.1,10,7,55,2,2,11,10,1.0,1.0,0,0.0,0.9857072449482503,1,3042.1765410000035
3SEQ,triple_crossover,0.1,10,7,55,2,55,55,10,1.0,0.18181818181818182,45,1.0,0.5451909040058889,1,7559.376499999985
RhizAeon,triple_crossover,0.1,10,8,55,2,2,13,7,0.7,1.0,0,0.0,0.503375,1,2932.332207999991
3SEQ,triple_crossover,0.1,10,8,55,2,40,40,10,1.0,0.25,30,0.6666666666666666,0.4582045340681363,1,7704.096375000006
RhizAeon,triple_crossover,0.1,10,11,55,2,2,4,4,0.4,1.0,0,0.0,0.9891196834817013,1,2844.861957999967
3SEQ,triple_crossover,0.1,10,11,55,2,55,55,10,1.0,0.18181818181818182,45,1.0,0.5108701369278822,1,7472.127333000003
RhizAeon,triple_crossover,0.1,10,10,55,2,3,14,10,1.0,1.0,0,0.0,0.33111633663366336,1,2906.5438330000006
3SEQ,triple_crossover,0.1,10,10,55,2,25,25,10,1.0,0.4,15,0.3333333333333333,0.6882014804644266,2,7717.26745899997
RhizAeon,triple_crossover,0.1,10,9,55,2,2,14,9,0.9,1.0,0,0.0,0.9920634920634921,1,2945.3684580000186
3SEQ,triple_crossover,0.1,10,9,55,2,55,55,10,1.0,0.18181818181818182,45,1.0,0.5306350606253317,1,7867.8759170000485
RhizAeon,triple_crossover,0.1,10,12,55,2,1,10,10,1.0,1.0,0,0.0,0.9871350816427511,1,2796.3761249999948
3SEQ,triple_crossover,0.1,10,12,55,2,40,40,10,1.0,0.25,30,0.6666666666666666,0.7888106804129726,1,7207.427417000019
RhizAeon,triple_crossover,0.1,10,13,55,2,3,10,9,0.9,1.0,0,0.0,0.9375321760283061,2,2857.15245800003
3SEQ,triple_crossover,0.1,10,13,55,2,54,54,10,1.0,0.18518518518518517,44,0.9777777777777777,0.7262664236887469,2,6822.277874999998
RhizAeon,triple_crossover,0.1,10,14,55,2,2,6,0,0.0,0.0,6,0.13333333333333333,0.9965,0,2974.876666
3SEQ,triple_crossover,0.1,10,14,55,2,40,40,10,1.0,0.25,30,0.6666666666666666,0.6183484599932816,2,6667.115500000023
RhizAeon,triple_crossover,0.1,10,15,55,2,2,12,10,1.0,0.8333333333333334,2,0.044444444444444446,0.499875,1,2881.5787919999707
3SEQ,triple_crossover,0.1,10,15,55,2,40,40,10,1.0,0.25,30,0.6666666666666666,0.7575474760805015,1,6689.052458999981
RhizAeon,triple_crossover,0.1,10,17,55,2,1,10,10,1.0,1.0,0,0.0,0.0,0,2610.2227499999913
3SEQ,triple_crossover,0.1,10,17,55,2,39,39,10,1.0,0.2564102564102564,29,0.6444444444444445,0.5648250099020797,1,6147.1415000000325
RhizAeon,triple_crossover,0.1,10,18,55,2,2,14,7,0.7,0.5,7,0.15555555555555556,0.504125,0,2572.049124999978
3SEQ,triple_crossover,0.1,10,18,55,2,25,25,10,1.0,0.4,15,0.3333333333333333,0.6951903650352357,2,6303.939582999988
RhizAeon,triple_crossover,0.1,10,16,55,2,2,20,10,1.0,1.0,0,0.0,0.984240157480315,2,2702.682915999958
3SEQ,triple_crossover,0.1,10,16,55,2,43,43,10,1.0,0.23255813953488372,33,0.7333333333333333,0.3846621608816334,2,6386.351333999983
RhizAeon,triple_crossover,0.1,10,19,55,2,1,4,4,0.4,1.0,0,0.0,0.02025,0,2479.853165999998
3SEQ,triple_crossover,0.1,10,19,55,2,55,55,10,1.0,0.18181818181818182,45,1.0,0.40434510584324707,1,6188.121875000035
